ISO-10303-21;
HEADER;
/* Generated by software containing ST-Developer
 * from STEP Tools, Inc. (www.steptools.com) 
 */

FILE_DESCRIPTION(
/* description */ (''),
/* implementation_level */ '2;1');

FILE_NAME(
/* name */ 'P-TET-000101 M12 Body One Piece v1.step',
/* time_stamp */ '2025-04-21T12:18:59-07:00',
/* author */ (''),
/* organization */ (''),
/* preprocessor_version */ 'ST-DEVELOPER v20.1',
/* originating_system */ 'Autodesk Translation Framework v14.4.0.0',
/* authorisation */ '');

FILE_SCHEMA (('AUTOMOTIVE_DESIGN { 1 0 10303 214 3 1 1 }'));
ENDSEC;

DATA;
#10=MECHANICAL_DESIGN_GEOMETRIC_PRESENTATION_REPRESENTATION('',(#14,#15),
#11733);
#11=SHAPE_REPRESENTATION_RELATIONSHIP('SRR','None',#11740,#12);
#12=ADVANCED_BREP_SHAPE_REPRESENTATION('',(#6028,#13),#11732);
#13=MANIFOLD_SOLID_BREP('Body1',#6027);
#14=STYLED_ITEM('',(#11750),#6028);
#15=STYLED_ITEM('',(#11750),#13);
#16=ORIENTED_CLOSED_SHELL('',*,#6026,.F.);
#17=(
BOUNDED_CURVE()
B_SPLINE_CURVE(2,(#11679,#11680,#11681),.UNSPECIFIED.,.F.,.F.)
B_SPLINE_CURVE_WITH_KNOTS((3,3),(0.,0.060478717679505),.UNSPECIFIED.)
CURVE()
GEOMETRIC_REPRESENTATION_ITEM()
RATIONAL_B_SPLINE_CURVE((1.,1.00116269285089,1.))
REPRESENTATION_ITEM('')
);
#18=(
BOUNDED_CURVE()
B_SPLINE_CURVE(2,(#11715,#11716,#11717),.UNSPECIFIED.,.F.,.F.)
B_SPLINE_CURVE_WITH_KNOTS((3,3),(0.,0.060478717679505),.UNSPECIFIED.)
CURVE()
GEOMETRIC_REPRESENTATION_ITEM()
RATIONAL_B_SPLINE_CURVE((1.,1.00116269285084,1.))
REPRESENTATION_ITEM('')
);
#19=SPHERICAL_SURFACE('',#6348,1.99999999999999);
#20=SPHERICAL_SURFACE('',#6355,2.);
#21=CONICAL_SURFACE('',#6236,11.8585,0.785398163397343);
#22=CONICAL_SURFACE('',#6473,5.922,0.785398163397437);
#23=CONICAL_SURFACE('',#6485,5.922,0.785398163397437);
#24=FACE_BOUND('',#850,.T.);
#25=FACE_BOUND('',#851,.T.);
#26=FACE_BOUND('',#852,.T.);
#27=FACE_BOUND('',#853,.T.);
#28=FACE_BOUND('',#939,.T.);
#29=FACE_BOUND('',#940,.T.);
#30=FACE_BOUND('',#950,.T.);
#31=FACE_BOUND('',#951,.T.);
#32=FACE_BOUND('',#952,.T.);
#33=FACE_BOUND('',#953,.T.);
#34=TOROIDAL_SURFACE('',#6146,11.5584999999999,0.2);
#35=TOROIDAL_SURFACE('',#6153,1.97,0.2);
#36=TOROIDAL_SURFACE('',#6168,1.96999999999997,0.2);
#37=TOROIDAL_SURFACE('',#6175,11.5584999999999,0.2);
#38=TOROIDAL_SURFACE('',#6353,23.,2.);
#39=TOROIDAL_SURFACE('',#6359,23.,2.);
#40=ELLIPSE('',#6061,0.68163818178413,0.306619257614203);
#41=ELLIPSE('',#6062,0.681638181800632,0.306619257621198);
#42=ELLIPSE('',#6063,0.596960416273129,0.270594493202329);
#43=ELLIPSE('',#6067,33.587572106361,23.75);
#44=ELLIPSE('',#6068,33.587572106361,23.75);
#45=ELLIPSE('',#6088,2.07547018140959,2.);
#46=ELLIPSE('',#6125,2.07547018140959,2.);
#47=ELLIPSE('',#6151,0.257642567055429,0.2);
#48=ELLIPSE('',#6163,8.19524524869665,1.77);
#49=ELLIPSE('',#6172,0.25764256705543,0.2);
#50=ELLIPSE('',#6204,4.3497869088546,1.85581904058192);
#51=ELLIPSE('',#6206,3.98624812039136,1.53770621383391);
#52=ELLIPSE('',#6209,24.6146227252913,9.90142445410587);
#53=ELLIPSE('',#6212,4.34978690891073,1.85581904063825);
#54=ELLIPSE('',#6213,3.98624812162485,1.53770621478617);
#55=ELLIPSE('',#6215,24.6146227300862,9.90142445704603);
#56=ELLIPSE('',#6217,8.19524524869655,1.76999999999997);
#57=ELLIPSE('',#6218,6.78673815723271,3.47965945309322);
#58=ELLIPSE('',#6222,24.2460661111709,23.);
#59=ELLIPSE('',#6227,8.2690859393497,5.17438655101794);
#60=ELLIPSE('',#6233,24.2460661111709,23.);
#61=ELLIPSE('',#6235,24.2450255349539,23.);
#62=ELLIPSE('',#6243,6.54926808886003,5.33908551111168);
#63=ELLIPSE('',#6249,6.89980117446165,5.57130008970258);
#64=ELLIPSE('',#6257,2.07547018140959,2.);
#65=ELLIPSE('',#6260,2.07547018140959,2.);
#66=ELLIPSE('',#6270,2.00065964937599,2.);
#67=ELLIPSE('',#6271,2.07547018140959,2.);
#68=ELLIPSE('',#6288,2.07547018140959,2.);
#69=ELLIPSE('',#6289,2.00065964937599,2.);
#70=ELLIPSE('',#6320,2.47487373415292,1.75);
#71=ELLIPSE('',#6321,2.47487373415292,1.75);
#72=ELLIPSE('',#6334,2.47487373415292,1.75);
#73=ELLIPSE('',#6335,2.47487373415292,1.75);
#74=ELLIPSE('',#6344,32.5269119345812,23.);
#75=ELLIPSE('',#6345,32.5269119345812,23.);
#76=ELLIPSE('',#6352,33.9705755029261,25.);
#77=ELLIPSE('',#6361,33.9705755029261,25.);
#78=ELLIPSE('',#6414,2.29761141083219,2.);
#79=ELLIPSE('',#6417,26.1499763516254,25.);
#80=ELLIPSE('',#6418,24.2450255349539,23.);
#81=ELLIPSE('',#6420,26.1509411277542,25.);
#82=ELLIPSE('',#6423,8.29952870304522,5.51080262538126);
#83=ELLIPSE('',#6424,7.96286712303033,5.30483476394119);
#84=ELLIPSE('',#6425,4.83838848348666,3.2181888754016);
#85=ELLIPSE('',#6427,2.33391374587565,2.);
#86=ELLIPSE('',#6428,2.2976114108322,2.);
#87=ELLIPSE('',#6433,2.33391374587565,2.);
#88=ELLIPSE('',#6437,5.36949614731159,3.69727155991558);
#89=ELLIPSE('',#6438,60.3373039960009,18.6043267252672);
#90=ELLIPSE('',#6440,26.1499763516254,25.);
#91=ELLIPSE('',#6441,26.1509411277542,25.);
#92=B_SPLINE_SURFACE_WITH_KNOTS('',3,1,((#8060,#8061),(#8062,#8063),(#8064,
#8065),(#8066,#8067),(#8068,#8069),(#8070,#8071),(#8072,#8073),(#8074,#8075),
(#8076,#8077),(#8078,#8079),(#8080,#8081),(#8082,#8083),(#8084,#8085)),
 .UNSPECIFIED.,.F.,.F.,.F.,(4,2,3,2,2,4),(2,2),(-1.25960267193962,-1.0535620864401,
-0.785398163397431,-0.517234240354758,-0.0881719634864812,1.29757316003065E-14),
(0.,0.12),.UNSPECIFIED.);
#93=B_SPLINE_SURFACE_WITH_KNOTS('',3,1,((#8136,#8137),(#8138,#8139),(#8140,
#8141),(#8142,#8143),(#8144,#8145),(#8146,#8147),(#8148,#8149),(#8150,#8151),
(#8152,#8153),(#8154,#8155),(#8156,#8157),(#8158,#8159),(#8160,#8161)),
 .UNSPECIFIED.,.F.,.F.,.F.,(4,2,3,2,2,4),(2,2),(-1.25960267193962,-1.0535620864401,
-0.785398163397431,-0.517234240354758,-0.0881719634864812,1.29757316003065E-14),
(0.,0.12),.UNSPECIFIED.);
#94=B_SPLINE_SURFACE_WITH_KNOTS('',3,1,((#8193,#8194),(#8195,#8196),(#8197,
#8198),(#8199,#8200),(#8201,#8202),(#8203,#8204)),.UNSPECIFIED.,.F.,.F.,
 .F.,(4,2,4),(2,2),(-1.57079632679488,-1.41519949936694,-1.25960267193901),
(0.,0.12),.UNSPECIFIED.);
#95=B_SPLINE_SURFACE_WITH_KNOTS('',3,1,((#8229,#8230),(#8231,#8232),(#8233,
#8234),(#8235,#8236),(#8237,#8238),(#8239,#8240)),.UNSPECIFIED.,.F.,.F.,
 .F.,(4,2,4),(2,2),(1.25960267193901,1.41519949936694,1.57079632679488),
(0.,0.12),.UNSPECIFIED.);
#96=B_SPLINE_SURFACE_WITH_KNOTS('',3,1,((#8268,#8269),(#8270,#8271),(#8272,
#8273),(#8274,#8275),(#8276,#8277),(#8278,#8279),(#8280,#8281),(#8282,#8283),
(#8284,#8285),(#8286,#8287),(#8288,#8289),(#8290,#8291),(#8292,#8293)),
 .UNSPECIFIED.,.F.,.F.,.F.,(4,2,2,3,2,4),(2,2),(-8.53483950180589E-15,0.0881719634864863,
0.517234240354762,0.785398163397434,1.05356208644011,1.25960267193962),
(0.,0.12),.UNSPECIFIED.);
#97=B_SPLINE_SURFACE_WITH_KNOTS('',3,3,((#8483,#8484,#8485,#8486,#8487,
#8488),(#8489,#8490,#8491,#8492,#8493,#8494),(#8495,#8496,#8497,#8498,#8499,
#8500),(#8501,#8502,#8503,#8504,#8505,#8506)),.UNSPECIFIED.,.F.,.F.,.F.,
(4,4),(4,1,1,4),(0.,1.),(-1.37717062228702E-14,0.269914858273385,0.539829716546784,
1.25960267194251),.UNSPECIFIED.);
#98=B_SPLINE_SURFACE_WITH_KNOTS('',3,3,((#8517,#8518,#8519,#8520,#8521,
#8522),(#8523,#8524,#8525,#8526,#8527,#8528),(#8529,#8530,#8531,#8532,#8533,
#8534),(#8535,#8536,#8537,#8538,#8539,#8540)),.UNSPECIFIED.,.F.,.F.,.F.,
(4,4),(4,1,1,4),(0.,1.),(-1.25960267194251,-0.719772955395719,-0.359886477697855,
8.88178419700125E-15),.UNSPECIFIED.);
#99=B_SPLINE_SURFACE_WITH_KNOTS('',3,3,((#9259,#9260,#9261,#9262),(#9263,
#9264,#9265,#9266),(#9267,#9268,#9269,#9270),(#9271,#9272,#9273,#9274)),
 .UNSPECIFIED.,.F.,.F.,.F.,(4,4),(4,4),(0.,1.00003058742114),(0.719383615064631,
1.3661182911607),.UNSPECIFIED.);
#100=B_SPLINE_SURFACE_WITH_KNOTS('',3,3,((#9291,#9292,#9293,#9294),(#9295,
#9296,#9297,#9298),(#9299,#9300,#9301,#9302),(#9303,#9304,#9305,#9306)),
 .UNSPECIFIED.,.F.,.F.,.F.,(4,4),(4,4),(0.,1.),(1.3661182911607,1.57079632679495),
 .UNSPECIFIED.);
#101=B_SPLINE_SURFACE_WITH_KNOTS('',3,3,((#9308,#9309,#9310,#9311,#9312,
#9313,#9314,#9315,#9316),(#9317,#9318,#9319,#9320,#9321,#9322,#9323,#9324,
#9325),(#9326,#9327,#9328,#9329,#9330,#9331,#9332,#9333,#9334),(#9335,#9336,
#9337,#9338,#9339,#9340,#9341,#9342,#9343)),.UNSPECIFIED.,.F.,.F.,.F.,(4,
4),(4,1,1,1,1,1,4),(0.,1.00003186557423),(-1.57082819236903,-1.18703307208595,
-0.803269817377098,-0.547427647571197,-0.291585477765297,-0.035743307959397,
0.220130727420733),.UNSPECIFIED.);
#102=B_SPLINE_SURFACE_WITH_KNOTS('',3,3,((#9426,#9427,#9428,#9429),(#9430,
#9431,#9432,#9433),(#9434,#9435,#9436,#9437),(#9438,#9439,#9440,#9441)),
 .UNSPECIFIED.,.F.,.F.,.F.,(4,4),(4,4),(0.,1.),(2.96797267727414,3.05396474475992),
 .UNSPECIFIED.);
#103=B_SPLINE_SURFACE_WITH_KNOTS('',3,3,((#9463,#9464,#9465,#9466),(#9467,
#9468,#9469,#9470),(#9471,#9472,#9473,#9474),(#9475,#9476,#9477,#9478)),
 .UNSPECIFIED.,.F.,.F.,.F.,(4,4),(4,4),(0.,1.),(-2.18249230328022,-2.16371799046585),
 .UNSPECIFIED.);
#104=B_SPLINE_SURFACE_WITH_KNOTS('',3,3,((#9531,#9532,#9533,#9534),(#9535,
#9536,#9537,#9538),(#9539,#9540,#9541,#9542),(#9543,#9544,#9545,#9546)),
 .UNSPECIFIED.,.F.,.F.,.F.,(4,4),(4,4),(0.,1.),(-1.19450739234968,-0.950539834378084),
 .UNSPECIFIED.);
#105=B_SPLINE_SURFACE_WITH_KNOTS('',3,3,((#9594,#9595,#9596,#9597,#9598,
#9599,#9600,#9601,#9602),(#9603,#9604,#9605,#9606,#9607,#9608,#9609,#9610,
#9611),(#9612,#9613,#9614,#9615,#9616,#9617,#9618,#9619,#9620),(#9621,#9622,
#9623,#9624,#9625,#9626,#9627,#9628,#9629)),.UNSPECIFIED.,.F.,.F.,.F.,(4,
4),(4,1,1,1,1,1,4),(0.,1.),(-0.220098861846505,-0.0282172344920777,0.0357433079593982,
0.291585477765302,0.547427647571205,1.05911198718301,1.57079632679482),
 .UNSPECIFIED.);
#106=B_SPLINE_SURFACE_WITH_KNOTS('',3,3,((#9654,#9655,#9656,#9657),(#9658,
#9659,#9660,#9661),(#9662,#9663,#9664,#9665),(#9666,#9667,#9668,#9669)),
 .UNSPECIFIED.,.F.,.F.,.F.,(4,4),(4,4),(0.,1.),(2.06067654233422,2.0794508551486),
 .UNSPECIFIED.);
#107=B_SPLINE_SURFACE_WITH_KNOTS('',3,3,((#9684,#9685,#9686,#9687),(#9688,
#9689,#9690,#9691),(#9692,#9693,#9694,#9695),(#9696,#9697,#9698,#9699)),
 .UNSPECIFIED.,.F.,.F.,.F.,(4,4),(4,4),(0.,1.),(-3.08496880493227,-2.99897673744649),
 .UNSPECIFIED.);
#108=B_SPLINE_SURFACE_WITH_KNOTS('',3,3,((#9707,#9708,#9709,#9710),(#9711,
#9712,#9713,#9714),(#9715,#9716,#9717,#9718),(#9719,#9720,#9721,#9722)),
 .UNSPECIFIED.,.F.,.F.,.F.,(4,4),(4,4),(0.,1.00005243164791),(-1.36611829116065,
-0.71938361506467),.UNSPECIFIED.);
#109=B_SPLINE_SURFACE_WITH_KNOTS('',3,3,((#9743,#9744,#9745,#9746),(#9747,
#9748,#9749,#9750),(#9751,#9752,#9753,#9754),(#9755,#9756,#9757,#9758)),
 .UNSPECIFIED.,.F.,.F.,.F.,(4,4),(4,4),(0.,1.),(-1.5707963267949,-1.36611829116065),
 .UNSPECIFIED.);
#110=B_SPLINE_SURFACE_WITH_KNOTS('',3,3,((#9810,#9811,#9812,#9813),(#9814,
#9815,#9816,#9817),(#9818,#9819,#9820,#9821),(#9822,#9823,#9824,#9825)),
 .UNSPECIFIED.,.F.,.F.,.F.,(4,4),(4,4),(-3.16244970979256E-7,1.),(-2.03763397206147,
-1.56205840851315),.UNSPECIFIED.);
#111=B_SPLINE_SURFACE_WITH_KNOTS('',3,3,((#9842,#9843,#9844,#9845),(#9846,
#9847,#9848,#9849),(#9850,#9851,#9852,#9853),(#9854,#9855,#9856,#9857)),
 .UNSPECIFIED.,.F.,.F.,.F.,(4,4),(4,4),(0.,1.),(-2.58517371868529,-1.99791183551761),
 .UNSPECIFIED.);
#112=B_SPLINE_SURFACE_WITH_KNOTS('',3,3,((#9866,#9867,#9868,#9869),(#9870,
#9871,#9872,#9873),(#9874,#9875,#9876,#9877),(#9878,#9879,#9880,#9881)),
 .UNSPECIFIED.,.F.,.F.,.F.,(4,4),(4,4),(0.,1.),(-1.56206913146069,-1.01607485501971),
 .UNSPECIFIED.);
#113=B_SPLINE_SURFACE_WITH_KNOTS('',3,3,((#9900,#9901,#9902,#9903),(#9904,
#9905,#9906,#9907),(#9908,#9909,#9910,#9911),(#9912,#9913,#9914,#9915)),
 .UNSPECIFIED.,.F.,.F.,.F.,(4,4),(4,4),(0.,1.),(-1.01607485501971,-0.992053820387379),
 .UNSPECIFIED.);
#114=B_SPLINE_SURFACE_WITH_KNOTS('',3,3,((#9953,#9954,#9955,#9956),(#9957,
#9958,#9959,#9960),(#9961,#9962,#9963,#9964),(#9965,#9966,#9967,#9968)),
 .UNSPECIFIED.,.F.,.F.,.F.,(4,4),(4,4),(-3.16244991117598E-7,1.),(-1.57953424507664,
-1.10395868204452),.UNSPECIFIED.);
#115=B_SPLINE_SURFACE_WITH_KNOTS('',3,3,((#9985,#9986,#9987,#9988),(#9989,
#9990,#9991,#9992),(#9993,#9994,#9995,#9996),(#9997,#9998,#9999,#10000)),
 .UNSPECIFIED.,.F.,.F.,.F.,(4,4),(4,4),(0.,1.),(-2.12551779857008,-1.5795235221291),
 .UNSPECIFIED.);
#116=B_SPLINE_SURFACE_WITH_KNOTS('',3,3,((#10009,#10010,#10011,#10012),
(#10013,#10014,#10015,#10016),(#10017,#10018,#10019,#10020),(#10021,#10022,
#10023,#10024)),.UNSPECIFIED.,.F.,.F.,.F.,(4,4),(4,4),(0.,1.),(-1.14368081807219,
-0.556418934904514),.UNSPECIFIED.);
#117=B_SPLINE_SURFACE_WITH_KNOTS('',3,3,((#10031,#10032,#10033,#10034),
(#10035,#10036,#10037,#10038),(#10039,#10040,#10041,#10042),(#10043,#10044,
#10045,#10046)),.UNSPECIFIED.,.F.,.F.,.F.,(4,4),(4,4),(0.,1.),(-2.14953883320242,
-2.12551779857008),.UNSPECIFIED.);
#118=B_SPLINE_SURFACE_WITH_KNOTS('',3,3,((#10080,#10081,#10082,#10083),
(#10084,#10085,#10086,#10087),(#10088,#10089,#10090,#10091),(#10092,#10093,
#10094,#10095)),.UNSPECIFIED.,.F.,.F.,.F.,(4,4),(4,4),(0.,1.),(0.950539834378082,
1.19450739234968),.UNSPECIFIED.);
#119=B_SPLINE_SURFACE_WITH_KNOTS('',3,3,((#10142,#10143,#10144,#10145),
(#10146,#10147,#10148,#10149),(#10150,#10151,#10152,#10153),(#10154,#10155,
#10156,#10157)),.UNSPECIFIED.,.F.,.F.,.F.,(4,4),(4,4),(0.,1.),(-0.126860649423552,
-0.111575582710217),.UNSPECIFIED.);
#120=B_SPLINE_SURFACE_WITH_KNOTS('',3,3,((#10166,#10167,#10168,#10169,#10170,
#10171,#10172,#10173,#10174,#10175,#10176,#10177),(#10178,#10179,#10180,
#10181,#10182,#10183,#10184,#10185,#10186,#10187,#10188,#10189),(#10190,
#10191,#10192,#10193,#10194,#10195,#10196,#10197,#10198,#10199,#10200,#10201),
(#10202,#10203,#10204,#10205,#10206,#10207,#10208,#10209,#10210,#10211,
#10212,#10213)),.UNSPECIFIED.,.F.,.F.,.F.,(4,4),(4,2,2,2,2,4),(0.,1.),(-0.503877303220506,
-0.308192396331511,-0.255632224305137,-0.209335224298905,-0.169838578776792,
-0.126861728473092),.UNSPECIFIED.);
#121=B_SPLINE_SURFACE_WITH_KNOTS('',3,3,((#10263,#10264,#10265,#10266),
(#10267,#10268,#10269,#10270),(#10271,#10272,#10273,#10274),(#10275,#10276,
#10277,#10278)),.UNSPECIFIED.,.F.,.F.,.F.,(4,4),(4,4),(0.,1.),(-0.565688609702982,
-0.503877303220506),.UNSPECIFIED.);
#122=B_SPLINE_SURFACE_WITH_KNOTS('',3,3,((#10290,#10291,#10292,#10293),
(#10294,#10295,#10296,#10297),(#10298,#10299,#10300,#10301),(#10302,#10303,
#10304,#10305)),.UNSPECIFIED.,.F.,.F.,.F.,(4,4),(4,4),(0.,1.),(-0.111575582710217,
-0.0305534676291186),.UNSPECIFIED.);
#123=B_SPLINE_SURFACE_WITH_KNOTS('',3,3,((#10326,#10327,#10328,#10329,#10330,
#10331,#10332),(#10333,#10334,#10335,#10336,#10337,#10338,#10339),(#10340,
#10341,#10342,#10343,#10344,#10345,#10346),(#10347,#10348,#10349,#10350,
#10351,#10352,#10353)),.UNSPECIFIED.,.F.,.F.,.F.,(4,4),(4,3,4),(0.,0.364183686499841),
(-0.0305534676291193,0.,0.101043148691711),.UNSPECIFIED.);
#124=B_SPLINE_SURFACE_WITH_KNOTS('',3,3,((#10372,#10373,#10374,#10375),
(#10376,#10377,#10378,#10379),(#10380,#10381,#10382,#10383),(#10384,#10385,
#10386,#10387)),.UNSPECIFIED.,.F.,.F.,.F.,(4,4),(4,4),(0.,1.),(0.,0.0619794201288184),
 .UNSPECIFIED.);
#125=B_SPLINE_SURFACE_WITH_KNOTS('',3,3,((#10400,#10401,#10402,#10403,#10404,
#10405,#10406,#10407,#10408,#10409,#10410,#10411),(#10412,#10413,#10414,
#10415,#10416,#10417,#10418,#10419,#10420,#10421,#10422,#10423),(#10424,
#10425,#10426,#10427,#10428,#10429,#10430,#10431,#10432,#10433,#10434,#10435),
(#10436,#10437,#10438,#10439,#10440,#10441,#10442,#10443,#10444,#10445,
#10446,#10447)),.UNSPECIFIED.,.F.,.F.,.F.,(4,4),(4,2,2,2,2,4),(0.,1.),(-0.378372868783005,
-0.335330726621675,-0.259785555895292,-0.249201904581208,-0.196413616925704,
2.0640723349119E-6),.UNSPECIFIED.);
#126=B_SPLINE_SURFACE_WITH_KNOTS('',3,3,((#10481,#10482,#10483,#10484,#10485,
#10486),(#10487,#10488,#10489,#10490,#10491,#10492),(#10493,#10494,#10495,
#10496,#10497,#10498),(#10499,#10500,#10501,#10502,#10503,#10504)),
 .UNSPECIFIED.,.F.,.F.,.F.,(4,4),(4,2,4),(0.,1.),(-0.393656650697185,-0.384692486540142,
-0.378372868783005),.UNSPECIFIED.);
#127=B_SPLINE_SURFACE_WITH_KNOTS('',3,3,((#10510,#10511,#10512,#10513),
(#10514,#10515,#10516,#10517),(#10518,#10519,#10520,#10521),(#10522,#10523,
#10524,#10525)),.UNSPECIFIED.,.F.,.F.,.F.,(4,4),(4,4),(0.,1.),(-0.474759482182142,
-0.393656650697183),.UNSPECIFIED.);
#128=B_SPLINE_SURFACE_WITH_KNOTS('',3,3,((#10537,#10538,#10539,#10540,#10541,
#10542,#10543),(#10544,#10545,#10546,#10547,#10548,#10549,#10550),(#10551,
#10552,#10553,#10554,#10555,#10556,#10557),(#10558,#10559,#10560,#10561,
#10562,#10563,#10564)),.UNSPECIFIED.,.F.,.F.,.F.,(4,4),(4,3,4),(0.,0.364183686499984),
(-0.606749588119151,-0.50539263309237,-0.47475948218214),.UNSPECIFIED.);
#129=B_SPLINE_SURFACE_WITH_KNOTS('',3,1,((#10623,#10624),(#10625,#10626),
(#10627,#10628),(#10629,#10630),(#10631,#10632),(#10633,#10634),(#10635,
#10636)),.UNSPECIFIED.,.F.,.F.,.F.,(4,3,4),(2,2),(-1.5707963267949,-0.297696699522344,
0.),(0.,0.12),.UNSPECIFIED.);
#130=B_SPLINE_SURFACE_WITH_KNOTS('',3,1,((#10648,#10649),(#10650,#10651),
(#10652,#10653),(#10654,#10655),(#10656,#10657),(#10658,#10659),(#10660,
#10661)),.UNSPECIFIED.,.F.,.F.,.F.,(4,3,4),(2,2),(-2.54171791438902E-16,
1.35149953347057,1.57079632679489),(0.,0.12),.UNSPECIFIED.);
#131=B_SPLINE_SURFACE_WITH_KNOTS('',3,3,((#10934,#10935,#10936,#10937,#10938),
(#10939,#10940,#10941,#10942,#10943),(#10944,#10945,#10946,#10947,#10948),
(#10949,#10950,#10951,#10952,#10953)),.UNSPECIFIED.,.F.,.F.,.F.,(4,4),(4,
1,4),(0.,1.),(-0.410200888786493,-0.00984129195879002,0.290428405661987),
 .UNSPECIFIED.);
#132=B_SPLINE_SURFACE_WITH_KNOTS('',3,3,((#10963,#10964,#10965,#10966),
(#10967,#10968,#10969,#10970),(#10971,#10972,#10973,#10974),(#10975,#10976,
#10977,#10978)),.UNSPECIFIED.,.F.,.F.,.F.,(4,4),(4,4),(0.,1.),(-0.641084965564408,
-0.410200888786235),.UNSPECIFIED.);
#133=B_SPLINE_SURFACE_WITH_KNOTS('',3,3,((#10991,#10992,#10993,#10994),
(#10995,#10996,#10997,#10998),(#10999,#11000,#11001,#11002),(#11003,#11004,
#11005,#11006)),.UNSPECIFIED.,.F.,.F.,.F.,(4,4),(4,4),(0.,1.),(0.290428405626397,
0.464855680615245),.UNSPECIFIED.);
#134=B_SPLINE_SURFACE_WITH_KNOTS('',3,3,((#11011,#11012,#11013,#11014,#11015),
(#11016,#11017,#11018,#11019,#11020),(#11021,#11022,#11023,#11024,#11025),
(#11026,#11027,#11028,#11029,#11030)),.UNSPECIFIED.,.F.,.F.,.F.,(4,4),(4,
1,4),(0.,1.),(-0.290428405661989,0.00984129195878769,0.41020088878649),
 .UNSPECIFIED.);
#135=B_SPLINE_SURFACE_WITH_KNOTS('',3,3,((#11040,#11041,#11042,#11043),
(#11044,#11045,#11046,#11047),(#11048,#11049,#11050,#11051),(#11052,#11053,
#11054,#11055)),.UNSPECIFIED.,.F.,.F.,.F.,(4,4),(4,4),(0.,1.),(-0.464855680615239,
-0.2904284056264),.UNSPECIFIED.);
#136=B_SPLINE_SURFACE_WITH_KNOTS('',3,3,((#11060,#11061,#11062,#11063),
(#11064,#11065,#11066,#11067),(#11068,#11069,#11070,#11071),(#11072,#11073,
#11074,#11075)),.UNSPECIFIED.,.F.,.F.,.F.,(4,4),(4,4),(0.,1.),(0.410200888786236,
0.641084965564405),.UNSPECIFIED.);
#137=B_SPLINE_SURFACE_WITH_KNOTS('',3,3,((#11105,#11106,#11107,#11108),
(#11109,#11110,#11111,#11112),(#11113,#11114,#11115,#11116),(#11117,#11118,
#11119,#11120),(#11121,#11122,#11123,#11124)),.UNSPECIFIED.,.F.,.F.,.F.,
(4,1,4),(4,4),(0.,0.571428571428571,1.00006348921376),(0.884039866467275,
1.10215885953241),.UNSPECIFIED.);
#138=B_SPLINE_SURFACE_WITH_KNOTS('',3,3,((#11135,#11136,#11137,#11138),
(#11139,#11140,#11141,#11142),(#11143,#11144,#11145,#11146),(#11147,#11148,
#11149,#11150),(#11151,#11152,#11153,#11154)),.UNSPECIFIED.,.F.,.F.,.F.,
(4,1,4),(4,4),(0.,0.571428571428571,1.00006348921376),(-1.10215885953241,
-0.884039866467273),.UNSPECIFIED.);
#139=B_SPLINE_SURFACE_WITH_KNOTS('',3,3,((#11286,#11287,#11288,#11289),
(#11290,#11291,#11292,#11293),(#11294,#11295,#11296,#11297),(#11298,#11299,
#11300,#11301)),.UNSPECIFIED.,.F.,.F.,.F.,(4,4),(4,4),(0.,1.),(1.25960267193901,
1.57079632679488),.UNSPECIFIED.);
#140=B_SPLINE_SURFACE_WITH_KNOTS('',3,3,((#11306,#11307,#11308,#11309),
(#11310,#11311,#11312,#11313),(#11314,#11315,#11316,#11317),(#11318,#11319,
#11320,#11321)),.UNSPECIFIED.,.F.,.F.,.F.,(4,4),(4,4),(0.,1.),(-1.57079632679488,
-1.25960267193901),.UNSPECIFIED.);
#141=B_SPLINE_SURFACE_WITH_KNOTS('',3,3,((#11351,#11352,#11353,#11354),
(#11355,#11356,#11357,#11358),(#11359,#11360,#11361,#11362),(#11363,#11364,
#11365,#11366),(#11367,#11368,#11369,#11370)),.UNSPECIFIED.,.F.,.F.,.F.,
(4,1,4),(4,4),(0.,0.571428571428571,1.),(-1.5707963267949,-1.52876227430671),
 .UNSPECIFIED.);
#142=B_SPLINE_SURFACE_WITH_KNOTS('',3,3,((#11381,#11382,#11383,#11384,#11385),
(#11386,#11387,#11388,#11389,#11390),(#11391,#11392,#11393,#11394,#11395),
(#11396,#11397,#11398,#11399,#11400),(#11401,#11402,#11403,#11404,#11405),
(#11406,#11407,#11408,#11409,#11410)),.UNSPECIFIED.,.F.,.F.,.F.,(4,1,1,
4),(4,1,4),(-0.000585586515749674,0.285714285714286,0.571428571428571,1.00006194473936),
(-1.52934256576408,-1.16038574937775,-0.883517769165285),.UNSPECIFIED.);
#143=B_SPLINE_SURFACE_WITH_KNOTS('',3,3,((#11413,#11414,#11415,#11416,#11417,
#11418,#11419,#11420),(#11421,#11422,#11423,#11424,#11425,#11426,#11427,
#11428),(#11429,#11430,#11431,#11432,#11433,#11434,#11435,#11436),(#11437,
#11438,#11439,#11440,#11441,#11442,#11443,#11444),(#11445,#11446,#11447,
#11448,#11449,#11450,#11451,#11452),(#11453,#11454,#11455,#11456,#11457,
#11458,#11459,#11460)),.UNSPECIFIED.,.F.,.F.,.F.,(4,1,1,4),(4,2,2,4),(-2.59295380430256E-6,
0.285714285714286,0.571428571428571,1.),(-0.718569104551353,-0.358964827974296,
-0.176259558880486,0.),.UNSPECIFIED.);
#144=B_SPLINE_SURFACE_WITH_KNOTS('',3,3,((#11480,#11481,#11482,#11483,#11484,
#11485,#11486,#11487),(#11488,#11489,#11490,#11491,#11492,#11493,#11494,
#11495),(#11496,#11497,#11498,#11499,#11500,#11501,#11502,#11503),(#11504,
#11505,#11506,#11507,#11508,#11509,#11510,#11511),(#11512,#11513,#11514,
#11515,#11516,#11517,#11518,#11519),(#11520,#11521,#11522,#11523,#11524,
#11525,#11526,#11527)),.UNSPECIFIED.,.F.,.F.,.F.,(4,1,1,4),(4,2,2,4),(0.,
0.285714285714286,0.571428571428571,1.),(-0.718369631502418,-0.542487304542015,
-0.359988663579375,0.),.UNSPECIFIED.);
#145=B_SPLINE_SURFACE_WITH_KNOTS('',3,3,((#11537,#11538,#11539,#11540),
(#11541,#11542,#11543,#11544),(#11545,#11546,#11547,#11548),(#11549,#11550,
#11551,#11552),(#11553,#11554,#11555,#11556)),.UNSPECIFIED.,.F.,.F.,.F.,
(4,1,4),(4,4),(0.,0.571428571428571,1.),(1.52876227430671,1.5707963267949),
 .UNSPECIFIED.);
#146=B_SPLINE_SURFACE_WITH_KNOTS('',3,3,((#11567,#11568,#11569,#11570,#11571),
(#11572,#11573,#11574,#11575,#11576),(#11577,#11578,#11579,#11580,#11581),
(#11582,#11583,#11584,#11585,#11586),(#11587,#11588,#11589,#11590,#11591),
(#11592,#11593,#11594,#11595,#11596)),.UNSPECIFIED.,.F.,.F.,.F.,(4,1,1,
4),(4,1,4),(-0.000585586515749966,0.285714285714286,0.571428571428571,1.00006194473936),
(0.883517769165285,1.16038574937775,1.52934256576408),.UNSPECIFIED.);
#147=B_SPLINE_CURVE_WITH_KNOTS('',3,(#8047,#8048,#8049,#8050),
 .UNSPECIFIED.,.F.,.F.,(4,4),(-1.01607485501971,-0.992053820387379),
 .UNSPECIFIED.);
#148=B_SPLINE_CURVE_WITH_KNOTS('',3,(#8088,#8089,#8090,#8091,#8092,#8093,
#8094,#8095,#8096,#8097,#8098,#8099,#8100,#8101,#8102,#8103,#8104,#8105,
#8106,#8107,#8108,#8109,#8110,#8111,#8112,#8113,#8114,#8115,#8116,#8117,
#8118),.UNSPECIFIED.,.F.,.F.,(4,3,3,3,3,3,3,3,3,3,4),(0.00630982501071822,
0.00935319008986519,0.0147757033337213,0.0186840576851016,0.0204451463664218,
0.0250871989227753,0.0307724363450032,0.0333844229386054,0.0400941248679013,
0.0420367534493799,0.0461765383232471),.UNSPECIFIED.);
#149=B_SPLINE_CURVE_WITH_KNOTS('',3,(#8120,#8121,#8122,#8123,#8124,#8125,
#8126,#8127,#8128,#8129),.UNSPECIFIED.,.F.,.F.,(4,3,3,4),(0.,0.0031227194251778,
0.00546731775597233,0.00625645993887391),.UNSPECIFIED.);
#150=B_SPLINE_CURVE_WITH_KNOTS('',3,(#8130,#8131,#8132,#8133,#8134,#8135),
 .UNSPECIFIED.,.F.,.F.,(4,2,4),(-0.517234240354758,-0.0881719634864812,
1.29757316003065E-14),.UNSPECIFIED.);
#151=B_SPLINE_CURVE_WITH_KNOTS('',3,(#8163,#8164,#8165,#8166,#8167,#8168,
#8169,#8170),.UNSPECIFIED.,.F.,.F.,(4,2,2,4),(-1.25960267193962,-1.0535620864401,
-0.785398163397431,-0.517234816299585),.UNSPECIFIED.);
#152=B_SPLINE_CURVE_WITH_KNOTS('',3,(#8174,#8175,#8176,#8177,#8178,#8179),
 .UNSPECIFIED.,.F.,.F.,(4,2,4),(-0.0737606418161662,-0.0367642999476012,
-9.69057908093207E-5),.UNSPECIFIED.);
#153=B_SPLINE_CURVE_WITH_KNOTS('',3,(#8180,#8181,#8182,#8183,#8184,#8185,
#8186,#8187,#8188,#8189,#8190,#8191,#8192),.UNSPECIFIED.,.F.,.F.,(4,3,3,
3,4),(0.0428748766768736,0.0454405538355342,0.0572158945948616,0.0699022016955812,
0.073593279795089),.UNSPECIFIED.);
#154=B_SPLINE_CURVE_WITH_KNOTS('',3,(#8206,#8207,#8208,#8209,#8210,#8211,
#8212,#8213,#8214,#8215,#8216,#8217,#8218,#8219,#8220,#8221),
 .UNSPECIFIED.,.F.,.F.,(4,3,3,3,3,4),(-0.0554988982018975,-0.0385805670472225,
-0.0280537851143633,-0.0279354520442045,-0.00486071967023077,0.),
 .UNSPECIFIED.);
#155=B_SPLINE_CURVE_WITH_KNOTS('',3,(#8222,#8223,#8224,#8225,#8226,#8227,
#8228),.UNSPECIFIED.,.F.,.F.,(4,3,4),(0.,0.0277493526752673,0.0554987053504221),
 .UNSPECIFIED.);
#156=B_SPLINE_CURVE_WITH_KNOTS('',3,(#8243,#8244,#8245,#8246,#8247,#8248,
#8249),.UNSPECIFIED.,.F.,.F.,(4,3,4),(0.,0.0277255124680362,0.0554510249360742),
 .UNSPECIFIED.);
#157=B_SPLINE_CURVE_WITH_KNOTS('',3,(#8252,#8253,#8254,#8255,#8256,#8257,
#8258,#8259,#8260,#8261,#8262,#8263,#8264,#8265,#8266,#8267),
 .UNSPECIFIED.,.F.,.F.,(4,3,3,3,3,4),(-0.0554510245283779,-0.032396196554933,
-0.0275396697680289,-0.0274214387726681,-0.0105177014671872,-1.07271448514631E-13),
 .UNSPECIFIED.);
#158=B_SPLINE_CURVE_WITH_KNOTS('',3,(#8296,#8297,#8298,#8299),
 .UNSPECIFIED.,.F.,.F.,(4,4),(-0.0880430553063514,8.88178419700125E-15),
 .UNSPECIFIED.);
#159=B_SPLINE_CURVE_WITH_KNOTS('',3,(#8301,#8302,#8303,#8304,#8305,#8306,
#8307,#8308,#8309,#8310,#8311,#8312,#8313,#8314,#8315,#8316,#8317,#8318,
#8319,#8320,#8321,#8322,#8323,#8324,#8325,#8326,#8327,#8328,#8329,#8330,
#8331,#8332,#8333,#8334,#8335,#8336,#8337),.UNSPECIFIED.,.F.,.F.,(4,3,3,
3,3,3,3,3,3,3,3,3,4),(9.59974638692102E-11,0.00411564794557828,0.00545778720593965,
0.00914552995070867,0.0102485668951489,0.012098316688925,0.0169243064177622,
0.0217254005594204,0.024505888149509,0.0258961319445533,0.0266580244952732,
0.0272219074828636,0.0272863757395976),.UNSPECIFIED.);
#160=B_SPLINE_CURVE_WITH_KNOTS('',3,(#8339,#8340,#8341,#8342,#8343,#8344,
#8345,#8346,#8347,#8348),.UNSPECIFIED.,.F.,.F.,(4,3,3,4),(0.0823741822226318,
0.0938508018816703,0.111702385566068,0.129150675429508),.UNSPECIFIED.);
#161=B_SPLINE_CURVE_WITH_KNOTS('',3,(#8349,#8350,#8351,#8352,#8353,#8354),
 .UNSPECIFIED.,.F.,.F.,(4,2,4),(-0.0735651213030031,-0.036855211372655,
0.),.UNSPECIFIED.);
#162=B_SPLINE_CURVE_WITH_KNOTS('',3,(#8355,#8356,#8357,#8358,#8359,#8360,
#8361,#8362,#8363,#8364,#8365,#8366),.UNSPECIFIED.,.F.,.F.,(4,2,2,2,2,4),
(-8.53483950180589E-15,0.0881719634864863,0.517234240354762,0.785398163397434,
1.05356208644011,1.25960267193962),.UNSPECIFIED.);
#163=B_SPLINE_CURVE_WITH_KNOTS('',3,(#8370,#8371,#8372,#8373,#8374,#8375),
 .UNSPECIFIED.,.F.,.F.,(4,2,4),(0.,0.0149855965662297,0.0284115277287612),
 .UNSPECIFIED.);
#164=B_SPLINE_CURVE_WITH_KNOTS('',3,(#8381,#8382,#8383,#8384,#8385,#8386),
 .UNSPECIFIED.,.F.,.F.,(4,2,4),(0.,0.0149852458965576,0.0284100154007654),
 .UNSPECIFIED.);
#165=B_SPLINE_CURVE_WITH_KNOTS('',3,(#8388,#8389,#8390,#8391,#8392,#8393,
#8394),.UNSPECIFIED.,.F.,.F.,(4,3,4),(-0.410200888786235,-0.23365903926896,
-0.233654768182055),.UNSPECIFIED.);
#166=B_SPLINE_CURVE_WITH_KNOTS('',3,(#8396,#8397,#8398,#8399,#8400,#8401,
#8402),.UNSPECIFIED.,.F.,.F.,(4,3,4),(-0.233654767254073,-0.088114642474583,
-0.0881031894008142),.UNSPECIFIED.);
#167=B_SPLINE_CURVE_WITH_KNOTS('',3,(#8404,#8405,#8406,#8407),
 .UNSPECIFIED.,.F.,.F.,(4,4),(-0.0881031868963904,0.0574135466031953),
 .UNSPECIFIED.);
#168=B_SPLINE_CURVE_WITH_KNOTS('',3,(#8409,#8410,#8411,#8412,#8413,#8414,
#8415,#8416,#8417,#8418,#8419,#8420,#8421,#8422,#8423,#8424,#8425,#8426,
#8427,#8428,#8429,#8430,#8431,#8432,#8433,#8434,#8435,#8436),
 .UNSPECIFIED.,.F.,.F.,(4,3,3,3,3,3,3,3,3,4),(0.,8.86698670073421E-6,0.00212130206644582,
0.00424954833665479,0.00584573303931152,0.00615395012799906,0.00639877585329875,
0.00818818833263165,0.0099263741087278,0.0106342871472817),
 .UNSPECIFIED.);
#169=B_SPLINE_CURVE_WITH_KNOTS('',3,(#8444,#8445,#8446,#8447,#8448,#8449,
#8450,#8451,#8452,#8453,#8454,#8455,#8456,#8457,#8458,#8459),
 .UNSPECIFIED.,.F.,.F.,(4,3,3,3,3,4),(-0.290428405626398,-0.290348701480932,
-0.290300789190797,-0.0748854748987498,-0.0574297543197941,-0.0574144326040387),
 .UNSPECIFIED.);
#170=B_SPLINE_CURVE_WITH_KNOTS('',3,(#8461,#8462,#8463,#8464,#8465,#8466,
#8467),.UNSPECIFIED.,.F.,.F.,(4,3,4),(-0.0574144326040387,0.0881146424745828,
0.0906926317914976),.UNSPECIFIED.);
#171=B_SPLINE_CURVE_WITH_KNOTS('',3,(#8469,#8470,#8471,#8472,#8473,#8474,
#8475,#8476,#8477,#8478,#8479,#8480,#8481),.UNSPECIFIED.,.F.,.F.,(4,3,3,
3,4),(0.0906926336882514,0.162175836797626,0.204704751018827,0.231771665279857,
0.233659039907),.UNSPECIFIED.);
#172=B_SPLINE_CURVE_WITH_KNOTS('',3,(#8510,#8511,#8512,#8513,#8514,#8515),
 .UNSPECIFIED.,.F.,.F.,(4,1,1,4),(-1.25960267194251,-0.539829716546784,
-0.269914858273385,1.37717062228702E-14),.UNSPECIFIED.);
#173=B_SPLINE_CURVE_WITH_KNOTS('',3,(#8544,#8545,#8546,#8547,#8548,#8549),
 .UNSPECIFIED.,.F.,.F.,(4,1,1,4),(-8.88178419700125E-15,0.359886477697855,
0.719772955395719,1.25960267194251),.UNSPECIFIED.);
#174=B_SPLINE_CURVE_WITH_KNOTS('',3,(#8898,#8899,#8900,#8901,#8902,#8903,
#8904,#8905,#8906,#8907,#8908,#8909,#8910,#8911),.UNSPECIFIED.,.F.,.F.,
(4,2,2,2,2,2,4),(-0.0334183433924641,-0.0331944004779161,-0.0278972839659571,
-0.0226578008407007,-0.0143695593070348,-0.00698213113605745,0.),
 .UNSPECIFIED.);
#175=B_SPLINE_CURVE_WITH_KNOTS('',3,(#8926,#8927,#8928,#8929,#8930,#8931,
#8932,#8933,#8934,#8935,#8936,#8937,#8938,#8939,#8940,#8941),
 .UNSPECIFIED.,.F.,.F.,(4,3,3,3,3,4),(-0.000284198134425452,0.,0.00782239495388069,
0.015642505364953,0.0234573510356612,0.0312405781825583),.UNSPECIFIED.);
#176=B_SPLINE_CURVE_WITH_KNOTS('',3,(#8958,#8959,#8960,#8961,#8962,#8963),
 .UNSPECIFIED.,.F.,.F.,(4,2,4),(-0.135612022004029,-0.0678223847796312,
-3.97039336473349E-5),.UNSPECIFIED.);
#177=B_SPLINE_CURVE_WITH_KNOTS('',3,(#8973,#8974,#8975,#8976,#8977,#8978),
 .UNSPECIFIED.,.F.,.F.,(4,2,4),(-0.646749035669029,-0.32122061559002,0.),
 .UNSPECIFIED.);
#178=B_SPLINE_CURVE_WITH_KNOTS('',3,(#8980,#8981,#8982,#8983,#8984,#8985),
 .UNSPECIFIED.,.F.,.F.,(4,2,4),(-0.571282312841434,-0.285541703823766,0.),
 .UNSPECIFIED.);
#179=B_SPLINE_CURVE_WITH_KNOTS('',3,(#8986,#8987,#8988,#8989,#8990,#8991),
 .UNSPECIFIED.,.F.,.F.,(4,2,4),(-0.598824739854651,-0.300058904568919,-9.54726727647634E-6),
 .UNSPECIFIED.);
#180=B_SPLINE_CURVE_WITH_KNOTS('',3,(#9004,#9005,#9006,#9007,#9008,#9009,
#9010,#9011),.UNSPECIFIED.,.F.,.F.,(4,2,2,4),(-0.244709098628675,-0.189173014418982,
-0.129179640106101,0.),.UNSPECIFIED.);
#181=B_SPLINE_CURVE_WITH_KNOTS('',3,(#9018,#9019,#9020,#9021),
 .UNSPECIFIED.,.F.,.F.,(4,4),(1.3661182911607,1.57079632679495),
 .UNSPECIFIED.);
#182=B_SPLINE_CURVE_WITH_KNOTS('',3,(#9036,#9037,#9038,#9039,#9040,#9041,
#9042,#9043,#9044,#9045,#9046,#9047,#9048,#9049,#9050,#9051,#9052,#9053,
#9054,#9055,#9056,#9057),.UNSPECIFIED.,.F.,.F.,(4,3,3,3,3,3,3,4),(-0.0627470215631137,
-0.0624628226508412,-0.0589715426967582,-0.0547025857348604,-0.0468860411788862,
-0.0390750801946095,-0.0312670544545112,-0.0312405781826038),
 .UNSPECIFIED.);
#183=B_SPLINE_CURVE_WITH_KNOTS('',3,(#9075,#9076,#9077,#9078,#9079,#9080,
#9081,#9082,#9083,#9084,#9085,#9086,#9087,#9088),.UNSPECIFIED.,.F.,.F.,
(4,2,2,2,2,2,4),(-0.000224798224127572,0.,0.00531734789335171,0.0105768422796697,
0.0188967392574125,0.0263123823782602,0.0333211805045658),.UNSPECIFIED.);
#184=B_SPLINE_CURVE_WITH_KNOTS('',3,(#9099,#9100,#9101,#9102,#9103,#9104),
 .UNSPECIFIED.,.F.,.F.,(4,2,4),(-2.54171791438902E-16,1.35149953347057,
1.57079632679489),.UNSPECIFIED.);
#185=B_SPLINE_CURVE_WITH_KNOTS('',3,(#9116,#9117,#9118,#9119,#9120,#9121),
 .UNSPECIFIED.,.F.,.F.,(4,2,4),(-1.5707963267949,-0.297696699522344,0.),
 .UNSPECIFIED.);
#186=B_SPLINE_CURVE_WITH_KNOTS('',3,(#9208,#9209,#9210,#9211),
 .UNSPECIFIED.,.F.,.F.,(4,4),(-2.14953883320242,-2.12551779857008),
 .UNSPECIFIED.);
#187=B_SPLINE_CURVE_WITH_KNOTS('',3,(#9227,#9228,#9229,#9230,#9231,#9232),
 .UNSPECIFIED.,.F.,.F.,(4,2,4),(-0.598449388393448,-0.298599987402596,-3.3253397137817E-5),
 .UNSPECIFIED.);
#188=B_SPLINE_CURVE_WITH_KNOTS('',3,(#9234,#9235,#9236,#9237,#9238,#9239),
 .UNSPECIFIED.,.F.,.F.,(4,2,4),(-0.570936436045741,-0.285568623662102,-2.02816143328517E-6),
 .UNSPECIFIED.);
#189=B_SPLINE_CURVE_WITH_KNOTS('',3,(#9240,#9241,#9242,#9243,#9244,#9245),
 .UNSPECIFIED.,.F.,.F.,(4,2,4),(-0.64648703189804,-0.325396545801461,-3.48022388685365E-10),
 .UNSPECIFIED.);
#190=B_SPLINE_CURVE_WITH_KNOTS('',3,(#9253,#9254,#9255,#9256,#9257,#9258),
 .UNSPECIFIED.,.F.,.F.,(4,2,4),(-0.135562706806387,-0.0677849253819961,
0.),.UNSPECIFIED.);
#191=B_SPLINE_CURVE_WITH_KNOTS('',3,(#9276,#9277,#9278,#9279,#9280,#9281),
 .UNSPECIFIED.,.F.,.F.,(4,2,4),(2.0210199725582E-6,0.0775997755868297,0.154886541187509),
 .UNSPECIFIED.);
#192=B_SPLINE_CURVE_WITH_KNOTS('',3,(#9348,#9349,#9350,#9351,#9352,#9353,
#9354,#9355,#9356),.UNSPECIFIED.,.F.,.F.,(4,1,1,1,1,1,4),(-0.220098861846503,
0.035743307959397,0.291585477765297,0.547427647571197,0.803269817377098,
1.18703307208595,1.5707963267948),.UNSPECIFIED.);
#193=B_SPLINE_CURVE_WITH_KNOTS('',3,(#9359,#9360,#9361,#9362,#9363,#9364,
#9365,#9366,#9367,#9368,#9369,#9370,#9371,#9372,#9373,#9374,#9375,#9376,
#9377,#9378,#9379,#9380,#9381,#9382,#9383,#9384,#9385,#9386,#9387,#9388,
#9389,#9390,#9391,#9392,#9393,#9394,#9395,#9396,#9397,#9398,#9399,#9400,
#9401,#9402,#9403,#9404,#9405,#9406,#9407,#9408,#9409,#9410,#9411,#9412,
#9413,#9414,#9415,#9416,#9417,#9418,#9419,#9420,#9421,#9422,#9423,#9424,
#9425),.UNSPECIFIED.,.F.,.F.,(4,3,3,3,3,3,3,3,3,3,3,3,3,3,3,3,3,3,3,3,3,
3,4),(-1.5707963267948,-1.4463611842283,-1.31669712815713,-1.18703307208595,
-1.08684080832737,-0.986365774642093,-0.885047333401434,-0.803269817377098,
-0.71574137983853,-0.625720559783753,-0.547427647571197,-0.475500136301929,
-0.399263493715571,-0.30748674074468,-0.291585477765297,-0.223018605008723,
-0.149376844692169,-0.0656943825633531,-0.035743307959397,0.0451461153928388,
0.120138836465999,0.182716896458003,0.220098861846503),.UNSPECIFIED.);
#194=B_SPLINE_CURVE_WITH_KNOTS('',3,(#9443,#9444,#9445,#9446,#9447,#9448),
 .UNSPECIFIED.,.F.,.F.,(4,2,4),(-0.0864259016889789,-0.0433656914525722,
0.),.UNSPECIFIED.);
#195=B_SPLINE_CURVE_WITH_KNOTS('',3,(#9452,#9453,#9454,#9455,#9456,#9457),
 .UNSPECIFIED.,.F.,.F.,(4,2,4),(-0.0935101057590347,-0.0467571559568692,
0.),.UNSPECIFIED.);
#196=B_SPLINE_CURVE_WITH_KNOTS('',3,(#9480,#9481,#9482,#9483),
 .UNSPECIFIED.,.F.,.F.,(4,4),(-2.18249230328022,-2.16371799046585),
 .UNSPECIFIED.);
#197=B_SPLINE_CURVE_WITH_KNOTS('',3,(#9496,#9497,#9498,#9499,#9500,#9501,
#9502,#9503,#9504,#9505,#9506,#9507,#9508,#9509,#9510,#9511,#9512,#9513,
#9514,#9515,#9516,#9517,#9518,#9519,#9520,#9521,#9522,#9523,#9524,#9525,
#9526,#9527,#9528,#9529),.UNSPECIFIED.,.F.,.F.,(4,3,3,3,3,3,3,3,3,3,3,4),
(-0.101043148691711,-0.0501425772129504,-0.0246922914735701,-0.0119671486038799,
-0.00560457716903483,-0.00242329145161229,-0.00051551554031897,0.000615288460117475,
0.000757994265810245,0.012616907414985,0.0245486436676871,0.0305534676291193),
 .UNSPECIFIED.);
#198=B_SPLINE_CURVE_WITH_KNOTS('',3,(#9548,#9549,#9550,#9551,#9552,#9553),
 .UNSPECIFIED.,.F.,.F.,(4,2,4),(-0.224010748681294,-0.112003829210878,-1.01030295240889E-14),
 .UNSPECIFIED.);
#199=B_SPLINE_CURVE_WITH_KNOTS('',3,(#9555,#9556,#9557,#9558,#9559,#9560),
 .UNSPECIFIED.,.F.,.F.,(4,2,4),(-0.573210077230526,-0.278882117936767,-1.06295270921861E-6),
 .UNSPECIFIED.);
#200=B_SPLINE_CURVE_WITH_KNOTS('',3,(#9561,#9562,#9563,#9564,#9565,#9566,
#9567,#9568,#9569,#9570,#9571,#9572,#9573,#9574,#9575,#9576,#9577,#9578,
#9579),.UNSPECIFIED.,.F.,.F.,(4,3,3,3,3,3,4),(1.96979291848685E-7,0.0551935014063441,
0.0634256669736059,0.0881169952996678,0.146653577246945,0.154378357072002,
0.176566047238009),.UNSPECIFIED.);
#201=B_SPLINE_CURVE_WITH_KNOTS('',3,(#9583,#9584,#9585,#9586,#9587,#9588),
 .UNSPECIFIED.,.F.,.F.,(4,2,4),(-0.0935153012263349,-0.0467584235067609,
-5.75186754822881E-6),.UNSPECIFIED.);
#202=B_SPLINE_CURVE_WITH_KNOTS('',3,(#9634,#9635,#9636,#9637,#9638,#9639,
#9640,#9641,#9642),.UNSPECIFIED.,.F.,.F.,(4,1,1,1,1,1,4),(-1.57079632679482,
-1.05911198718301,-0.547427647571205,-0.291585477765302,-0.0357433079593982,
0.0282172344920777,0.220098861846505),.UNSPECIFIED.);
#203=B_SPLINE_CURVE_WITH_KNOTS('',3,(#9645,#9646,#9647,#9648,#9649,#9650,
#9651,#9652,#9653),.UNSPECIFIED.,.F.,.F.,(4,1,1,1,1,1,4),(-0.220098861846505,
-0.0282172344920777,0.0357433079593982,0.291585477765302,0.547427647571205,
1.05911198718301,1.57079632679482),.UNSPECIFIED.);
#204=B_SPLINE_CURVE_WITH_KNOTS('',3,(#9671,#9672,#9673,#9674),
 .UNSPECIFIED.,.F.,.F.,(4,4),(2.06067654233422,2.0794508551486),
 .UNSPECIFIED.);
#205=B_SPLINE_CURVE_WITH_KNOTS('',3,(#9701,#9702,#9703,#9704,#9705,#9706),
 .UNSPECIFIED.,.F.,.F.,(4,2,4),(-0.0865077707813176,-0.0431010000952207,
0.),.UNSPECIFIED.);
#206=B_SPLINE_CURVE_WITH_KNOTS('',3,(#9725,#9726,#9727,#9728,#9729,#9730),
 .UNSPECIFIED.,.F.,.F.,(4,2,4),(0.,0.077465769703223,0.155606790622864),
 .UNSPECIFIED.);
#207=B_SPLINE_CURVE_WITH_KNOTS('',3,(#9735,#9736,#9737,#9738,#9739,#9740,
#9741,#9742),.UNSPECIFIED.,.F.,.F.,(4,2,2,4),(-0.243737475004215,-0.115070748657513,
-0.0553155808230627,-5.21451171131559E-9),.UNSPECIFIED.);
#208=B_SPLINE_CURVE_WITH_KNOTS('',3,(#9760,#9761,#9762,#9763),
 .UNSPECIFIED.,.F.,.F.,(4,4),(-1.5707963267949,-1.36611829116065),
 .UNSPECIFIED.);
#209=B_SPLINE_CURVE_WITH_KNOTS('',3,(#9768,#9769,#9770,#9771,#9772,#9773,
#9774,#9775,#9776,#9777,#9778,#9779,#9780),.UNSPECIFIED.,.F.,.F.,(4,3,3,
3,4),(0.47475948218214,0.489694214415252,0.504628946648364,0.505490382175771,
0.606749588119151),.UNSPECIFIED.);
#210=B_SPLINE_CURVE_WITH_KNOTS('',3,(#9798,#9799,#9800,#9801,#9802,#9803),
 .UNSPECIFIED.,.F.,.F.,(4,2,4),(1.00276741122674E-6,0.0297124824141271,
0.0511887674380267),.UNSPECIFIED.);
#211=B_SPLINE_CURVE_WITH_KNOTS('',3,(#9804,#9805,#9806,#9807,#9808,#9809),
 .UNSPECIFIED.,.F.,.F.,(4,2,4),(0.,0.0729418146547743,0.145883630552318),
 .UNSPECIFIED.);
#212=B_SPLINE_CURVE_WITH_KNOTS('',3,(#9829,#9830,#9831,#9832,#9833,#9834),
 .UNSPECIFIED.,.F.,.F.,(4,2,4),(-0.56835759275875,-0.283841349489324,-1.52696426927789E-5),
 .UNSPECIFIED.);
#213=B_SPLINE_CURVE_WITH_KNOTS('',3,(#9835,#9836,#9837,#9838,#9839,#9840,
#9841),.UNSPECIFIED.,.F.,.F.,(4,3,4),(0.,0.0693491096957838,0.138053005074339),
 .UNSPECIFIED.);
#214=B_SPLINE_CURVE_WITH_KNOTS('',3,(#9859,#9860,#9861,#9862,#9863,#9864),
 .UNSPECIFIED.,.F.,.F.,(4,2,4),(-0.73943762828689,-0.368040093452483,0.),
 .UNSPECIFIED.);
#215=B_SPLINE_CURVE_WITH_KNOTS('',3,(#9884,#9885,#9886,#9887,#9888,#9889),
 .UNSPECIFIED.,.F.,.F.,(4,2,4),(-0.702627094591229,-0.352434751379832,-9.9999880776025E-7),
 .UNSPECIFIED.);
#216=B_SPLINE_CURVE_WITH_KNOTS('',3,(#9971,#9972,#9973,#9974,#9975,#9976),
 .UNSPECIFIED.,.F.,.F.,(4,2,4),(9.99999747295193E-7,0.284551397359725,0.568411825945645),
 .UNSPECIFIED.);
#217=B_SPLINE_CURVE_WITH_KNOTS('',3,(#9978,#9979,#9980,#9981,#9982,#9983,
#9984),.UNSPECIFIED.,.F.,.F.,(4,3,4),(6.51053867514845E-6,0.0690295216479391,
0.138060008239083),.UNSPECIFIED.);
#218=B_SPLINE_CURVE_WITH_KNOTS('',3,(#10002,#10003,#10004,#10005,#10006,
#10007),.UNSPECIFIED.,.F.,.F.,(4,2,4),(-0.702426133362174,-0.350093179354422,
0.),.UNSPECIFIED.);
#219=B_SPLINE_CURVE_WITH_KNOTS('',3,(#10026,#10027,#10028,#10029),
 .UNSPECIFIED.,.F.,.F.,(4,4),(0.556418934904514,1.14368081807219),
 .UNSPECIFIED.);
#220=B_SPLINE_CURVE_WITH_KNOTS('',3,(#10097,#10098,#10099,#10100,#10101,
#10102,#10103,#10104,#10105,#10106,#10107,#10108,#10109,#10110,#10111,#10112,
#10113,#10114,#10115),.UNSPECIFIED.,.F.,.F.,(4,3,3,3,3,3,4),(0.,0.0595164701723808,
0.0662561524302361,0.0884394146962095,0.144479498037051,0.151860092553498,
0.176551850355277),.UNSPECIFIED.);
#221=B_SPLINE_CURVE_WITH_KNOTS('',3,(#10117,#10118,#10119,#10120,#10121,
#10122),.UNSPECIFIED.,.F.,.F.,(4,2,4),(-0.573209582281119,-0.294328250948637,
0.),.UNSPECIFIED.);
#222=B_SPLINE_CURVE_WITH_KNOTS('',3,(#10123,#10124,#10125,#10126,#10127,
#10128),.UNSPECIFIED.,.F.,.F.,(4,2,4),(-0.224013097478748,-0.112010573734618,
-5.76346797129333E-6),.UNSPECIFIED.);
#223=B_SPLINE_CURVE_WITH_KNOTS('',3,(#10215,#10216,#10217,#10218,#10219,
#10220,#10221,#10222,#10223,#10224,#10225,#10226,#10227,#10228,#10229,#10230,
#10231,#10232,#10233,#10234,#10235,#10236,#10237,#10238,#10239,#10240,#10241,
#10242,#10243,#10244,#10245,#10246,#10247,#10248,#10249,#10250,#10251,#10252,
#10253,#10254),.UNSPECIFIED.,.F.,.F.,(4,3,3,3,3,3,3,3,3,3,3,3,3,4),(0.126860649424842,
0.15675151603427,0.16983784304971,0.186753363118135,0.209337779351914,0.221979155302642,
0.251938651610253,0.255632041302626,0.308192396331511,0.308193013102716,
0.372529413530318,0.408813630656618,0.485243989127188,0.503877303220506),
 .UNSPECIFIED.);
#224=B_SPLINE_CURVE_WITH_KNOTS('',3,(#10257,#10258,#10259,#10260,#10261,
#10262),.UNSPECIFIED.,.F.,.F.,(4,2,4),(0.,0.215237658409377,0.43454279117402),
 .UNSPECIFIED.);
#225=B_SPLINE_CURVE_WITH_KNOTS('',3,(#10279,#10280,#10281,#10282,#10283,
#10284),.UNSPECIFIED.,.F.,.F.,(4,2,4),(-0.0620504871568278,-0.0310003486917123,
0.),.UNSPECIFIED.);
#226=B_SPLINE_CURVE_WITH_KNOTS('',3,(#10308,#10309,#10310,#10311,#10312,
#10313),.UNSPECIFIED.,.F.,.F.,(4,2,4),(0.,0.0204619681179662,0.0511914777581209),
 .UNSPECIFIED.);
#227=B_SPLINE_CURVE_WITH_KNOTS('',3,(#10315,#10316,#10317,#10318),
 .UNSPECIFIED.,.F.,.F.,(4,4),(0.0305534676291186,0.111575582710217),
 .UNSPECIFIED.);
#228=B_SPLINE_CURVE_WITH_KNOTS('',3,(#10319,#10320,#10321,#10322,#10323,
#10324,#10325),.UNSPECIFIED.,.F.,.F.,(4,3,4),(0.110138305945721,0.149151941290057,
0.182408805785379),.UNSPECIFIED.);
#229=B_SPLINE_CURVE_WITH_KNOTS('',3,(#10354,#10355,#10356,#10357,#10358,
#10359),.UNSPECIFIED.,.F.,.F.,(4,2,4),(0.,0.0729418158971784,0.145883630552256),
 .UNSPECIFIED.);
#230=B_SPLINE_CURVE_WITH_KNOTS('',3,(#10394,#10395,#10396,#10397,#10398,
#10399),.UNSPECIFIED.,.F.,.F.,(4,2,4),(-0.0620507770497884,-0.0310502835279284,
0.),.UNSPECIFIED.);
#231=B_SPLINE_CURVE_WITH_KNOTS('',3,(#10449,#10450,#10451,#10452,#10453,
#10454,#10455,#10456,#10457,#10458,#10459,#10460,#10461,#10462,#10463,#10464,
#10465,#10466,#10467,#10468,#10469,#10470),.UNSPECIFIED.,.F.,.F.,(4,3,3,
3,3,3,3,4),(0.,0.0953584482086834,0.196412941410316,0.249201944603637,0.252696316546185,
0.25978552242232,0.335330726621675,0.378372868783003),.UNSPECIFIED.);
#232=B_SPLINE_CURVE_WITH_KNOTS('',3,(#10473,#10474,#10475,#10476,#10477,
#10478),.UNSPECIFIED.,.F.,.F.,(4,2,4),(-0.434452200566677,-0.215210336476509,
0.),.UNSPECIFIED.);
#233=B_SPLINE_CURVE_WITH_KNOTS('',3,(#10526,#10527,#10528,#10529,#10530,
#10531),.UNSPECIFIED.,.F.,.F.,(4,2,4),(-0.092723747922088,-0.046384125326772,
-9.15208574314708E-7),.UNSPECIFIED.);
#234=B_SPLINE_CURVE_WITH_KNOTS('',3,(#10532,#10533,#10534,#10535),
 .UNSPECIFIED.,.F.,.F.,(4,4),(0.393656650697183,0.474759482182142),
 .UNSPECIFIED.);
#235=B_SPLINE_CURVE_WITH_KNOTS('',3,(#10582,#10583,#10584,#10585,#10586,
#10587),.UNSPECIFIED.,.F.,.F.,(4,2,4),(-1.5707963267949,-0.297696699522344,
0.),.UNSPECIFIED.);
#236=B_SPLINE_CURVE_WITH_KNOTS('',3,(#10599,#10600,#10601,#10602,#10603,
#10604),.UNSPECIFIED.,.F.,.F.,(4,2,4),(-2.54171791438902E-16,1.35149953347057,
1.57079632679489),.UNSPECIFIED.);
#237=B_SPLINE_CURVE_WITH_KNOTS('',3,(#10957,#10958,#10959,#10960,#10961),
 .UNSPECIFIED.,.F.,.F.,(4,1,4),(-0.290428405661987,0.00984129195879002,
0.410200888786493),.UNSPECIFIED.);
#238=B_SPLINE_CURVE_WITH_KNOTS('',3,(#10980,#10981,#10982,#10983),
 .UNSPECIFIED.,.F.,.F.,(4,4),(0.410200888786235,0.641084965564408),
 .UNSPECIFIED.);
#239=B_SPLINE_CURVE_WITH_KNOTS('',3,(#11007,#11008,#11009,#11010),
 .UNSPECIFIED.,.F.,.F.,(4,4),(-0.464855680615245,-0.290428405626397),
 .UNSPECIFIED.);
#240=B_SPLINE_CURVE_WITH_KNOTS('',3,(#11034,#11035,#11036,#11037,#11038),
 .UNSPECIFIED.,.F.,.F.,(4,1,4),(-0.41020088878649,-0.00984129195878769,
0.290428405661989),.UNSPECIFIED.);
#241=B_SPLINE_CURVE_WITH_KNOTS('',3,(#11056,#11057,#11058,#11059),
 .UNSPECIFIED.,.F.,.F.,(4,4),(0.2904284056264,0.464855680615239),
 .UNSPECIFIED.);
#242=B_SPLINE_CURVE_WITH_KNOTS('',3,(#11078,#11079,#11080,#11081),
 .UNSPECIFIED.,.F.,.F.,(4,4),(-0.641084965564405,-0.410200888786236),
 .UNSPECIFIED.);
#243=B_SPLINE_CURVE_WITH_KNOTS('',3,(#11227,#11228,#11229,#11230,#11231,
#11232,#11233,#11234),.UNSPECIFIED.,.F.,.F.,(4,2,2,4),(0.,0.176259558880486,
0.358964827974296,0.718566511597549),.UNSPECIFIED.);
#244=B_SPLINE_CURVE_WITH_KNOTS('',3,(#11302,#11303,#11304,#11305),
 .UNSPECIFIED.,.F.,.F.,(4,4),(1.25960267193901,1.57079632679488),
 .UNSPECIFIED.);
#245=B_SPLINE_CURVE_WITH_KNOTS('',3,(#11322,#11323,#11324,#11325),
 .UNSPECIFIED.,.F.,.F.,(4,4),(-1.57079632679488,-1.25960267193901),
 .UNSPECIFIED.);
#246=B_SPLINE_CURVE_WITH_KNOTS('',3,(#11332,#11333,#11334,#11335,#11336,
#11337,#11338,#11339),.UNSPECIFIED.,.F.,.F.,(4,2,2,4),(0.,0.359988663579375,
0.542487304542015,0.718369631502418),.UNSPECIFIED.);
#247=B_SPLINE_CURVE_WITH_KNOTS('',3,(#11372,#11373,#11374,#11375,#11376,
#11377,#11378),.UNSPECIFIED.,.F.,.F.,(4,3,4),(0.,0.571428571436629,1.00000000001411),
 .UNSPECIFIED.);
#248=B_SPLINE_CURVE_WITH_KNOTS('',3,(#11533,#11534,#11535,#11536),
 .UNSPECIFIED.,.F.,.F.,(4,4),(-0.359988663579375,0.),.UNSPECIFIED.);
#249=B_SPLINE_CURVE_WITH_KNOTS('',3,(#11558,#11559,#11560,#11561,#11562,
#11563,#11564),.UNSPECIFIED.,.F.,.F.,(4,3,4),(0.,0.428571428577482,1.00000000001411),
 .UNSPECIFIED.);
#250=PLANE('',#6045);
#251=PLANE('',#6049);
#252=PLANE('',#6054);
#253=PLANE('',#6057);
#254=PLANE('',#6058);
#255=PLANE('',#6059);
#256=PLANE('',#6060);
#257=PLANE('',#6064);
#258=PLANE('',#6065);
#259=PLANE('',#6066);
#260=PLANE('',#6069);
#261=PLANE('',#6070);
#262=PLANE('',#6072);
#263=PLANE('',#6074);
#264=PLANE('',#6076);
#265=PLANE('',#6078);
#266=PLANE('',#6079);
#267=PLANE('',#6080);
#268=PLANE('',#6081);
#269=PLANE('',#6082);
#270=PLANE('',#6083);
#271=PLANE('',#6084);
#272=PLANE('',#6087);
#273=PLANE('',#6089);
#274=PLANE('',#6090);
#275=PLANE('',#6091);
#276=PLANE('',#6092);
#277=PLANE('',#6094);
#278=PLANE('',#6096);
#279=PLANE('',#6098);
#280=PLANE('',#6100);
#281=PLANE('',#6101);
#282=PLANE('',#6102);
#283=PLANE('',#6103);
#284=PLANE('',#6105);
#285=PLANE('',#6107);
#286=PLANE('',#6108);
#287=PLANE('',#6109);
#288=PLANE('',#6110);
#289=PLANE('',#6112);
#290=PLANE('',#6114);
#291=PLANE('',#6116);
#292=PLANE('',#6118);
#293=PLANE('',#6119);
#294=PLANE('',#6120);
#295=PLANE('',#6121);
#296=PLANE('',#6124);
#297=PLANE('',#6126);
#298=PLANE('',#6128);
#299=PLANE('',#6130);
#300=PLANE('',#6132);
#301=PLANE('',#6134);
#302=PLANE('',#6135);
#303=PLANE('',#6136);
#304=PLANE('',#6137);
#305=PLANE('',#6138);
#306=PLANE('',#6139);
#307=PLANE('',#6140);
#308=PLANE('',#6142);
#309=PLANE('',#6159);
#310=PLANE('',#6161);
#311=PLANE('',#6164);
#312=PLANE('',#6180);
#313=PLANE('',#6189);
#314=PLANE('',#6191);
#315=PLANE('',#6193);
#316=PLANE('',#6194);
#317=PLANE('',#6197);
#318=PLANE('',#6198);
#319=PLANE('',#6201);
#320=PLANE('',#6203);
#321=PLANE('',#6205);
#322=PLANE('',#6207);
#323=PLANE('',#6208);
#324=PLANE('',#6210);
#325=PLANE('',#6211);
#326=PLANE('',#6214);
#327=PLANE('',#6216);
#328=PLANE('',#6219);
#329=PLANE('',#6221);
#330=PLANE('',#6223);
#331=PLANE('',#6224);
#332=PLANE('',#6225);
#333=PLANE('',#6226);
#334=PLANE('',#6229);
#335=PLANE('',#6230);
#336=PLANE('',#6231);
#337=PLANE('',#6232);
#338=PLANE('',#6234);
#339=PLANE('',#6241);
#340=PLANE('',#6244);
#341=PLANE('',#6245);
#342=PLANE('',#6246);
#343=PLANE('',#6247);
#344=PLANE('',#6248);
#345=PLANE('',#6251);
#346=PLANE('',#6252);
#347=PLANE('',#6254);
#348=PLANE('',#6261);
#349=PLANE('',#6262);
#350=PLANE('',#6264);
#351=PLANE('',#6266);
#352=PLANE('',#6267);
#353=PLANE('',#6268);
#354=PLANE('',#6272);
#355=PLANE('',#6276);
#356=PLANE('',#6286);
#357=PLANE('',#6290);
#358=PLANE('',#6291);
#359=PLANE('',#6292);
#360=PLANE('',#6293);
#361=PLANE('',#6294);
#362=PLANE('',#6295);
#363=PLANE('',#6306);
#364=PLANE('',#6307);
#365=PLANE('',#6308);
#366=PLANE('',#6309);
#367=PLANE('',#6310);
#368=PLANE('',#6311);
#369=PLANE('',#6312);
#370=PLANE('',#6316);
#371=PLANE('',#6317);
#372=PLANE('',#6318);
#373=PLANE('',#6322);
#374=PLANE('',#6323);
#375=PLANE('',#6324);
#376=PLANE('',#6325);
#377=PLANE('',#6329);
#378=PLANE('',#6330);
#379=PLANE('',#6331);
#380=PLANE('',#6332);
#381=PLANE('',#6336);
#382=PLANE('',#6337);
#383=PLANE('',#6338);
#384=PLANE('',#6339);
#385=PLANE('',#6340);
#386=PLANE('',#6343);
#387=PLANE('',#6363);
#388=PLANE('',#6366);
#389=PLANE('',#6369);
#390=PLANE('',#6372);
#391=PLANE('',#6374);
#392=PLANE('',#6377);
#393=PLANE('',#6379);
#394=PLANE('',#6380);
#395=PLANE('',#6382);
#396=PLANE('',#6384);
#397=PLANE('',#6389);
#398=PLANE('',#6390);
#399=PLANE('',#6391);
#400=PLANE('',#6392);
#401=PLANE('',#6393);
#402=PLANE('',#6396);
#403=PLANE('',#6399);
#404=PLANE('',#6400);
#405=PLANE('',#6402);
#406=PLANE('',#6405);
#407=PLANE('',#6407);
#408=PLANE('',#6409);
#409=PLANE('',#6411);
#410=PLANE('',#6412);
#411=PLANE('',#6432);
#412=PLANE('',#6446);
#413=PLANE('',#6447);
#414=PLANE('',#6448);
#415=PLANE('',#6449);
#416=PLANE('',#6450);
#417=PLANE('',#6451);
#418=PLANE('',#6455);
#419=PLANE('',#6456);
#420=PLANE('',#6457);
#421=PLANE('',#6458);
#422=PLANE('',#6459);
#423=PLANE('',#6460);
#424=PLANE('',#6461);
#425=PLANE('',#6462);
#426=PLANE('',#6463);
#427=PLANE('',#6464);
#428=PLANE('',#6465);
#429=PLANE('',#6466);
#430=PLANE('',#6467);
#431=PLANE('',#6469);
#432=PLANE('',#6470);
#433=PLANE('',#6476);
#434=PLANE('',#6480);
#435=PLANE('',#6483);
#436=PLANE('',#6486);
#437=PLANE('',#6487);
#438=PLANE('',#6488);
#439=PLANE('',#6489);
#440=FACE_OUTER_BOUND('',#762,.T.);
#441=FACE_OUTER_BOUND('',#763,.T.);
#442=FACE_OUTER_BOUND('',#764,.T.);
#443=FACE_OUTER_BOUND('',#765,.T.);
#444=FACE_OUTER_BOUND('',#766,.T.);
#445=FACE_OUTER_BOUND('',#767,.T.);
#446=FACE_OUTER_BOUND('',#768,.T.);
#447=FACE_OUTER_BOUND('',#769,.T.);
#448=FACE_OUTER_BOUND('',#770,.T.);
#449=FACE_OUTER_BOUND('',#771,.T.);
#450=FACE_OUTER_BOUND('',#772,.T.);
#451=FACE_OUTER_BOUND('',#773,.T.);
#452=FACE_OUTER_BOUND('',#774,.T.);
#453=FACE_OUTER_BOUND('',#775,.T.);
#454=FACE_OUTER_BOUND('',#776,.T.);
#455=FACE_OUTER_BOUND('',#777,.T.);
#456=FACE_OUTER_BOUND('',#778,.T.);
#457=FACE_OUTER_BOUND('',#779,.T.);
#458=FACE_OUTER_BOUND('',#780,.T.);
#459=FACE_OUTER_BOUND('',#781,.T.);
#460=FACE_OUTER_BOUND('',#782,.T.);
#461=FACE_OUTER_BOUND('',#783,.T.);
#462=FACE_OUTER_BOUND('',#784,.T.);
#463=FACE_OUTER_BOUND('',#785,.T.);
#464=FACE_OUTER_BOUND('',#786,.T.);
#465=FACE_OUTER_BOUND('',#787,.T.);
#466=FACE_OUTER_BOUND('',#788,.T.);
#467=FACE_OUTER_BOUND('',#789,.T.);
#468=FACE_OUTER_BOUND('',#790,.T.);
#469=FACE_OUTER_BOUND('',#791,.T.);
#470=FACE_OUTER_BOUND('',#792,.T.);
#471=FACE_OUTER_BOUND('',#793,.T.);
#472=FACE_OUTER_BOUND('',#794,.T.);
#473=FACE_OUTER_BOUND('',#795,.T.);
#474=FACE_OUTER_BOUND('',#796,.T.);
#475=FACE_OUTER_BOUND('',#797,.T.);
#476=FACE_OUTER_BOUND('',#798,.T.);
#477=FACE_OUTER_BOUND('',#799,.T.);
#478=FACE_OUTER_BOUND('',#800,.T.);
#479=FACE_OUTER_BOUND('',#801,.T.);
#480=FACE_OUTER_BOUND('',#802,.T.);
#481=FACE_OUTER_BOUND('',#803,.T.);
#482=FACE_OUTER_BOUND('',#804,.T.);
#483=FACE_OUTER_BOUND('',#805,.T.);
#484=FACE_OUTER_BOUND('',#806,.T.);
#485=FACE_OUTER_BOUND('',#807,.T.);
#486=FACE_OUTER_BOUND('',#808,.T.);
#487=FACE_OUTER_BOUND('',#809,.T.);
#488=FACE_OUTER_BOUND('',#810,.T.);
#489=FACE_OUTER_BOUND('',#811,.T.);
#490=FACE_OUTER_BOUND('',#812,.T.);
#491=FACE_OUTER_BOUND('',#813,.T.);
#492=FACE_OUTER_BOUND('',#814,.T.);
#493=FACE_OUTER_BOUND('',#815,.T.);
#494=FACE_OUTER_BOUND('',#816,.T.);
#495=FACE_OUTER_BOUND('',#817,.T.);
#496=FACE_OUTER_BOUND('',#818,.T.);
#497=FACE_OUTER_BOUND('',#819,.T.);
#498=FACE_OUTER_BOUND('',#820,.T.);
#499=FACE_OUTER_BOUND('',#821,.T.);
#500=FACE_OUTER_BOUND('',#822,.T.);
#501=FACE_OUTER_BOUND('',#823,.T.);
#502=FACE_OUTER_BOUND('',#824,.T.);
#503=FACE_OUTER_BOUND('',#825,.T.);
#504=FACE_OUTER_BOUND('',#826,.T.);
#505=FACE_OUTER_BOUND('',#827,.T.);
#506=FACE_OUTER_BOUND('',#828,.T.);
#507=FACE_OUTER_BOUND('',#829,.T.);
#508=FACE_OUTER_BOUND('',#830,.T.);
#509=FACE_OUTER_BOUND('',#831,.T.);
#510=FACE_OUTER_BOUND('',#832,.T.);
#511=FACE_OUTER_BOUND('',#833,.T.);
#512=FACE_OUTER_BOUND('',#834,.T.);
#513=FACE_OUTER_BOUND('',#835,.T.);
#514=FACE_OUTER_BOUND('',#836,.T.);
#515=FACE_OUTER_BOUND('',#837,.T.);
#516=FACE_OUTER_BOUND('',#838,.T.);
#517=FACE_OUTER_BOUND('',#839,.T.);
#518=FACE_OUTER_BOUND('',#840,.T.);
#519=FACE_OUTER_BOUND('',#841,.T.);
#520=FACE_OUTER_BOUND('',#842,.T.);
#521=FACE_OUTER_BOUND('',#843,.T.);
#522=FACE_OUTER_BOUND('',#844,.T.);
#523=FACE_OUTER_BOUND('',#845,.T.);
#524=FACE_OUTER_BOUND('',#846,.T.);
#525=FACE_OUTER_BOUND('',#847,.T.);
#526=FACE_OUTER_BOUND('',#848,.T.);
#527=FACE_OUTER_BOUND('',#849,.T.);
#528=FACE_OUTER_BOUND('',#854,.T.);
#529=FACE_OUTER_BOUND('',#855,.T.);
#530=FACE_OUTER_BOUND('',#856,.T.);
#531=FACE_OUTER_BOUND('',#857,.T.);
#532=FACE_OUTER_BOUND('',#858,.T.);
#533=FACE_OUTER_BOUND('',#859,.T.);
#534=FACE_OUTER_BOUND('',#860,.T.);
#535=FACE_OUTER_BOUND('',#861,.T.);
#536=FACE_OUTER_BOUND('',#862,.T.);
#537=FACE_OUTER_BOUND('',#863,.T.);
#538=FACE_OUTER_BOUND('',#864,.T.);
#539=FACE_OUTER_BOUND('',#865,.T.);
#540=FACE_OUTER_BOUND('',#866,.T.);
#541=FACE_OUTER_BOUND('',#867,.T.);
#542=FACE_OUTER_BOUND('',#868,.T.);
#543=FACE_OUTER_BOUND('',#869,.T.);
#544=FACE_OUTER_BOUND('',#870,.T.);
#545=FACE_OUTER_BOUND('',#871,.T.);
#546=FACE_OUTER_BOUND('',#872,.T.);
#547=FACE_OUTER_BOUND('',#873,.T.);
#548=FACE_OUTER_BOUND('',#874,.T.);
#549=FACE_OUTER_BOUND('',#875,.T.);
#550=FACE_OUTER_BOUND('',#876,.T.);
#551=FACE_OUTER_BOUND('',#877,.T.);
#552=FACE_OUTER_BOUND('',#878,.T.);
#553=FACE_OUTER_BOUND('',#879,.T.);
#554=FACE_OUTER_BOUND('',#880,.T.);
#555=FACE_OUTER_BOUND('',#881,.T.);
#556=FACE_OUTER_BOUND('',#882,.T.);
#557=FACE_OUTER_BOUND('',#883,.T.);
#558=FACE_OUTER_BOUND('',#884,.T.);
#559=FACE_OUTER_BOUND('',#885,.T.);
#560=FACE_OUTER_BOUND('',#886,.T.);
#561=FACE_OUTER_BOUND('',#887,.T.);
#562=FACE_OUTER_BOUND('',#888,.T.);
#563=FACE_OUTER_BOUND('',#889,.T.);
#564=FACE_OUTER_BOUND('',#890,.T.);
#565=FACE_OUTER_BOUND('',#891,.T.);
#566=FACE_OUTER_BOUND('',#892,.T.);
#567=FACE_OUTER_BOUND('',#893,.T.);
#568=FACE_OUTER_BOUND('',#894,.T.);
#569=FACE_OUTER_BOUND('',#895,.T.);
#570=FACE_OUTER_BOUND('',#896,.T.);
#571=FACE_OUTER_BOUND('',#897,.T.);
#572=FACE_OUTER_BOUND('',#898,.T.);
#573=FACE_OUTER_BOUND('',#899,.T.);
#574=FACE_OUTER_BOUND('',#900,.T.);
#575=FACE_OUTER_BOUND('',#901,.T.);
#576=FACE_OUTER_BOUND('',#902,.T.);
#577=FACE_OUTER_BOUND('',#903,.T.);
#578=FACE_OUTER_BOUND('',#904,.T.);
#579=FACE_OUTER_BOUND('',#905,.T.);
#580=FACE_OUTER_BOUND('',#906,.T.);
#581=FACE_OUTER_BOUND('',#907,.T.);
#582=FACE_OUTER_BOUND('',#908,.T.);
#583=FACE_OUTER_BOUND('',#909,.T.);
#584=FACE_OUTER_BOUND('',#910,.T.);
#585=FACE_OUTER_BOUND('',#911,.T.);
#586=FACE_OUTER_BOUND('',#912,.T.);
#587=FACE_OUTER_BOUND('',#913,.T.);
#588=FACE_OUTER_BOUND('',#914,.T.);
#589=FACE_OUTER_BOUND('',#915,.T.);
#590=FACE_OUTER_BOUND('',#916,.T.);
#591=FACE_OUTER_BOUND('',#917,.T.);
#592=FACE_OUTER_BOUND('',#918,.T.);
#593=FACE_OUTER_BOUND('',#919,.T.);
#594=FACE_OUTER_BOUND('',#920,.T.);
#595=FACE_OUTER_BOUND('',#921,.T.);
#596=FACE_OUTER_BOUND('',#922,.T.);
#597=FACE_OUTER_BOUND('',#923,.T.);
#598=FACE_OUTER_BOUND('',#924,.T.);
#599=FACE_OUTER_BOUND('',#925,.T.);
#600=FACE_OUTER_BOUND('',#926,.T.);
#601=FACE_OUTER_BOUND('',#927,.T.);
#602=FACE_OUTER_BOUND('',#928,.T.);
#603=FACE_OUTER_BOUND('',#929,.T.);
#604=FACE_OUTER_BOUND('',#930,.T.);
#605=FACE_OUTER_BOUND('',#931,.T.);
#606=FACE_OUTER_BOUND('',#932,.T.);
#607=FACE_OUTER_BOUND('',#933,.T.);
#608=FACE_OUTER_BOUND('',#934,.T.);
#609=FACE_OUTER_BOUND('',#935,.T.);
#610=FACE_OUTER_BOUND('',#936,.T.);
#611=FACE_OUTER_BOUND('',#937,.T.);
#612=FACE_OUTER_BOUND('',#938,.T.);
#613=FACE_OUTER_BOUND('',#941,.T.);
#614=FACE_OUTER_BOUND('',#942,.T.);
#615=FACE_OUTER_BOUND('',#943,.T.);
#616=FACE_OUTER_BOUND('',#944,.T.);
#617=FACE_OUTER_BOUND('',#945,.T.);
#618=FACE_OUTER_BOUND('',#946,.T.);
#619=FACE_OUTER_BOUND('',#947,.T.);
#620=FACE_OUTER_BOUND('',#948,.T.);
#621=FACE_OUTER_BOUND('',#949,.T.);
#622=FACE_OUTER_BOUND('',#954,.T.);
#623=FACE_OUTER_BOUND('',#955,.T.);
#624=FACE_OUTER_BOUND('',#956,.T.);
#625=FACE_OUTER_BOUND('',#957,.T.);
#626=FACE_OUTER_BOUND('',#958,.T.);
#627=FACE_OUTER_BOUND('',#959,.T.);
#628=FACE_OUTER_BOUND('',#960,.T.);
#629=FACE_OUTER_BOUND('',#961,.T.);
#630=FACE_OUTER_BOUND('',#962,.T.);
#631=FACE_OUTER_BOUND('',#963,.T.);
#632=FACE_OUTER_BOUND('',#964,.T.);
#633=FACE_OUTER_BOUND('',#965,.T.);
#634=FACE_OUTER_BOUND('',#966,.T.);
#635=FACE_OUTER_BOUND('',#967,.T.);
#636=FACE_OUTER_BOUND('',#968,.T.);
#637=FACE_OUTER_BOUND('',#969,.T.);
#638=FACE_OUTER_BOUND('',#970,.T.);
#639=FACE_OUTER_BOUND('',#971,.T.);
#640=FACE_OUTER_BOUND('',#972,.T.);
#641=FACE_OUTER_BOUND('',#973,.T.);
#642=FACE_OUTER_BOUND('',#974,.T.);
#643=FACE_OUTER_BOUND('',#975,.T.);
#644=FACE_OUTER_BOUND('',#976,.T.);
#645=FACE_OUTER_BOUND('',#977,.T.);
#646=FACE_OUTER_BOUND('',#978,.T.);
#647=FACE_OUTER_BOUND('',#979,.T.);
#648=FACE_OUTER_BOUND('',#980,.T.);
#649=FACE_OUTER_BOUND('',#981,.T.);
#650=FACE_OUTER_BOUND('',#982,.T.);
#651=FACE_OUTER_BOUND('',#983,.T.);
#652=FACE_OUTER_BOUND('',#984,.T.);
#653=FACE_OUTER_BOUND('',#985,.T.);
#654=FACE_OUTER_BOUND('',#986,.T.);
#655=FACE_OUTER_BOUND('',#987,.T.);
#656=FACE_OUTER_BOUND('',#988,.T.);
#657=FACE_OUTER_BOUND('',#989,.T.);
#658=FACE_OUTER_BOUND('',#990,.T.);
#659=FACE_OUTER_BOUND('',#991,.T.);
#660=FACE_OUTER_BOUND('',#992,.T.);
#661=FACE_OUTER_BOUND('',#993,.T.);
#662=FACE_OUTER_BOUND('',#994,.T.);
#663=FACE_OUTER_BOUND('',#995,.T.);
#664=FACE_OUTER_BOUND('',#996,.T.);
#665=FACE_OUTER_BOUND('',#997,.T.);
#666=FACE_OUTER_BOUND('',#998,.T.);
#667=FACE_OUTER_BOUND('',#999,.T.);
#668=FACE_OUTER_BOUND('',#1000,.T.);
#669=FACE_OUTER_BOUND('',#1001,.T.);
#670=FACE_OUTER_BOUND('',#1002,.T.);
#671=FACE_OUTER_BOUND('',#1003,.T.);
#672=FACE_OUTER_BOUND('',#1004,.T.);
#673=FACE_OUTER_BOUND('',#1005,.T.);
#674=FACE_OUTER_BOUND('',#1006,.T.);
#675=FACE_OUTER_BOUND('',#1007,.T.);
#676=FACE_OUTER_BOUND('',#1008,.T.);
#677=FACE_OUTER_BOUND('',#1009,.T.);
#678=FACE_OUTER_BOUND('',#1010,.T.);
#679=FACE_OUTER_BOUND('',#1011,.T.);
#680=FACE_OUTER_BOUND('',#1012,.T.);
#681=FACE_OUTER_BOUND('',#1013,.T.);
#682=FACE_OUTER_BOUND('',#1014,.T.);
#683=FACE_OUTER_BOUND('',#1015,.T.);
#684=FACE_OUTER_BOUND('',#1016,.T.);
#685=FACE_OUTER_BOUND('',#1017,.T.);
#686=FACE_OUTER_BOUND('',#1018,.T.);
#687=FACE_OUTER_BOUND('',#1019,.T.);
#688=FACE_OUTER_BOUND('',#1020,.T.);
#689=FACE_OUTER_BOUND('',#1021,.T.);
#690=FACE_OUTER_BOUND('',#1022,.T.);
#691=FACE_OUTER_BOUND('',#1023,.T.);
#692=FACE_OUTER_BOUND('',#1024,.T.);
#693=FACE_OUTER_BOUND('',#1025,.T.);
#694=FACE_OUTER_BOUND('',#1026,.T.);
#695=FACE_OUTER_BOUND('',#1027,.T.);
#696=FACE_OUTER_BOUND('',#1028,.T.);
#697=FACE_OUTER_BOUND('',#1029,.T.);
#698=FACE_OUTER_BOUND('',#1030,.T.);
#699=FACE_OUTER_BOUND('',#1031,.T.);
#700=FACE_OUTER_BOUND('',#1032,.T.);
#701=FACE_OUTER_BOUND('',#1033,.T.);
#702=FACE_OUTER_BOUND('',#1034,.T.);
#703=FACE_OUTER_BOUND('',#1035,.T.);
#704=FACE_OUTER_BOUND('',#1036,.T.);
#705=FACE_OUTER_BOUND('',#1037,.T.);
#706=FACE_OUTER_BOUND('',#1038,.T.);
#707=FACE_OUTER_BOUND('',#1039,.T.);
#708=FACE_OUTER_BOUND('',#1040,.T.);
#709=FACE_OUTER_BOUND('',#1041,.T.);
#710=FACE_OUTER_BOUND('',#1042,.T.);
#711=FACE_OUTER_BOUND('',#1043,.T.);
#712=FACE_OUTER_BOUND('',#1044,.T.);
#713=FACE_OUTER_BOUND('',#1045,.T.);
#714=FACE_OUTER_BOUND('',#1046,.T.);
#715=FACE_OUTER_BOUND('',#1047,.T.);
#716=FACE_OUTER_BOUND('',#1048,.T.);
#717=FACE_OUTER_BOUND('',#1049,.T.);
#718=FACE_OUTER_BOUND('',#1050,.T.);
#719=FACE_OUTER_BOUND('',#1051,.T.);
#720=FACE_OUTER_BOUND('',#1052,.T.);
#721=FACE_OUTER_BOUND('',#1053,.T.);
#722=FACE_OUTER_BOUND('',#1054,.T.);
#723=FACE_OUTER_BOUND('',#1055,.T.);
#724=FACE_OUTER_BOUND('',#1056,.T.);
#725=FACE_OUTER_BOUND('',#1057,.T.);
#726=FACE_OUTER_BOUND('',#1058,.T.);
#727=FACE_OUTER_BOUND('',#1059,.T.);
#728=FACE_OUTER_BOUND('',#1060,.T.);
#729=FACE_OUTER_BOUND('',#1061,.T.);
#730=FACE_OUTER_BOUND('',#1062,.T.);
#731=FACE_OUTER_BOUND('',#1063,.T.);
#732=FACE_OUTER_BOUND('',#1064,.T.);
#733=FACE_OUTER_BOUND('',#1065,.T.);
#734=FACE_OUTER_BOUND('',#1066,.T.);
#735=FACE_OUTER_BOUND('',#1067,.T.);
#736=FACE_OUTER_BOUND('',#1068,.T.);
#737=FACE_OUTER_BOUND('',#1069,.T.);
#738=FACE_OUTER_BOUND('',#1070,.T.);
#739=FACE_OUTER_BOUND('',#1071,.T.);
#740=FACE_OUTER_BOUND('',#1072,.T.);
#741=FACE_OUTER_BOUND('',#1073,.T.);
#742=FACE_OUTER_BOUND('',#1074,.T.);
#743=FACE_OUTER_BOUND('',#1075,.T.);
#744=FACE_OUTER_BOUND('',#1076,.T.);
#745=FACE_OUTER_BOUND('',#1077,.T.);
#746=FACE_OUTER_BOUND('',#1078,.T.);
#747=FACE_OUTER_BOUND('',#1079,.T.);
#748=FACE_OUTER_BOUND('',#1080,.T.);
#749=FACE_OUTER_BOUND('',#1081,.T.);
#750=FACE_OUTER_BOUND('',#1082,.T.);
#751=FACE_OUTER_BOUND('',#1083,.T.);
#752=FACE_OUTER_BOUND('',#1084,.T.);
#753=FACE_OUTER_BOUND('',#1085,.T.);
#754=FACE_OUTER_BOUND('',#1086,.T.);
#755=FACE_OUTER_BOUND('',#1087,.T.);
#756=FACE_OUTER_BOUND('',#1088,.T.);
#757=FACE_OUTER_BOUND('',#1089,.T.);
#758=FACE_OUTER_BOUND('',#1090,.T.);
#759=FACE_OUTER_BOUND('',#1091,.T.);
#760=FACE_OUTER_BOUND('',#1092,.T.);
#761=FACE_OUTER_BOUND('',#1093,.T.);
#762=EDGE_LOOP('',(#3869,#3870,#3871,#3872));
#763=EDGE_LOOP('',(#3873,#3874,#3875,#3876));
#764=EDGE_LOOP('',(#3877,#3878,#3879,#3880));
#765=EDGE_LOOP('',(#3881,#3882,#3883,#3884,#3885,#3886,#3887,#3888));
#766=EDGE_LOOP('',(#3889,#3890,#3891,#3892));
#767=EDGE_LOOP('',(#3893,#3894,#3895,#3896));
#768=EDGE_LOOP('',(#3897,#3898,#3899,#3900));
#769=EDGE_LOOP('',(#3901,#3902,#3903,#3904));
#770=EDGE_LOOP('',(#3905,#3906,#3907,#3908));
#771=EDGE_LOOP('',(#3909,#3910,#3911,#3912,#3913,#3914,#3915,#3916,#3917,
#3918));
#772=EDGE_LOOP('',(#3919,#3920,#3921));
#773=EDGE_LOOP('',(#3922,#3923,#3924,#3925));
#774=EDGE_LOOP('',(#3926,#3927,#3928));
#775=EDGE_LOOP('',(#3929,#3930,#3931));
#776=EDGE_LOOP('',(#3932,#3933,#3934,#3935,#3936,#3937));
#777=EDGE_LOOP('',(#3938,#3939,#3940,#3941,#3942,#3943,#3944,#3945,#3946,
#3947,#3948,#3949,#3950,#3951,#3952,#3953,#3954,#3955,#3956,#3957,#3958));
#778=EDGE_LOOP('',(#3959,#3960,#3961,#3962,#3963,#3964,#3965));
#779=EDGE_LOOP('',(#3966,#3967,#3968,#3969,#3970,#3971,#3972));
#780=EDGE_LOOP('',(#3973,#3974,#3975,#3976));
#781=EDGE_LOOP('',(#3977,#3978,#3979,#3980));
#782=EDGE_LOOP('',(#3981,#3982,#3983,#3984,#3985,#3986));
#783=EDGE_LOOP('',(#3987,#3988,#3989,#3990,#3991,#3992));
#784=EDGE_LOOP('',(#3993,#3994,#3995));
#785=EDGE_LOOP('',(#3996,#3997,#3998));
#786=EDGE_LOOP('',(#3999,#4000,#4001));
#787=EDGE_LOOP('',(#4002,#4003,#4004));
#788=EDGE_LOOP('',(#4005,#4006,#4007,#4008));
#789=EDGE_LOOP('',(#4009,#4010,#4011,#4012,#4013));
#790=EDGE_LOOP('',(#4014,#4015,#4016,#4017));
#791=EDGE_LOOP('',(#4018,#4019,#4020,#4021,#4022,#4023,#4024,#4025,#4026));
#792=EDGE_LOOP('',(#4027,#4028,#4029,#4030,#4031));
#793=EDGE_LOOP('',(#4032,#4033,#4034,#4035,#4036,#4037,#4038,#4039,#4040));
#794=EDGE_LOOP('',(#4041,#4042,#4043,#4044,#4045,#4046));
#795=EDGE_LOOP('',(#4047,#4048,#4049,#4050,#4051));
#796=EDGE_LOOP('',(#4052,#4053,#4054,#4055,#4056));
#797=EDGE_LOOP('',(#4057,#4058,#4059,#4060,#4061,#4062,#4063,#4064,#4065));
#798=EDGE_LOOP('',(#4066,#4067,#4068,#4069,#4070,#4071,#4072,#4073,#4074));
#799=EDGE_LOOP('',(#4075,#4076,#4077));
#800=EDGE_LOOP('',(#4078,#4079,#4080));
#801=EDGE_LOOP('',(#4081,#4082,#4083));
#802=EDGE_LOOP('',(#4084,#4085,#4086));
#803=EDGE_LOOP('',(#4087,#4088,#4089,#4090));
#804=EDGE_LOOP('',(#4091,#4092,#4093,#4094));
#805=EDGE_LOOP('',(#4095,#4096,#4097,#4098,#4099));
#806=EDGE_LOOP('',(#4100,#4101,#4102,#4103,#4104));
#807=EDGE_LOOP('',(#4105,#4106,#4107,#4108,#4109));
#808=EDGE_LOOP('',(#4110,#4111,#4112,#4113,#4114));
#809=EDGE_LOOP('',(#4115,#4116,#4117,#4118,#4119,#4120,#4121,#4122,#4123));
#810=EDGE_LOOP('',(#4124,#4125,#4126,#4127,#4128,#4129,#4130,#4131,#4132));
#811=EDGE_LOOP('',(#4133,#4134,#4135));
#812=EDGE_LOOP('',(#4136,#4137,#4138));
#813=EDGE_LOOP('',(#4139,#4140,#4141));
#814=EDGE_LOOP('',(#4142,#4143,#4144));
#815=EDGE_LOOP('',(#4145,#4146,#4147,#4148));
#816=EDGE_LOOP('',(#4149,#4150,#4151,#4152));
#817=EDGE_LOOP('',(#4153,#4154,#4155,#4156,#4157));
#818=EDGE_LOOP('',(#4158,#4159,#4160,#4161,#4162,#4163));
#819=EDGE_LOOP('',(#4164,#4165,#4166,#4167,#4168));
#820=EDGE_LOOP('',(#4169,#4170,#4171));
#821=EDGE_LOOP('',(#4172,#4173,#4174));
#822=EDGE_LOOP('',(#4175,#4176,#4177));
#823=EDGE_LOOP('',(#4178,#4179,#4180));
#824=EDGE_LOOP('',(#4181,#4182,#4183,#4184));
#825=EDGE_LOOP('',(#4185,#4186,#4187,#4188,#4189));
#826=EDGE_LOOP('',(#4190,#4191,#4192,#4193));
#827=EDGE_LOOP('',(#4194,#4195,#4196,#4197,#4198));
#828=EDGE_LOOP('',(#4199,#4200,#4201,#4202,#4203,#4204,#4205,#4206,#4207));
#829=EDGE_LOOP('',(#4208,#4209,#4210,#4211,#4212,#4213,#4214,#4215,#4216));
#830=EDGE_LOOP('',(#4217,#4218,#4219,#4220,#4221));
#831=EDGE_LOOP('',(#4222,#4223,#4224,#4225,#4226));
#832=EDGE_LOOP('',(#4227,#4228,#4229,#4230));
#833=EDGE_LOOP('',(#4231,#4232,#4233,#4234));
#834=EDGE_LOOP('',(#4235,#4236,#4237,#4238));
#835=EDGE_LOOP('',(#4239,#4240,#4241,#4242));
#836=EDGE_LOOP('',(#4243,#4244,#4245,#4246));
#837=EDGE_LOOP('',(#4247,#4248,#4249,#4250));
#838=EDGE_LOOP('',(#4251,#4252,#4253,#4254,#4255,#4256,#4257));
#839=EDGE_LOOP('',(#4258,#4259,#4260,#4261,#4262,#4263));
#840=EDGE_LOOP('',(#4264,#4265,#4266,#4267,#4268,#4269));
#841=EDGE_LOOP('',(#4270,#4271,#4272,#4273,#4274));
#842=EDGE_LOOP('',(#4275,#4276,#4277,#4278,#4279));
#843=EDGE_LOOP('',(#4280,#4281,#4282,#4283));
#844=EDGE_LOOP('',(#4284,#4285,#4286,#4287));
#845=EDGE_LOOP('',(#4288,#4289,#4290,#4291));
#846=EDGE_LOOP('',(#4292,#4293,#4294,#4295));
#847=EDGE_LOOP('',(#4296,#4297,#4298,#4299));
#848=EDGE_LOOP('',(#4300,#4301,#4302,#4303));
#849=EDGE_LOOP('',(#4304,#4305,#4306,#4307,#4308,#4309,#4310,#4311,#4312,
#4313,#4314,#4315,#4316,#4317,#4318,#4319,#4320,#4321,#4322,#4323,#4324,
#4325,#4326,#4327));
#850=EDGE_LOOP('',(#4328));
#851=EDGE_LOOP('',(#4329));
#852=EDGE_LOOP('',(#4330));
#853=EDGE_LOOP('',(#4331));
#854=EDGE_LOOP('',(#4332,#4333,#4334,#4335,#4336,#4337,#4338,#4339,#4340,
#4341,#4342));
#855=EDGE_LOOP('',(#4343,#4344,#4345,#4346,#4347,#4348,#4349,#4350,#4351,
#4352,#4353));
#856=EDGE_LOOP('',(#4354,#4355,#4356,#4357,#4358));
#857=EDGE_LOOP('',(#4359,#4360,#4361,#4362,#4363));
#858=EDGE_LOOP('',(#4364,#4365,#4366,#4367));
#859=EDGE_LOOP('',(#4368,#4369,#4370,#4371));
#860=EDGE_LOOP('',(#4372,#4373,#4374,#4375));
#861=EDGE_LOOP('',(#4376,#4377,#4378,#4379));
#862=EDGE_LOOP('',(#4380,#4381,#4382,#4383,#4384,#4385,#4386,#4387,#4388,
#4389,#4390,#4391));
#863=EDGE_LOOP('',(#4392,#4393,#4394,#4395,#4396,#4397));
#864=EDGE_LOOP('',(#4398,#4399,#4400,#4401,#4402,#4403,#4404));
#865=EDGE_LOOP('',(#4405,#4406,#4407,#4408));
#866=EDGE_LOOP('',(#4409,#4410,#4411,#4412));
#867=EDGE_LOOP('',(#4413,#4414,#4415,#4416));
#868=EDGE_LOOP('',(#4417,#4418,#4419,#4420));
#869=EDGE_LOOP('',(#4421,#4422,#4423,#4424));
#870=EDGE_LOOP('',(#4425,#4426,#4427,#4428));
#871=EDGE_LOOP('',(#4429,#4430,#4431,#4432));
#872=EDGE_LOOP('',(#4433,#4434,#4435,#4436,#4437,#4438,#4439,#4440,#4441,
#4442,#4443,#4444,#4445,#4446));
#873=EDGE_LOOP('',(#4447,#4448,#4449,#4450,#4451));
#874=EDGE_LOOP('',(#4452,#4453,#4454,#4455));
#875=EDGE_LOOP('',(#4456,#4457,#4458,#4459));
#876=EDGE_LOOP('',(#4460,#4461,#4462,#4463));
#877=EDGE_LOOP('',(#4464,#4465,#4466,#4467));
#878=EDGE_LOOP('',(#4468,#4469,#4470,#4471));
#879=EDGE_LOOP('',(#4472,#4473,#4474,#4475));
#880=EDGE_LOOP('',(#4476,#4477,#4478,#4479));
#881=EDGE_LOOP('',(#4480,#4481,#4482,#4483,#4484,#4485,#4486,#4487,#4488,
#4489,#4490,#4491,#4492,#4493));
#882=EDGE_LOOP('',(#4494,#4495,#4496,#4497,#4498,#4499,#4500));
#883=EDGE_LOOP('',(#4501,#4502,#4503,#4504));
#884=EDGE_LOOP('',(#4505,#4506,#4507,#4508,#4509));
#885=EDGE_LOOP('',(#4510,#4511,#4512,#4513));
#886=EDGE_LOOP('',(#4514,#4515,#4516,#4517,#4518,#4519));
#887=EDGE_LOOP('',(#4520,#4521,#4522,#4523));
#888=EDGE_LOOP('',(#4524,#4525,#4526,#4527,#4528,#4529,#4530,#4531,#4532,
#4533));
#889=EDGE_LOOP('',(#4534,#4535,#4536,#4537,#4538));
#890=EDGE_LOOP('',(#4539,#4540,#4541,#4542,#4543,#4544));
#891=EDGE_LOOP('',(#4545,#4546,#4547));
#892=EDGE_LOOP('',(#4548,#4549,#4550,#4551,#4552,#4553));
#893=EDGE_LOOP('',(#4554,#4555,#4556,#4557));
#894=EDGE_LOOP('',(#4558,#4559,#4560,#4561));
#895=EDGE_LOOP('',(#4562,#4563,#4564,#4565,#4566));
#896=EDGE_LOOP('',(#4567,#4568,#4569,#4570));
#897=EDGE_LOOP('',(#4571,#4572,#4573,#4574,#4575,#4576));
#898=EDGE_LOOP('',(#4577,#4578,#4579,#4580,#4581));
#899=EDGE_LOOP('',(#4582,#4583,#4584));
#900=EDGE_LOOP('',(#4585,#4586,#4587,#4588,#4589,#4590,#4591,#4592,#4593,
#4594));
#901=EDGE_LOOP('',(#4595,#4596,#4597,#4598,#4599,#4600));
#902=EDGE_LOOP('',(#4601,#4602,#4603,#4604,#4605));
#903=EDGE_LOOP('',(#4606,#4607,#4608,#4609,#4610,#4611));
#904=EDGE_LOOP('',(#4612,#4613,#4614,#4615,#4616,#4617));
#905=EDGE_LOOP('',(#4618,#4619,#4620,#4621,#4622));
#906=EDGE_LOOP('',(#4623,#4624,#4625,#4626));
#907=EDGE_LOOP('',(#4627,#4628,#4629,#4630));
#908=EDGE_LOOP('',(#4631,#4632,#4633,#4634));
#909=EDGE_LOOP('',(#4635,#4636,#4637,#4638,#4639));
#910=EDGE_LOOP('',(#4640,#4641,#4642,#4643,#4644));
#911=EDGE_LOOP('',(#4645,#4646,#4647));
#912=EDGE_LOOP('',(#4648,#4649,#4650,#4651,#4652,#4653,#4654));
#913=EDGE_LOOP('',(#4655,#4656,#4657,#4658,#4659,#4660,#4661));
#914=EDGE_LOOP('',(#4662,#4663,#4664,#4665,#4666,#4667,#4668));
#915=EDGE_LOOP('',(#4669,#4670,#4671,#4672));
#916=EDGE_LOOP('',(#4673,#4674,#4675,#4676));
#917=EDGE_LOOP('',(#4677,#4678,#4679,#4680,#4681));
#918=EDGE_LOOP('',(#4682,#4683,#4684,#4685));
#919=EDGE_LOOP('',(#4686,#4687,#4688,#4689,#4690));
#920=EDGE_LOOP('',(#4691,#4692,#4693));
#921=EDGE_LOOP('',(#4694,#4695,#4696,#4697,#4698,#4699,#4700));
#922=EDGE_LOOP('',(#4701,#4702,#4703,#4704,#4705,#4706));
#923=EDGE_LOOP('',(#4707,#4708,#4709,#4710,#4711));
#924=EDGE_LOOP('',(#4712,#4713,#4714,#4715,#4716,#4717,#4718,#4719,#4720,
#4721,#4722,#4723,#4724,#4725,#4726,#4727,#4728,#4729,#4730,#4731));
#925=EDGE_LOOP('',(#4732,#4733,#4734,#4735));
#926=EDGE_LOOP('',(#4736,#4737,#4738,#4739));
#927=EDGE_LOOP('',(#4740,#4741,#4742,#4743));
#928=EDGE_LOOP('',(#4744,#4745,#4746,#4747));
#929=EDGE_LOOP('',(#4748,#4749,#4750,#4751));
#930=EDGE_LOOP('',(#4752,#4753,#4754,#4755));
#931=EDGE_LOOP('',(#4756,#4757,#4758,#4759));
#932=EDGE_LOOP('',(#4760,#4761,#4762,#4763));
#933=EDGE_LOOP('',(#4764,#4765,#4766,#4767));
#934=EDGE_LOOP('',(#4768,#4769,#4770,#4771,#4772,#4773,#4774,#4775,#4776));
#935=EDGE_LOOP('',(#4777,#4778,#4779,#4780,#4781,#4782,#4783,#4784));
#936=EDGE_LOOP('',(#4785,#4786,#4787,#4788,#4789));
#937=EDGE_LOOP('',(#4790,#4791,#4792,#4793,#4794,#4795,#4796,#4797));
#938=EDGE_LOOP('',(#4798,#4799,#4800,#4801,#4802,#4803,#4804,#4805,#4806,
#4807,#4808,#4809,#4810,#4811));
#939=EDGE_LOOP('',(#4812,#4813,#4814,#4815));
#940=EDGE_LOOP('',(#4816,#4817,#4818,#4819));
#941=EDGE_LOOP('',(#4820,#4821,#4822,#4823,#4824,#4825,#4826,#4827));
#942=EDGE_LOOP('',(#4828,#4829,#4830,#4831,#4832));
#943=EDGE_LOOP('',(#4833,#4834,#4835,#4836,#4837,#4838,#4839,#4840));
#944=EDGE_LOOP('',(#4841,#4842,#4843,#4844,#4845,#4846,#4847,#4848,#4849));
#945=EDGE_LOOP('',(#4850,#4851,#4852,#4853,#4854,#4855));
#946=EDGE_LOOP('',(#4856,#4857,#4858,#4859));
#947=EDGE_LOOP('',(#4860,#4861,#4862,#4863));
#948=EDGE_LOOP('',(#4864,#4865,#4866,#4867,#4868,#4869));
#949=EDGE_LOOP('',(#4870,#4871,#4872,#4873,#4874,#4875,#4876,#4877,#4878,
#4879,#4880,#4881));
#950=EDGE_LOOP('',(#4882,#4883,#4884,#4885,#4886,#4887,#4888,#4889));
#951=EDGE_LOOP('',(#4890,#4891,#4892,#4893,#4894,#4895,#4896,#4897));
#952=EDGE_LOOP('',(#4898,#4899,#4900,#4901));
#953=EDGE_LOOP('',(#4902,#4903,#4904,#4905));
#954=EDGE_LOOP('',(#4906,#4907,#4908,#4909));
#955=EDGE_LOOP('',(#4910,#4911,#4912,#4913,#4914,#4915));
#956=EDGE_LOOP('',(#4916,#4917,#4918,#4919,#4920,#4921));
#957=EDGE_LOOP('',(#4922,#4923,#4924,#4925));
#958=EDGE_LOOP('',(#4926,#4927,#4928,#4929,#4930,#4931));
#959=EDGE_LOOP('',(#4932,#4933,#4934,#4935,#4936,#4937,#4938));
#960=EDGE_LOOP('',(#4939,#4940,#4941,#4942,#4943,#4944));
#961=EDGE_LOOP('',(#4945,#4946,#4947,#4948,#4949,#4950,#4951));
#962=EDGE_LOOP('',(#4952,#4953,#4954,#4955));
#963=EDGE_LOOP('',(#4956,#4957,#4958,#4959,#4960,#4961));
#964=EDGE_LOOP('',(#4962,#4963,#4964,#4965));
#965=EDGE_LOOP('',(#4966,#4967,#4968,#4969,#4970,#4971,#4972,#4973));
#966=EDGE_LOOP('',(#4974,#4975,#4976,#4977,#4978));
#967=EDGE_LOOP('',(#4979,#4980,#4981,#4982,#4983));
#968=EDGE_LOOP('',(#4984,#4985,#4986,#4987,#4988));
#969=EDGE_LOOP('',(#4989,#4990,#4991,#4992));
#970=EDGE_LOOP('',(#4993,#4994,#4995,#4996,#4997,#4998,#4999,#5000));
#971=EDGE_LOOP('',(#5001,#5002,#5003,#5004,#5005,#5006,#5007));
#972=EDGE_LOOP('',(#5008,#5009,#5010,#5011));
#973=EDGE_LOOP('',(#5012,#5013,#5014,#5015,#5016,#5017));
#974=EDGE_LOOP('',(#5018,#5019,#5020,#5021));
#975=EDGE_LOOP('',(#5022,#5023,#5024,#5025,#5026,#5027));
#976=EDGE_LOOP('',(#5028,#5029,#5030,#5031,#5032,#5033,#5034,#5035));
#977=EDGE_LOOP('',(#5036,#5037,#5038,#5039,#5040));
#978=EDGE_LOOP('',(#5041,#5042,#5043,#5044,#5045));
#979=EDGE_LOOP('',(#5046,#5047,#5048,#5049,#5050));
#980=EDGE_LOOP('',(#5051,#5052,#5053,#5054));
#981=EDGE_LOOP('',(#5055,#5056,#5057,#5058,#5059,#5060,#5061,#5062));
#982=EDGE_LOOP('',(#5063,#5064,#5065,#5066,#5067,#5068,#5069));
#983=EDGE_LOOP('',(#5070,#5071,#5072,#5073));
#984=EDGE_LOOP('',(#5074,#5075,#5076,#5077));
#985=EDGE_LOOP('',(#5078,#5079,#5080,#5081));
#986=EDGE_LOOP('',(#5082,#5083,#5084,#5085,#5086,#5087,#5088));
#987=EDGE_LOOP('',(#5089,#5090,#5091,#5092));
#988=EDGE_LOOP('',(#5093,#5094,#5095,#5096));
#989=EDGE_LOOP('',(#5097,#5098,#5099,#5100));
#990=EDGE_LOOP('',(#5101,#5102,#5103,#5104,#5105,#5106,#5107,#5108));
#991=EDGE_LOOP('',(#5109,#5110,#5111,#5112));
#992=EDGE_LOOP('',(#5113,#5114,#5115));
#993=EDGE_LOOP('',(#5116,#5117,#5118,#5119));
#994=EDGE_LOOP('',(#5120,#5121,#5122,#5123));
#995=EDGE_LOOP('',(#5124,#5125,#5126));
#996=EDGE_LOOP('',(#5127,#5128,#5129,#5130));
#997=EDGE_LOOP('',(#5131,#5132,#5133,#5134));
#998=EDGE_LOOP('',(#5135,#5136,#5137,#5138));
#999=EDGE_LOOP('',(#5139,#5140,#5141,#5142));
#1000=EDGE_LOOP('',(#5143,#5144,#5145,#5146));
#1001=EDGE_LOOP('',(#5147,#5148,#5149,#5150));
#1002=EDGE_LOOP('',(#5151,#5152,#5153,#5154));
#1003=EDGE_LOOP('',(#5155,#5156,#5157,#5158,#5159,#5160,#5161,#5162));
#1004=EDGE_LOOP('',(#5163,#5164,#5165,#5166));
#1005=EDGE_LOOP('',(#5167,#5168,#5169,#5170));
#1006=EDGE_LOOP('',(#5171,#5172,#5173,#5174));
#1007=EDGE_LOOP('',(#5175,#5176,#5177,#5178));
#1008=EDGE_LOOP('',(#5179,#5180,#5181,#5182));
#1009=EDGE_LOOP('',(#5183,#5184,#5185,#5186));
#1010=EDGE_LOOP('',(#5187,#5188,#5189,#5190));
#1011=EDGE_LOOP('',(#5191,#5192,#5193,#5194));
#1012=EDGE_LOOP('',(#5195,#5196,#5197,#5198));
#1013=EDGE_LOOP('',(#5199,#5200,#5201,#5202));
#1014=EDGE_LOOP('',(#5203,#5204,#5205,#5206));
#1015=EDGE_LOOP('',(#5207,#5208,#5209,#5210));
#1016=EDGE_LOOP('',(#5211,#5212,#5213,#5214));
#1017=EDGE_LOOP('',(#5215,#5216,#5217,#5218,#5219,#5220));
#1018=EDGE_LOOP('',(#5221,#5222,#5223,#5224,#5225,#5226));
#1019=EDGE_LOOP('',(#5227,#5228,#5229,#5230,#5231,#5232,#5233));
#1020=EDGE_LOOP('',(#5234,#5235,#5236,#5237));
#1021=EDGE_LOOP('',(#5238,#5239,#5240,#5241));
#1022=EDGE_LOOP('',(#5242,#5243,#5244,#5245,#5246,#5247,#5248,#5249));
#1023=EDGE_LOOP('',(#5250,#5251,#5252,#5253,#5254,#5255,#5256,#5257));
#1024=EDGE_LOOP('',(#5258,#5259,#5260,#5261));
#1025=EDGE_LOOP('',(#5262,#5263,#5264,#5265));
#1026=EDGE_LOOP('',(#5266,#5267,#5268,#5269));
#1027=EDGE_LOOP('',(#5270,#5271,#5272,#5273,#5274,#5275,#5276,#5277));
#1028=EDGE_LOOP('',(#5278,#5279,#5280,#5281,#5282,#5283,#5284));
#1029=EDGE_LOOP('',(#5285,#5286,#5287,#5288,#5289,#5290,#5291));
#1030=EDGE_LOOP('',(#5292,#5293,#5294,#5295,#5296,#5297,#5298));
#1031=EDGE_LOOP('',(#5299,#5300,#5301,#5302,#5303,#5304,#5305,#5306));
#1032=EDGE_LOOP('',(#5307,#5308,#5309,#5310));
#1033=EDGE_LOOP('',(#5311,#5312,#5313,#5314));
#1034=EDGE_LOOP('',(#5315,#5316,#5317,#5318));
#1035=EDGE_LOOP('',(#5319,#5320,#5321,#5322,#5323,#5324,#5325,#5326));
#1036=EDGE_LOOP('',(#5327,#5328,#5329,#5330,#5331,#5332,#5333));
#1037=EDGE_LOOP('',(#5334,#5335,#5336,#5337));
#1038=EDGE_LOOP('',(#5338,#5339,#5340,#5341));
#1039=EDGE_LOOP('',(#5342,#5343,#5344,#5345));
#1040=EDGE_LOOP('',(#5346,#5347,#5348,#5349,#5350,#5351,#5352,#5353));
#1041=EDGE_LOOP('',(#5354,#5355,#5356,#5357));
#1042=EDGE_LOOP('',(#5358,#5359,#5360,#5361));
#1043=EDGE_LOOP('',(#5362,#5363,#5364,#5365));
#1044=EDGE_LOOP('',(#5366,#5367,#5368,#5369));
#1045=EDGE_LOOP('',(#5370,#5371,#5372,#5373,#5374,#5375));
#1046=EDGE_LOOP('',(#5376,#5377,#5378,#5379,#5380));
#1047=EDGE_LOOP('',(#5381,#5382,#5383,#5384));
#1048=EDGE_LOOP('',(#5385,#5386,#5387,#5388));
#1049=EDGE_LOOP('',(#5389,#5390,#5391,#5392,#5393,#5394));
#1050=EDGE_LOOP('',(#5395,#5396,#5397,#5398,#5399,#5400,#5401,#5402,#5403,
#5404));
#1051=EDGE_LOOP('',(#5405,#5406,#5407,#5408,#5409));
#1052=EDGE_LOOP('',(#5410,#5411,#5412,#5413,#5414,#5415));
#1053=EDGE_LOOP('',(#5416,#5417,#5418,#5419));
#1054=EDGE_LOOP('',(#5420,#5421,#5422,#5423));
#1055=EDGE_LOOP('',(#5424,#5425,#5426,#5427));
#1056=EDGE_LOOP('',(#5428,#5429,#5430,#5431));
#1057=EDGE_LOOP('',(#5432,#5433,#5434,#5435,#5436,#5437));
#1058=EDGE_LOOP('',(#5438,#5439,#5440,#5441));
#1059=EDGE_LOOP('',(#5442,#5443,#5444,#5445));
#1060=EDGE_LOOP('',(#5446,#5447,#5448,#5449));
#1061=EDGE_LOOP('',(#5450,#5451,#5452,#5453));
#1062=EDGE_LOOP('',(#5454,#5455,#5456,#5457,#5458,#5459,#5460,#5461));
#1063=EDGE_LOOP('',(#5462,#5463,#5464,#5465,#5466,#5467,#5468,#5469,#5470,
#5471,#5472,#5473,#5474,#5475,#5476,#5477,#5478,#5479,#5480,#5481,#5482,
#5483,#5484,#5485,#5486,#5487));
#1064=EDGE_LOOP('',(#5488,#5489,#5490,#5491,#5492,#5493,#5494));
#1065=EDGE_LOOP('',(#5495,#5496,#5497,#5498,#5499));
#1066=EDGE_LOOP('',(#5500,#5501,#5502,#5503,#5504,#5505,#5506));
#1067=EDGE_LOOP('',(#5507,#5508,#5509,#5510,#5511));
#1068=EDGE_LOOP('',(#5512,#5513,#5514,#5515));
#1069=EDGE_LOOP('',(#5516,#5517,#5518,#5519));
#1070=EDGE_LOOP('',(#5520,#5521,#5522,#5523));
#1071=EDGE_LOOP('',(#5524,#5525,#5526,#5527,#5528));
#1072=EDGE_LOOP('',(#5529,#5530,#5531,#5532));
#1073=EDGE_LOOP('',(#5533,#5534,#5535,#5536,#5537));
#1074=EDGE_LOOP('',(#5538,#5539,#5540,#5541));
#1075=EDGE_LOOP('',(#5542,#5543,#5544,#5545));
#1076=EDGE_LOOP('',(#5546,#5547,#5548,#5549));
#1077=EDGE_LOOP('',(#5550,#5551,#5552,#5553,#5554));
#1078=EDGE_LOOP('',(#5555,#5556,#5557,#5558,#5559,#5560,#5561));
#1079=EDGE_LOOP('',(#5562,#5563,#5564,#5565,#5566));
#1080=EDGE_LOOP('',(#5567,#5568,#5569,#5570,#5571,#5572));
#1081=EDGE_LOOP('',(#5573,#5574,#5575,#5576,#5577,#5578,#5579,#5580,#5581));
#1082=EDGE_LOOP('',(#5582,#5583,#5584,#5585,#5586,#5587,#5588,#5589,#5590));
#1083=EDGE_LOOP('',(#5591,#5592,#5593,#5594));
#1084=EDGE_LOOP('',(#5595,#5596,#5597,#5598));
#1085=EDGE_LOOP('',(#5599,#5600,#5601,#5602));
#1086=EDGE_LOOP('',(#5603,#5604,#5605,#5606));
#1087=EDGE_LOOP('',(#5607,#5608,#5609,#5610));
#1088=EDGE_LOOP('',(#5611,#5612,#5613,#5614,#5615,#5616,#5617,#5618));
#1089=EDGE_LOOP('',(#5619,#5620,#5621,#5622));
#1090=EDGE_LOOP('',(#5623,#5624,#5625));
#1091=EDGE_LOOP('',(#5626,#5627,#5628));
#1092=EDGE_LOOP('',(#5629,#5630,#5631,#5632));
#1093=EDGE_LOOP('',(#5633,#5634,#5635,#5636));
#1094=LINE('',#7992,#1692);
#1095=LINE('',#7995,#1693);
#1096=LINE('',#7998,#1694);
#1097=LINE('',#8000,#1695);
#1098=LINE('',#8001,#1696);
#1099=LINE('',#8006,#1697);
#1100=LINE('',#8010,#1698);
#1101=LINE('',#8014,#1699);
#1102=LINE('',#8017,#1700);
#1103=LINE('',#8020,#1701);
#1104=LINE('',#8023,#1702);
#1105=LINE('',#8026,#1703);
#1106=LINE('',#8027,#1704);
#1107=LINE('',#8030,#1705);
#1108=LINE('',#8033,#1706);
#1109=LINE('',#8035,#1707);
#1110=LINE('',#8039,#1708);
#1111=LINE('',#8041,#1709);
#1112=LINE('',#8043,#1710);
#1113=LINE('',#8045,#1711);
#1114=LINE('',#8052,#1712);
#1115=LINE('',#8054,#1713);
#1116=LINE('',#8056,#1714);
#1117=LINE('',#8058,#1715);
#1118=LINE('',#8059,#1716);
#1119=LINE('',#8172,#1717);
#1120=LINE('',#8251,#1718);
#1121=LINE('',#8376,#1719);
#1122=LINE('',#8377,#1720);
#1123=LINE('',#8379,#1721);
#1124=LINE('',#8440,#1722);
#1125=LINE('',#8508,#1723);
#1126=LINE('',#8516,#1724);
#1127=LINE('',#8542,#1725);
#1128=LINE('',#8550,#1726);
#1129=LINE('',#8554,#1727);
#1130=LINE('',#8556,#1728);
#1131=LINE('',#8558,#1729);
#1132=LINE('',#8559,#1730);
#1133=LINE('',#8562,#1731);
#1134=LINE('',#8564,#1732);
#1135=LINE('',#8565,#1733);
#1136=LINE('',#8568,#1734);
#1137=LINE('',#8572,#1735);
#1138=LINE('',#8575,#1736);
#1139=LINE('',#8578,#1737);
#1140=LINE('',#8580,#1738);
#1141=LINE('',#8581,#1739);
#1142=LINE('',#8587,#1740);
#1143=LINE('',#8588,#1741);
#1144=LINE('',#8593,#1742);
#1145=LINE('',#8594,#1743);
#1146=LINE('',#8599,#1744);
#1147=LINE('',#8600,#1745);
#1148=LINE('',#8604,#1746);
#1149=LINE('',#8605,#1747);
#1150=LINE('',#8609,#1748);
#1151=LINE('',#8611,#1749);
#1152=LINE('',#8613,#1750);
#1153=LINE('',#8614,#1751);
#1154=LINE('',#8616,#1752);
#1155=LINE('',#8617,#1753);
#1156=LINE('',#8621,#1754);
#1157=LINE('',#8623,#1755);
#1158=LINE('',#8625,#1756);
#1159=LINE('',#8626,#1757);
#1160=LINE('',#8628,#1758);
#1161=LINE('',#8630,#1759);
#1162=LINE('',#8632,#1760);
#1163=LINE('',#8633,#1761);
#1164=LINE('',#8635,#1762);
#1165=LINE('',#8638,#1763);
#1166=LINE('',#8640,#1764);
#1167=LINE('',#8641,#1765);
#1168=LINE('',#8644,#1766);
#1169=LINE('',#8648,#1767);
#1170=LINE('',#8651,#1768);
#1171=LINE('',#8654,#1769);
#1172=LINE('',#8658,#1770);
#1173=LINE('',#8659,#1771);
#1174=LINE('',#8663,#1772);
#1175=LINE('',#8665,#1773);
#1176=LINE('',#8667,#1774);
#1177=LINE('',#8669,#1775);
#1178=LINE('',#8670,#1776);
#1179=LINE('',#8674,#1777);
#1180=LINE('',#8676,#1778);
#1181=LINE('',#8677,#1779);
#1182=LINE('',#8679,#1780);
#1183=LINE('',#8681,#1781);
#1184=LINE('',#8683,#1782);
#1185=LINE('',#8685,#1783);
#1186=LINE('',#8686,#1784);
#1187=LINE('',#8690,#1785);
#1188=LINE('',#8692,#1786);
#1189=LINE('',#8694,#1787);
#1190=LINE('',#8696,#1788);
#1191=LINE('',#8698,#1789);
#1192=LINE('',#8699,#1790);
#1193=LINE('',#8701,#1791);
#1194=LINE('',#8702,#1792);
#1195=LINE('',#8706,#1793);
#1196=LINE('',#8713,#1794);
#1197=LINE('',#8715,#1795);
#1198=LINE('',#8717,#1796);
#1199=LINE('',#8718,#1797);
#1200=LINE('',#8722,#1798);
#1201=LINE('',#8724,#1799);
#1202=LINE('',#8727,#1800);
#1203=LINE('',#8730,#1801);
#1204=LINE('',#8732,#1802);
#1205=LINE('',#8735,#1803);
#1206=LINE('',#8739,#1804);
#1207=LINE('',#8741,#1805);
#1208=LINE('',#8743,#1806);
#1209=LINE('',#8745,#1807);
#1210=LINE('',#8746,#1808);
#1211=LINE('',#8750,#1809);
#1212=LINE('',#8752,#1810);
#1213=LINE('',#8753,#1811);
#1214=LINE('',#8755,#1812);
#1215=LINE('',#8757,#1813);
#1216=LINE('',#8759,#1814);
#1217=LINE('',#8761,#1815);
#1218=LINE('',#8762,#1816);
#1219=LINE('',#8766,#1817);
#1220=LINE('',#8768,#1818);
#1221=LINE('',#8770,#1819);
#1222=LINE('',#8772,#1820);
#1223=LINE('',#8774,#1821);
#1224=LINE('',#8775,#1822);
#1225=LINE('',#8777,#1823);
#1226=LINE('',#8778,#1824);
#1227=LINE('',#8782,#1825);
#1228=LINE('',#8789,#1826);
#1229=LINE('',#8791,#1827);
#1230=LINE('',#8793,#1828);
#1231=LINE('',#8794,#1829);
#1232=LINE('',#8798,#1830);
#1233=LINE('',#8802,#1831);
#1234=LINE('',#8805,#1832);
#1235=LINE('',#8808,#1833);
#1236=LINE('',#8810,#1834);
#1237=LINE('',#8813,#1835);
#1238=LINE('',#8819,#1836);
#1239=LINE('',#8820,#1837);
#1240=LINE('',#8825,#1838);
#1241=LINE('',#8826,#1839);
#1242=LINE('',#8831,#1840);
#1243=LINE('',#8832,#1841);
#1244=LINE('',#8836,#1842);
#1245=LINE('',#8837,#1843);
#1246=LINE('',#8841,#1844);
#1247=LINE('',#8843,#1845);
#1248=LINE('',#8845,#1846);
#1249=LINE('',#8846,#1847);
#1250=LINE('',#8848,#1848);
#1251=LINE('',#8849,#1849);
#1252=LINE('',#8853,#1850);
#1253=LINE('',#8855,#1851);
#1254=LINE('',#8857,#1852);
#1255=LINE('',#8858,#1853);
#1256=LINE('',#8860,#1854);
#1257=LINE('',#8861,#1855);
#1258=LINE('',#8864,#1856);
#1259=LINE('',#8866,#1857);
#1260=LINE('',#8867,#1858);
#1261=LINE('',#8870,#1859);
#1262=LINE('',#8872,#1860);
#1263=LINE('',#8873,#1861);
#1264=LINE('',#8876,#1862);
#1265=LINE('',#8880,#1863);
#1266=LINE('',#8881,#1864);
#1267=LINE('',#8884,#1865);
#1268=LINE('',#8888,#1866);
#1269=LINE('',#8889,#1867);
#1270=LINE('',#8893,#1868);
#1271=LINE('',#8897,#1869);
#1272=LINE('',#8919,#1870);
#1273=LINE('',#8923,#1871);
#1274=LINE('',#8925,#1872);
#1275=LINE('',#8952,#1873);
#1276=LINE('',#8953,#1874);
#1277=LINE('',#8956,#1875);
#1278=LINE('',#8965,#1876);
#1279=LINE('',#8967,#1877);
#1280=LINE('',#8969,#1878);
#1281=LINE('',#8970,#1879);
#1282=LINE('',#8994,#1880);
#1283=LINE('',#8996,#1881);
#1284=LINE('',#8998,#1882);
#1285=LINE('',#8999,#1883);
#1286=LINE('',#9002,#1884);
#1287=LINE('',#9015,#1885);
#1288=LINE('',#9017,#1886);
#1289=LINE('',#9027,#1887);
#1290=LINE('',#9030,#1888);
#1291=LINE('',#9060,#1889);
#1292=LINE('',#9063,#1890);
#1293=LINE('',#9066,#1891);
#1294=LINE('',#9069,#1892);
#1295=LINE('',#9091,#1893);
#1296=LINE('',#9094,#1894);
#1297=LINE('',#9097,#1895);
#1298=LINE('',#9106,#1896);
#1299=LINE('',#9110,#1897);
#1300=LINE('',#9114,#1898);
#1301=LINE('',#9123,#1899);
#1302=LINE('',#9124,#1900);
#1303=LINE('',#9126,#1901);
#1304=LINE('',#9128,#1902);
#1305=LINE('',#9130,#1903);
#1306=LINE('',#9134,#1904);
#1307=LINE('',#9136,#1905);
#1308=LINE('',#9138,#1906);
#1309=LINE('',#9142,#1907);
#1310=LINE('',#9144,#1908);
#1311=LINE('',#9145,#1909);
#1312=LINE('',#9156,#1910);
#1313=LINE('',#9158,#1911);
#1314=LINE('',#9161,#1912);
#1315=LINE('',#9164,#1913);
#1316=LINE('',#9168,#1914);
#1317=LINE('',#9169,#1915);
#1318=LINE('',#9172,#1916);
#1319=LINE('',#9174,#1917);
#1320=LINE('',#9175,#1918);
#1321=LINE('',#9178,#1919);
#1322=LINE('',#9180,#1920);
#1323=LINE('',#9181,#1921);
#1324=LINE('',#9186,#1922);
#1325=LINE('',#9187,#1923);
#1326=LINE('',#9189,#1924);
#1327=LINE('',#9192,#1925);
#1328=LINE('',#9193,#1926);
#1329=LINE('',#9197,#1927);
#1330=LINE('',#9201,#1928);
#1331=LINE('',#9203,#1929);
#1332=LINE('',#9204,#1930);
#1333=LINE('',#9206,#1931);
#1334=LINE('',#9213,#1932);
#1335=LINE('',#9215,#1933);
#1336=LINE('',#9217,#1934);
#1337=LINE('',#9219,#1935);
#1338=LINE('',#9221,#1936);
#1339=LINE('',#9222,#1937);
#1340=LINE('',#9225,#1938);
#1341=LINE('',#9248,#1939);
#1342=LINE('',#9250,#1940);
#1343=LINE('',#9252,#1941);
#1344=LINE('',#9283,#1942);
#1345=LINE('',#9287,#1943);
#1346=LINE('',#9289,#1944);
#1347=LINE('',#9290,#1945);
#1348=LINE('',#9346,#1946);
#1349=LINE('',#9358,#1947);
#1350=LINE('',#9442,#1948);
#1351=LINE('',#9459,#1949);
#1352=LINE('',#9461,#1950);
#1353=LINE('',#9462,#1951);
#1354=LINE('',#9479,#1952);
#1355=LINE('',#9488,#1953);
#1356=LINE('',#9490,#1954);
#1357=LINE('',#9492,#1955);
#1358=LINE('',#9494,#1956);
#1359=LINE('',#9530,#1957);
#1360=LINE('',#9590,#1958);
#1361=LINE('',#9592,#1959);
#1362=LINE('',#9593,#1960);
#1363=LINE('',#9632,#1961);
#1364=LINE('',#9644,#1962);
#1365=LINE('',#9670,#1963);
#1366=LINE('',#9678,#1964);
#1367=LINE('',#9680,#1965);
#1368=LINE('',#9682,#1966);
#1369=LINE('',#9683,#1967);
#1370=LINE('',#9700,#1968);
#1371=LINE('',#9734,#1969);
#1372=LINE('',#9766,#1970);
#1373=LINE('',#9782,#1971);
#1374=LINE('',#9784,#1972);
#1375=LINE('',#9786,#1973);
#1376=LINE('',#9788,#1974);
#1377=LINE('',#9794,#1975);
#1378=LINE('',#9796,#1976);
#1379=LINE('',#9827,#1977);
#1380=LINE('',#9883,#1978);
#1381=LINE('',#9892,#1979);
#1382=LINE('',#9894,#1980);
#1383=LINE('',#9896,#1981);
#1384=LINE('',#9898,#1982);
#1385=LINE('',#9899,#1983);
#1386=LINE('',#9919,#1984);
#1387=LINE('',#9921,#1985);
#1388=LINE('',#9923,#1986);
#1389=LINE('',#9925,#1987);
#1390=LINE('',#9927,#1988);
#1391=LINE('',#9930,#1989);
#1392=LINE('',#9933,#1990);
#1393=LINE('',#9934,#1991);
#1394=LINE('',#9935,#1992);
#1395=LINE('',#9938,#1993);
#1396=LINE('',#9940,#1994);
#1397=LINE('',#9941,#1995);
#1398=LINE('',#9945,#1996);
#1399=LINE('',#9947,#1997);
#1400=LINE('',#9949,#1998);
#1401=LINE('',#9951,#1999);
#1402=LINE('',#9952,#2000);
#1403=LINE('',#9977,#2001);
#1404=LINE('',#10008,#2002);
#1405=LINE('',#10050,#2003);
#1406=LINE('',#10052,#2004);
#1407=LINE('',#10054,#2005);
#1408=LINE('',#10055,#2006);
#1409=LINE('',#10058,#2007);
#1410=LINE('',#10060,#2008);
#1411=LINE('',#10061,#2009);
#1412=LINE('',#10063,#2010);
#1413=LINE('',#10066,#2011);
#1414=LINE('',#10070,#2012);
#1415=LINE('',#10072,#2013);
#1416=LINE('',#10073,#2014);
#1417=LINE('',#10076,#2015);
#1418=LINE('',#10078,#2016);
#1419=LINE('',#10134,#2017);
#1420=LINE('',#10137,#2018);
#1421=LINE('',#10140,#2019);
#1422=LINE('',#10141,#2020);
#1423=LINE('',#10160,#2021);
#1424=LINE('',#10164,#2022);
#1425=LINE('',#10256,#2023);
#1426=LINE('',#10286,#2024);
#1427=LINE('',#10287,#2025);
#1428=LINE('',#10289,#2026);
#1429=LINE('',#10314,#2027);
#1430=LINE('',#10362,#2028);
#1431=LINE('',#10363,#2029);
#1432=LINE('',#10365,#2030);
#1433=LINE('',#10368,#2031);
#1434=LINE('',#10370,#2032);
#1435=LINE('',#10371,#2033);
#1436=LINE('',#10390,#2034);
#1437=LINE('',#10392,#2035);
#1438=LINE('',#10393,#2036);
#1439=LINE('',#10472,#2037);
#1440=LINE('',#10480,#2038);
#1441=LINE('',#10508,#2039);
#1442=LINE('',#10536,#2040);
#1443=LINE('',#10567,#2041);
#1444=LINE('',#10568,#2042);
#1445=LINE('',#10571,#2043);
#1446=LINE('',#10572,#2044);
#1447=LINE('',#10573,#2045);
#1448=LINE('',#10575,#2046);
#1449=LINE('',#10578,#2047);
#1450=LINE('',#10580,#2048);
#1451=LINE('',#10589,#2049);
#1452=LINE('',#10593,#2050);
#1453=LINE('',#10597,#2051);
#1454=LINE('',#10605,#2052);
#1455=LINE('',#10607,#2053);
#1456=LINE('',#10611,#2054);
#1457=LINE('',#10615,#2055);
#1458=LINE('',#10619,#2056);
#1459=LINE('',#10622,#2057);
#1460=LINE('',#10637,#2058);
#1461=LINE('',#10639,#2059);
#1462=LINE('',#10641,#2060);
#1463=LINE('',#10643,#2061);
#1464=LINE('',#10645,#2062);
#1465=LINE('',#10647,#2063);
#1466=LINE('',#10662,#2064);
#1467=LINE('',#10665,#2065);
#1468=LINE('',#10667,#2066);
#1469=LINE('',#10669,#2067);
#1470=LINE('',#10670,#2068);
#1471=LINE('',#10673,#2069);
#1472=LINE('',#10677,#2070);
#1473=LINE('',#10680,#2071);
#1474=LINE('',#10682,#2072);
#1475=LINE('',#10683,#2073);
#1476=LINE('',#10685,#2074);
#1477=LINE('',#10687,#2075);
#1478=LINE('',#10691,#2076);
#1479=LINE('',#10694,#2077);
#1480=LINE('',#10696,#2078);
#1481=LINE('',#10698,#2079);
#1482=LINE('',#10700,#2080);
#1483=LINE('',#10704,#2081);
#1484=LINE('',#10707,#2082);
#1485=LINE('',#10708,#2083);
#1486=LINE('',#10713,#2084);
#1487=LINE('',#10716,#2085);
#1488=LINE('',#10719,#2086);
#1489=LINE('',#10723,#2087);
#1490=LINE('',#10727,#2088);
#1491=LINE('',#10731,#2089);
#1492=LINE('',#10734,#2090);
#1493=LINE('',#10736,#2091);
#1494=LINE('',#10737,#2092);
#1495=LINE('',#10739,#2093);
#1496=LINE('',#10741,#2094);
#1497=LINE('',#10745,#2095);
#1498=LINE('',#10748,#2096);
#1499=LINE('',#10750,#2097);
#1500=LINE('',#10751,#2098);
#1501=LINE('',#10754,#2099);
#1502=LINE('',#10756,#2100);
#1503=LINE('',#10757,#2101);
#1504=LINE('',#10760,#2102);
#1505=LINE('',#10762,#2103);
#1506=LINE('',#10763,#2104);
#1507=LINE('',#10766,#2105);
#1508=LINE('',#10768,#2106);
#1509=LINE('',#10769,#2107);
#1510=LINE('',#10772,#2108);
#1511=LINE('',#10774,#2109);
#1512=LINE('',#10775,#2110);
#1513=LINE('',#10778,#2111);
#1514=LINE('',#10780,#2112);
#1515=LINE('',#10782,#2113);
#1516=LINE('',#10784,#2114);
#1517=LINE('',#10788,#2115);
#1518=LINE('',#10792,#2116);
#1519=LINE('',#10794,#2117);
#1520=LINE('',#10795,#2118);
#1521=LINE('',#10798,#2119);
#1522=LINE('',#10802,#2120);
#1523=LINE('',#10806,#2121);
#1524=LINE('',#10810,#2122);
#1525=LINE('',#10816,#2123);
#1526=LINE('',#10819,#2124);
#1527=LINE('',#10822,#2125);
#1528=LINE('',#10826,#2126);
#1529=LINE('',#10831,#2127);
#1530=LINE('',#10833,#2128);
#1531=LINE('',#10835,#2129);
#1532=LINE('',#10836,#2130);
#1533=LINE('',#10838,#2131);
#1534=LINE('',#10839,#2132);
#1535=LINE('',#10842,#2133);
#1536=LINE('',#10844,#2134);
#1537=LINE('',#10845,#2135);
#1538=LINE('',#10849,#2136);
#1539=LINE('',#10851,#2137);
#1540=LINE('',#10853,#2138);
#1541=LINE('',#10854,#2139);
#1542=LINE('',#10856,#2140);
#1543=LINE('',#10857,#2141);
#1544=LINE('',#10860,#2142);
#1545=LINE('',#10862,#2143);
#1546=LINE('',#10863,#2144);
#1547=LINE('',#10865,#2145);
#1548=LINE('',#10866,#2146);
#1549=LINE('',#10869,#2147);
#1550=LINE('',#10870,#2148);
#1551=LINE('',#10872,#2149);
#1552=LINE('',#10877,#2150);
#1553=LINE('',#10878,#2151);
#1554=LINE('',#10881,#2152);
#1555=LINE('',#10882,#2153);
#1556=LINE('',#10883,#2154);
#1557=LINE('',#10885,#2155);
#1558=LINE('',#10893,#2156);
#1559=LINE('',#10894,#2157);
#1560=LINE('',#10896,#2158);
#1561=LINE('',#10900,#2159);
#1562=LINE('',#10905,#2160);
#1563=LINE('',#10906,#2161);
#1564=LINE('',#10908,#2162);
#1565=LINE('',#10910,#2163);
#1566=LINE('',#10911,#2164);
#1567=LINE('',#10913,#2165);
#1568=LINE('',#10916,#2166);
#1569=LINE('',#10917,#2167);
#1570=LINE('',#10925,#2168);
#1571=LINE('',#10927,#2169);
#1572=LINE('',#10928,#2170);
#1573=LINE('',#10930,#2171);
#1574=LINE('',#10932,#2172);
#1575=LINE('',#10955,#2173);
#1576=LINE('',#10962,#2174);
#1577=LINE('',#10984,#2175);
#1578=LINE('',#10987,#2176);
#1579=LINE('',#10989,#2177);
#1580=LINE('',#10990,#2178);
#1581=LINE('',#11032,#2179);
#1582=LINE('',#11039,#2180);
#1583=LINE('',#11077,#2181);
#1584=LINE('',#11084,#2182);
#1585=LINE('',#11087,#2183);
#1586=LINE('',#11090,#2184);
#1587=LINE('',#11094,#2185);
#1588=LINE('',#11098,#2186);
#1589=LINE('',#11159,#2187);
#1590=LINE('',#11161,#2188);
#1591=LINE('',#11162,#2189);
#1592=LINE('',#11166,#2190);
#1593=LINE('',#11169,#2191);
#1594=LINE('',#11170,#2192);
#1595=LINE('',#11174,#2193);
#1596=LINE('',#11179,#2194);
#1597=LINE('',#11182,#2195);
#1598=LINE('',#11184,#2196);
#1599=LINE('',#11186,#2197);
#1600=LINE('',#11188,#2198);
#1601=LINE('',#11191,#2199);
#1602=LINE('',#11192,#2200);
#1603=LINE('',#11194,#2201);
#1604=LINE('',#11196,#2202);
#1605=LINE('',#11199,#2203);
#1606=LINE('',#11200,#2204);
#1607=LINE('',#11202,#2205);
#1608=LINE('',#11204,#2206);
#1609=LINE('',#11207,#2207);
#1610=LINE('',#11208,#2208);
#1611=LINE('',#11213,#2209);
#1612=LINE('',#11216,#2210);
#1613=LINE('',#11218,#2211);
#1614=LINE('',#11220,#2212);
#1615=LINE('',#11223,#2213);
#1616=LINE('',#11225,#2214);
#1617=LINE('',#11236,#2215);
#1618=LINE('',#11237,#2216);
#1619=LINE('',#11240,#2217);
#1620=LINE('',#11241,#2218);
#1621=LINE('',#11245,#2219);
#1622=LINE('',#11248,#2220);
#1623=LINE('',#11249,#2221);
#1624=LINE('',#11253,#2222);
#1625=LINE('',#11255,#2223);
#1626=LINE('',#11258,#2224);
#1627=LINE('',#11261,#2225);
#1628=LINE('',#11265,#2226);
#1629=LINE('',#11268,#2227);
#1630=LINE('',#11270,#2228);
#1631=LINE('',#11272,#2229);
#1632=LINE('',#11273,#2230);
#1633=LINE('',#11275,#2231);
#1634=LINE('',#11279,#2232);
#1635=LINE('',#11282,#2233);
#1636=LINE('',#11284,#2234);
#1637=LINE('',#11285,#2235);
#1638=LINE('',#11328,#2236);
#1639=LINE('',#11330,#2237);
#1640=LINE('',#11341,#2238);
#1641=LINE('',#11342,#2239);
#1642=LINE('',#11345,#2240);
#1643=LINE('',#11349,#2241);
#1644=LINE('',#11473,#2242);
#1645=LINE('',#11605,#2243);
#1646=LINE('',#11607,#2244);
#1647=LINE('',#11609,#2245);
#1648=LINE('',#11610,#2246);
#1649=LINE('',#11613,#2247);
#1650=LINE('',#11615,#2248);
#1651=LINE('',#11616,#2249);
#1652=LINE('',#11619,#2250);
#1653=LINE('',#11621,#2251);
#1654=LINE('',#11622,#2252);
#1655=LINE('',#11624,#2253);
#1656=LINE('',#11626,#2254);
#1657=LINE('',#11627,#2255);
#1658=LINE('',#11631,#2256);
#1659=LINE('',#11637,#2257);
#1660=LINE('',#11638,#2258);
#1661=LINE('',#11639,#2259);
#1662=LINE('',#11642,#2260);
#1663=LINE('',#11643,#2261);
#1664=LINE('',#11646,#2262);
#1665=LINE('',#11647,#2263);
#1666=LINE('',#11649,#2264);
#1667=LINE('',#11652,#2265);
#1668=LINE('',#11653,#2266);
#1669=LINE('',#11655,#2267);
#1670=LINE('',#11658,#2268);
#1671=LINE('',#11661,#2269);
#1672=LINE('',#11662,#2270);
#1673=LINE('',#11664,#2271);
#1674=LINE('',#11666,#2272);
#1675=LINE('',#11669,#2273);
#1676=LINE('',#11671,#2274);
#1677=LINE('',#11685,#2275);
#1678=LINE('',#11689,#2276);
#1679=LINE('',#11691,#2277);
#1680=LINE('',#11692,#2278);
#1681=LINE('',#11696,#2279);
#1682=LINE('',#11699,#2280);
#1683=LINE('',#11703,#2281);
#1684=LINE('',#11704,#2282);
#1685=LINE('',#11707,#2283);
#1686=LINE('',#11710,#2284);
#1687=LINE('',#11712,#2285);
#1688=LINE('',#11723,#2286);
#1689=LINE('',#11725,#2287);
#1690=LINE('',#11727,#2288);
#1691=LINE('',#11728,#2289);
#1692=VECTOR('',#6496,10.);
#1693=VECTOR('',#6499,10.);
#1694=VECTOR('',#6502,10.);
#1695=VECTOR('',#6503,10.);
#1696=VECTOR('',#6504,10.);
#1697=VECTOR('',#6509,10.);
#1698=VECTOR('',#6514,10.);
#1699=VECTOR('',#6517,10.);
#1700=VECTOR('',#6520,10.);
#1701=VECTOR('',#6523,10.);
#1702=VECTOR('',#6526,10.);
#1703=VECTOR('',#6529,10.);
#1704=VECTOR('',#6530,10.);
#1705=VECTOR('',#6533,10.);
#1706=VECTOR('',#6538,10.);
#1707=VECTOR('',#6541,10.);
#1708=VECTOR('',#6544,10.);
#1709=VECTOR('',#6545,10.);
#1710=VECTOR('',#6546,10.);
#1711=VECTOR('',#6547,10.);
#1712=VECTOR('',#6548,10.);
#1713=VECTOR('',#6549,10.);
#1714=VECTOR('',#6550,10.);
#1715=VECTOR('',#6551,10.);
#1716=VECTOR('',#6552,10.);
#1717=VECTOR('',#6553,10.);
#1718=VECTOR('',#6554,10.);
#1719=VECTOR('',#6557,10.);
#1720=VECTOR('',#6558,10.);
#1721=VECTOR('',#6559,10.);
#1722=VECTOR('',#6562,10.);
#1723=VECTOR('',#6567,10.);
#1724=VECTOR('',#6568,10.);
#1725=VECTOR('',#6569,10.);
#1726=VECTOR('',#6570,10.);
#1727=VECTOR('',#6573,10.);
#1728=VECTOR('',#6574,10.);
#1729=VECTOR('',#6575,10.);
#1730=VECTOR('',#6576,10.);
#1731=VECTOR('',#6579,10.);
#1732=VECTOR('',#6580,10.);
#1733=VECTOR('',#6581,10.);
#1734=VECTOR('',#6584,10.);
#1735=VECTOR('',#6587,10.);
#1736=VECTOR('',#6590,10.);
#1737=VECTOR('',#6593,10.);
#1738=VECTOR('',#6594,10.);
#1739=VECTOR('',#6595,10.);
#1740=VECTOR('',#6600,10.);
#1741=VECTOR('',#6601,10.);
#1742=VECTOR('',#6606,10.);
#1743=VECTOR('',#6607,10.);
#1744=VECTOR('',#6612,10.);
#1745=VECTOR('',#6613,10.);
#1746=VECTOR('',#6618,10.);
#1747=VECTOR('',#6619,10.);
#1748=VECTOR('',#6622,10.);
#1749=VECTOR('',#6623,10.);
#1750=VECTOR('',#6624,10.);
#1751=VECTOR('',#6625,10.);
#1752=VECTOR('',#6628,10.);
#1753=VECTOR('',#6629,10.);
#1754=VECTOR('',#6632,10.);
#1755=VECTOR('',#6633,10.);
#1756=VECTOR('',#6634,10.);
#1757=VECTOR('',#6635,10.);
#1758=VECTOR('',#6638,10.);
#1759=VECTOR('',#6639,10.);
#1760=VECTOR('',#6640,10.);
#1761=VECTOR('',#6641,10.);
#1762=VECTOR('',#6644,10.);
#1763=VECTOR('',#6647,10.);
#1764=VECTOR('',#6648,10.);
#1765=VECTOR('',#6649,10.);
#1766=VECTOR('',#6652,10.);
#1767=VECTOR('',#6655,10.);
#1768=VECTOR('',#6658,10.);
#1769=VECTOR('',#6661,10.);
#1770=VECTOR('',#6664,10.);
#1771=VECTOR('',#6665,10.);
#1772=VECTOR('',#6668,10.);
#1773=VECTOR('',#6669,10.);
#1774=VECTOR('',#6670,10.);
#1775=VECTOR('',#6671,10.);
#1776=VECTOR('',#6672,10.);
#1777=VECTOR('',#6675,10.);
#1778=VECTOR('',#6676,10.);
#1779=VECTOR('',#6677,10.);
#1780=VECTOR('',#6678,10.);
#1781=VECTOR('',#6679,10.);
#1782=VECTOR('',#6680,10.);
#1783=VECTOR('',#6681,10.);
#1784=VECTOR('',#6682,10.);
#1785=VECTOR('',#6685,10.);
#1786=VECTOR('',#6686,10.);
#1787=VECTOR('',#6687,10.);
#1788=VECTOR('',#6688,10.);
#1789=VECTOR('',#6689,10.);
#1790=VECTOR('',#6690,10.);
#1791=VECTOR('',#6691,10.);
#1792=VECTOR('',#6692,10.);
#1793=VECTOR('',#6697,10.);
#1794=VECTOR('',#6710,10.);
#1795=VECTOR('',#6713,10.);
#1796=VECTOR('',#6716,10.);
#1797=VECTOR('',#6717,10.);
#1798=VECTOR('',#6722,10.);
#1799=VECTOR('',#6723,10.);
#1800=VECTOR('',#6726,10.);
#1801=VECTOR('',#6729,10.);
#1802=VECTOR('',#6730,10.);
#1803=VECTOR('',#6733,10.);
#1804=VECTOR('',#6736,10.);
#1805=VECTOR('',#6737,10.);
#1806=VECTOR('',#6738,10.);
#1807=VECTOR('',#6739,10.);
#1808=VECTOR('',#6740,10.);
#1809=VECTOR('',#6743,10.);
#1810=VECTOR('',#6744,10.);
#1811=VECTOR('',#6745,10.);
#1812=VECTOR('',#6746,10.);
#1813=VECTOR('',#6747,10.);
#1814=VECTOR('',#6748,10.);
#1815=VECTOR('',#6749,10.);
#1816=VECTOR('',#6750,10.);
#1817=VECTOR('',#6753,10.);
#1818=VECTOR('',#6754,10.);
#1819=VECTOR('',#6755,10.);
#1820=VECTOR('',#6756,10.);
#1821=VECTOR('',#6757,10.);
#1822=VECTOR('',#6758,10.);
#1823=VECTOR('',#6759,10.);
#1824=VECTOR('',#6760,10.);
#1825=VECTOR('',#6765,10.);
#1826=VECTOR('',#6778,10.);
#1827=VECTOR('',#6781,10.);
#1828=VECTOR('',#6784,10.);
#1829=VECTOR('',#6785,10.);
#1830=VECTOR('',#6790,10.);
#1831=VECTOR('',#6793,10.);
#1832=VECTOR('',#6796,10.);
#1833=VECTOR('',#6799,10.);
#1834=VECTOR('',#6800,10.);
#1835=VECTOR('',#6803,10.);
#1836=VECTOR('',#6808,10.);
#1837=VECTOR('',#6809,10.);
#1838=VECTOR('',#6814,10.);
#1839=VECTOR('',#6815,10.);
#1840=VECTOR('',#6820,10.);
#1841=VECTOR('',#6821,10.);
#1842=VECTOR('',#6826,10.);
#1843=VECTOR('',#6827,10.);
#1844=VECTOR('',#6830,10.);
#1845=VECTOR('',#6831,10.);
#1846=VECTOR('',#6832,10.);
#1847=VECTOR('',#6833,10.);
#1848=VECTOR('',#6836,10.);
#1849=VECTOR('',#6837,10.);
#1850=VECTOR('',#6840,10.);
#1851=VECTOR('',#6841,10.);
#1852=VECTOR('',#6842,10.);
#1853=VECTOR('',#6843,10.);
#1854=VECTOR('',#6846,10.);
#1855=VECTOR('',#6847,10.);
#1856=VECTOR('',#6850,10.);
#1857=VECTOR('',#6851,10.);
#1858=VECTOR('',#6852,10.);
#1859=VECTOR('',#6855,10.);
#1860=VECTOR('',#6856,10.);
#1861=VECTOR('',#6857,10.);
#1862=VECTOR('',#6860,10.);
#1863=VECTOR('',#6863,10.);
#1864=VECTOR('',#6864,10.);
#1865=VECTOR('',#6867,10.);
#1866=VECTOR('',#6870,10.);
#1867=VECTOR('',#6871,10.);
#1868=VECTOR('',#6874,10.);
#1869=VECTOR('',#6877,10.);
#1870=VECTOR('',#6888,10.);
#1871=VECTOR('',#6893,10.);
#1872=VECTOR('',#6894,10.);
#1873=VECTOR('',#6907,10.);
#1874=VECTOR('',#6908,10.);
#1875=VECTOR('',#6911,10.);
#1876=VECTOR('',#6912,10.);
#1877=VECTOR('',#6913,10.);
#1878=VECTOR('',#6914,10.);
#1879=VECTOR('',#6915,10.);
#1880=VECTOR('',#6920,10.);
#1881=VECTOR('',#6921,10.);
#1882=VECTOR('',#6922,10.);
#1883=VECTOR('',#6923,10.);
#1884=VECTOR('',#6926,10.);
#1885=VECTOR('',#6931,10.);
#1886=VECTOR('',#6932,10.);
#1887=VECTOR('',#6937,10.);
#1888=VECTOR('',#6940,10.);
#1889=VECTOR('',#6949,10.);
#1890=VECTOR('',#6952,10.);
#1891=VECTOR('',#6955,10.);
#1892=VECTOR('',#6958,10.);
#1893=VECTOR('',#6967,10.);
#1894=VECTOR('',#6970,10.);
#1895=VECTOR('',#6973,10.);
#1896=VECTOR('',#6974,10.);
#1897=VECTOR('',#6977,10.);
#1898=VECTOR('',#6980,10.);
#1899=VECTOR('',#6981,10.);
#1900=VECTOR('',#6982,10.);
#1901=VECTOR('',#6983,10.);
#1902=VECTOR('',#6984,10.);
#1903=VECTOR('',#6985,10.);
#1904=VECTOR('',#6988,10.);
#1905=VECTOR('',#6989,10.);
#1906=VECTOR('',#6990,10.);
#1907=VECTOR('',#6993,10.);
#1908=VECTOR('',#6994,10.);
#1909=VECTOR('',#6995,10.);
#1910=VECTOR('',#7006,10.);
#1911=VECTOR('',#7007,10.);
#1912=VECTOR('',#7010,10.);
#1913=VECTOR('',#7013,10.);
#1914=VECTOR('',#7016,10.);
#1915=VECTOR('',#7017,10.);
#1916=VECTOR('',#7020,10.);
#1917=VECTOR('',#7021,10.);
#1918=VECTOR('',#7022,10.);
#1919=VECTOR('',#7025,10.);
#1920=VECTOR('',#7026,10.);
#1921=VECTOR('',#7027,10.);
#1922=VECTOR('',#7032,10.);
#1923=VECTOR('',#7033,10.);
#1924=VECTOR('',#7036,10.);
#1925=VECTOR('',#7039,10.);
#1926=VECTOR('',#7040,10.);
#1927=VECTOR('',#7045,10.);
#1928=VECTOR('',#7048,10.);
#1929=VECTOR('',#7049,10.);
#1930=VECTOR('',#7050,10.);
#1931=VECTOR('',#7051,10.);
#1932=VECTOR('',#7052,10.);
#1933=VECTOR('',#7053,10.);
#1934=VECTOR('',#7054,10.);
#1935=VECTOR('',#7055,10.);
#1936=VECTOR('',#7056,10.);
#1937=VECTOR('',#7057,10.);
#1938=VECTOR('',#7060,10.);
#1939=VECTOR('',#7063,10.);
#1940=VECTOR('',#7064,10.);
#1941=VECTOR('',#7065,10.);
#1942=VECTOR('',#7066,10.);
#1943=VECTOR('',#7071,10.);
#1944=VECTOR('',#7072,10.);
#1945=VECTOR('',#7073,10.);
#1946=VECTOR('',#7076,10.);
#1947=VECTOR('',#7077,10.);
#1948=VECTOR('',#7078,10.);
#1949=VECTOR('',#7081,10.);
#1950=VECTOR('',#7082,9.99999999999999);
#1951=VECTOR('',#7083,10.);
#1952=VECTOR('',#7084,10.);
#1953=VECTOR('',#7089,10.);
#1954=VECTOR('',#7090,10.);
#1955=VECTOR('',#7091,10.);
#1956=VECTOR('',#7092,10.);
#1957=VECTOR('',#7093,10.);
#1958=VECTOR('',#7096,10.);
#1959=VECTOR('',#7097,10.);
#1960=VECTOR('',#7098,10.);
#1961=VECTOR('',#7099,10.);
#1962=VECTOR('',#7100,10.);
#1963=VECTOR('',#7101,10.);
#1964=VECTOR('',#7104,10.);
#1965=VECTOR('',#7105,10.);
#1966=VECTOR('',#7106,10.);
#1967=VECTOR('',#7107,10.);
#1968=VECTOR('',#7108,10.);
#1969=VECTOR('',#7111,10.);
#1970=VECTOR('',#7116,10.);
#1971=VECTOR('',#7117,10.);
#1972=VECTOR('',#7118,10.);
#1973=VECTOR('',#7119,10.);
#1974=VECTOR('',#7120,10.);
#1975=VECTOR('',#7127,10.);
#1976=VECTOR('',#7128,10.);
#1977=VECTOR('',#7129,10.);
#1978=VECTOR('',#7132,10.);
#1979=VECTOR('',#7135,10.);
#1980=VECTOR('',#7136,10.);
#1981=VECTOR('',#7137,10.);
#1982=VECTOR('',#7138,10.);
#1983=VECTOR('',#7139,10.);
#1984=VECTOR('',#7144,10.);
#1985=VECTOR('',#7145,10.);
#1986=VECTOR('',#7146,10.);
#1987=VECTOR('',#7147,10.);
#1988=VECTOR('',#7148,10.);
#1989=VECTOR('',#7151,10.);
#1990=VECTOR('',#7154,10.);
#1991=VECTOR('',#7155,10.);
#1992=VECTOR('',#7156,9.99999999999999);
#1993=VECTOR('',#7159,10.);
#1994=VECTOR('',#7160,10.);
#1995=VECTOR('',#7161,10.);
#1996=VECTOR('',#7166,10.);
#1997=VECTOR('',#7167,10.);
#1998=VECTOR('',#7168,10.);
#1999=VECTOR('',#7169,10.);
#2000=VECTOR('',#7170,10.);
#2001=VECTOR('',#7171,10.);
#2002=VECTOR('',#7172,10.);
#2003=VECTOR('',#7179,10.);
#2004=VECTOR('',#7180,10.);
#2005=VECTOR('',#7181,10.);
#2006=VECTOR('',#7182,10.);
#2007=VECTOR('',#7185,9.99999999999999);
#2008=VECTOR('',#7186,10.);
#2009=VECTOR('',#7187,10.);
#2010=VECTOR('',#7190,10.);
#2011=VECTOR('',#7193,10.);
#2012=VECTOR('',#7196,10.);
#2013=VECTOR('',#7197,10.);
#2014=VECTOR('',#7198,10.);
#2015=VECTOR('',#7201,10.);
#2016=VECTOR('',#7202,10.);
#2017=VECTOR('',#7213,10.);
#2018=VECTOR('',#7216,10.);
#2019=VECTOR('',#7219,10.);
#2020=VECTOR('',#7220,10.);
#2021=VECTOR('',#7221,10.);
#2022=VECTOR('',#7224,10.);
#2023=VECTOR('',#7227,10.);
#2024=VECTOR('',#7228,10.);
#2025=VECTOR('',#7229,10.);
#2026=VECTOR('',#7232,10.);
#2027=VECTOR('',#7233,10.);
#2028=VECTOR('',#7236,10.);
#2029=VECTOR('',#7237,10.);
#2030=VECTOR('',#7240,10.);
#2031=VECTOR('',#7243,10.);
#2032=VECTOR('',#7244,10.);
#2033=VECTOR('',#7245,10.);
#2034=VECTOR('',#7246,10.);
#2035=VECTOR('',#7247,10.);
#2036=VECTOR('',#7248,10.);
#2037=VECTOR('',#7249,10.);
#2038=VECTOR('',#7252,10.);
#2039=VECTOR('',#7255,10.);
#2040=VECTOR('',#7258,10.);
#2041=VECTOR('',#7261,10.);
#2042=VECTOR('',#7262,10.);
#2043=VECTOR('',#7265,10.);
#2044=VECTOR('',#7266,10.);
#2045=VECTOR('',#7267,10.);
#2046=VECTOR('',#7270,10.);
#2047=VECTOR('',#7273,10.);
#2048=VECTOR('',#7274,10.);
#2049=VECTOR('',#7275,10.);
#2050=VECTOR('',#7278,10.);
#2051=VECTOR('',#7281,10.);
#2052=VECTOR('',#7282,10.);
#2053=VECTOR('',#7283,10.);
#2054=VECTOR('',#7286,10.);
#2055=VECTOR('',#7289,10.);
#2056=VECTOR('',#7292,10.);
#2057=VECTOR('',#7297,10.);
#2058=VECTOR('',#7298,10.);
#2059=VECTOR('',#7301,10.);
#2060=VECTOR('',#7304,10.);
#2061=VECTOR('',#7307,10.);
#2062=VECTOR('',#7310,10.);
#2063=VECTOR('',#7313,10.);
#2064=VECTOR('',#7314,10.);
#2065=VECTOR('',#7319,10.);
#2066=VECTOR('',#7320,10.);
#2067=VECTOR('',#7321,10.);
#2068=VECTOR('',#7322,10.);
#2069=VECTOR('',#7325,10.);
#2070=VECTOR('',#7330,10.);
#2071=VECTOR('',#7333,10.);
#2072=VECTOR('',#7334,10.);
#2073=VECTOR('',#7335,10.);
#2074=VECTOR('',#7338,10.);
#2075=VECTOR('',#7339,10.);
#2076=VECTOR('',#7342,10.);
#2077=VECTOR('',#7347,10.);
#2078=VECTOR('',#7348,10.);
#2079=VECTOR('',#7349,10.);
#2080=VECTOR('',#7350,10.);
#2081=VECTOR('',#7353,10.);
#2082=VECTOR('',#7356,10.);
#2083=VECTOR('',#7357,10.);
#2084=VECTOR('',#7360,10.);
#2085=VECTOR('',#7363,10.);
#2086=VECTOR('',#7364,10.);
#2087=VECTOR('',#7367,10.);
#2088=VECTOR('',#7372,10.);
#2089=VECTOR('',#7377,10.);
#2090=VECTOR('',#7380,10.);
#2091=VECTOR('',#7381,10.);
#2092=VECTOR('',#7382,10.);
#2093=VECTOR('',#7385,10.);
#2094=VECTOR('',#7386,10.);
#2095=VECTOR('',#7389,10.);
#2096=VECTOR('',#7394,10.);
#2097=VECTOR('',#7395,10.);
#2098=VECTOR('',#7396,10.);
#2099=VECTOR('',#7399,10.);
#2100=VECTOR('',#7400,10.);
#2101=VECTOR('',#7401,10.);
#2102=VECTOR('',#7404,10.);
#2103=VECTOR('',#7405,10.);
#2104=VECTOR('',#7406,10.);
#2105=VECTOR('',#7409,10.);
#2106=VECTOR('',#7410,10.);
#2107=VECTOR('',#7411,10.);
#2108=VECTOR('',#7414,10.);
#2109=VECTOR('',#7415,10.);
#2110=VECTOR('',#7416,10.);
#2111=VECTOR('',#7419,10.);
#2112=VECTOR('',#7420,10.);
#2113=VECTOR('',#7421,10.);
#2114=VECTOR('',#7422,10.);
#2115=VECTOR('',#7425,10.);
#2116=VECTOR('',#7428,10.);
#2117=VECTOR('',#7429,10.);
#2118=VECTOR('',#7430,10.);
#2119=VECTOR('',#7431,10.);
#2120=VECTOR('',#7434,10.);
#2121=VECTOR('',#7437,10.);
#2122=VECTOR('',#7440,10.);
#2123=VECTOR('',#7445,10.);
#2124=VECTOR('',#7448,10.);
#2125=VECTOR('',#7449,10.);
#2126=VECTOR('',#7452,10.);
#2127=VECTOR('',#7457,10.);
#2128=VECTOR('',#7458,10.);
#2129=VECTOR('',#7459,10.);
#2130=VECTOR('',#7460,10.);
#2131=VECTOR('',#7463,10.);
#2132=VECTOR('',#7464,10.);
#2133=VECTOR('',#7467,10.);
#2134=VECTOR('',#7468,10.);
#2135=VECTOR('',#7469,10.);
#2136=VECTOR('',#7472,10.);
#2137=VECTOR('',#7473,10.);
#2138=VECTOR('',#7474,10.);
#2139=VECTOR('',#7475,10.);
#2140=VECTOR('',#7478,10.);
#2141=VECTOR('',#7479,10.);
#2142=VECTOR('',#7482,10.);
#2143=VECTOR('',#7483,10.);
#2144=VECTOR('',#7484,10.);
#2145=VECTOR('',#7485,10.);
#2146=VECTOR('',#7486,10.);
#2147=VECTOR('',#7489,10.);
#2148=VECTOR('',#7490,10.);
#2149=VECTOR('',#7493,2.25);
#2150=VECTOR('',#7498,10.);
#2151=VECTOR('',#7499,10.);
#2152=VECTOR('',#7502,10.);
#2153=VECTOR('',#7503,10.);
#2154=VECTOR('',#7504,10.);
#2155=VECTOR('',#7507,10.);
#2156=VECTOR('',#7518,10.);
#2157=VECTOR('',#7519,10.);
#2158=VECTOR('',#7522,10.);
#2159=VECTOR('',#7529,2.25);
#2160=VECTOR('',#7534,10.);
#2161=VECTOR('',#7535,10.);
#2162=VECTOR('',#7538,10.);
#2163=VECTOR('',#7539,10.);
#2164=VECTOR('',#7540,10.);
#2165=VECTOR('',#7543,10.);
#2166=VECTOR('',#7546,10.);
#2167=VECTOR('',#7547,10.);
#2168=VECTOR('',#7558,10.);
#2169=VECTOR('',#7559,10.);
#2170=VECTOR('',#7560,10.);
#2171=VECTOR('',#7563,10.);
#2172=VECTOR('',#7566,10.);
#2173=VECTOR('',#7569,10.);
#2174=VECTOR('',#7570,10.);
#2175=VECTOR('',#7571,10.);
#2176=VECTOR('',#7574,10.);
#2177=VECTOR('',#7575,10.);
#2178=VECTOR('',#7576,10.);
#2179=VECTOR('',#7577,10.);
#2180=VECTOR('',#7578,10.);
#2181=VECTOR('',#7579,10.);
#2182=VECTOR('',#7582,10.);
#2183=VECTOR('',#7585,10.);
#2184=VECTOR('',#7588,10.);
#2185=VECTOR('',#7591,10.);
#2186=VECTOR('',#7596,10.);
#2187=VECTOR('',#7631,10.);
#2188=VECTOR('',#7632,10.);
#2189=VECTOR('',#7633,10.);
#2190=VECTOR('',#7638,10.);
#2191=VECTOR('',#7641,10.);
#2192=VECTOR('',#7642,10.);
#2193=VECTOR('',#7647,10.);
#2194=VECTOR('',#7652,10.);
#2195=VECTOR('',#7655,10.);
#2196=VECTOR('',#7658,10.);
#2197=VECTOR('',#7661,10.);
#2198=VECTOR('',#7664,10.);
#2199=VECTOR('',#7669,10.);
#2200=VECTOR('',#7670,10.);
#2201=VECTOR('',#7673,10.);
#2202=VECTOR('',#7676,10.);
#2203=VECTOR('',#7681,10.);
#2204=VECTOR('',#7682,10.);
#2205=VECTOR('',#7685,10.);
#2206=VECTOR('',#7688,10.);
#2207=VECTOR('',#7693,10.);
#2208=VECTOR('',#7694,10.);
#2209=VECTOR('',#7701,10.);
#2210=VECTOR('',#7706,10.);
#2211=VECTOR('',#7709,10.);
#2212=VECTOR('',#7712,10.);
#2213=VECTOR('',#7715,10.);
#2214=VECTOR('',#7716,10.);
#2215=VECTOR('',#7717,10.);
#2216=VECTOR('',#7718,10.);
#2217=VECTOR('',#7721,10.);
#2218=VECTOR('',#7722,10.);
#2219=VECTOR('',#7727,10.);
#2220=VECTOR('',#7730,10.);
#2221=VECTOR('',#7731,10.);
#2222=VECTOR('',#7736,10.);
#2223=VECTOR('',#7739,10.);
#2224=VECTOR('',#7744,2.25);
#2225=VECTOR('',#7747,10.);
#2226=VECTOR('',#7750,10.);
#2227=VECTOR('',#7753,10.);
#2228=VECTOR('',#7756,10.);
#2229=VECTOR('',#7759,10.);
#2230=VECTOR('',#7760,10.);
#2231=VECTOR('',#7763,10.);
#2232=VECTOR('',#7770,2.25);
#2233=VECTOR('',#7773,10.);
#2234=VECTOR('',#7774,10.);
#2235=VECTOR('',#7775,10.);
#2236=VECTOR('',#7778,10.);
#2237=VECTOR('',#7779,10.);
#2238=VECTOR('',#7780,10.);
#2239=VECTOR('',#7781,10.);
#2240=VECTOR('',#7784,10.);
#2241=VECTOR('',#7789,10.);
#2242=VECTOR('',#7818,10.);
#2243=VECTOR('',#7853,10.);
#2244=VECTOR('',#7854,10.);
#2245=VECTOR('',#7855,10.);
#2246=VECTOR('',#7856,10.);
#2247=VECTOR('',#7859,10.);
#2248=VECTOR('',#7860,10.);
#2249=VECTOR('',#7861,10.);
#2250=VECTOR('',#7864,10.);
#2251=VECTOR('',#7865,10.);
#2252=VECTOR('',#7866,10.);
#2253=VECTOR('',#7869,10.);
#2254=VECTOR('',#7872,10.);
#2255=VECTOR('',#7873,10.);
#2256=VECTOR('',#7878,10.);
#2257=VECTOR('',#7885,10.);
#2258=VECTOR('',#7886,10.);
#2259=VECTOR('',#7887,10.);
#2260=VECTOR('',#7890,10.);
#2261=VECTOR('',#7891,10.);
#2262=VECTOR('',#7894,10.);
#2263=VECTOR('',#7895,10.);
#2264=VECTOR('',#7898,10.);
#2265=VECTOR('',#7901,10.);
#2266=VECTOR('',#7902,10.);
#2267=VECTOR('',#7905,10.);
#2268=VECTOR('',#7910,10.);
#2269=VECTOR('',#7913,10.);
#2270=VECTOR('',#7914,10.);
#2271=VECTOR('',#7917,10.);
#2272=VECTOR('',#7920,10.);
#2273=VECTOR('',#7925,10.);
#2274=VECTOR('',#7928,10.);
#2275=VECTOR('',#7941,10.);
#2276=VECTOR('',#7946,10.);
#2277=VECTOR('',#7947,10.);
#2278=VECTOR('',#7948,10.);
#2279=VECTOR('',#7951,10.);
#2280=VECTOR('',#7954,10.);
#2281=VECTOR('',#7959,10.);
#2282=VECTOR('',#7960,10.);
#2283=VECTOR('',#7963,10.);
#2284=VECTOR('',#7968,10.);
#2285=VECTOR('',#7969,10.);
#2286=VECTOR('',#7980,10.);
#2287=VECTOR('',#7981,10.);
#2288=VECTOR('',#7982,10.);
#2289=VECTOR('',#7983,10.);
#2290=CIRCLE('',#6043,2.);
#2291=CIRCLE('',#6044,2.);
#2292=CIRCLE('',#6047,2.);
#2293=CIRCLE('',#6048,2.);
#2294=CIRCLE('',#6050,2.);
#2295=CIRCLE('',#6051,2.);
#2296=CIRCLE('',#6053,2.);
#2297=CIRCLE('',#6056,2.);
#2298=CIRCLE('',#6071,2.25);
#2299=CIRCLE('',#6073,2.25);
#2300=CIRCLE('',#6075,2.25);
#2301=CIRCLE('',#6077,2.25);
#2302=CIRCLE('',#6085,0.5);
#2303=CIRCLE('',#6086,0.5);
#2304=CIRCLE('',#6093,2.25);
#2305=CIRCLE('',#6095,2.25);
#2306=CIRCLE('',#6097,2.25);
#2307=CIRCLE('',#6099,2.25);
#2308=CIRCLE('',#6104,0.5);
#2309=CIRCLE('',#6106,2.);
#2310=CIRCLE('',#6111,2.25);
#2311=CIRCLE('',#6113,2.25);
#2312=CIRCLE('',#6115,2.25);
#2313=CIRCLE('',#6117,2.25);
#2314=CIRCLE('',#6122,0.5);
#2315=CIRCLE('',#6123,0.5);
#2316=CIRCLE('',#6127,2.25);
#2317=CIRCLE('',#6129,2.25);
#2318=CIRCLE('',#6131,2.25);
#2319=CIRCLE('',#6133,2.25);
#2320=CIRCLE('',#6141,0.5);
#2321=CIRCLE('',#6143,2.);
#2322=CIRCLE('',#6145,0.2);
#2323=CIRCLE('',#6147,11.5584999999999);
#2324=CIRCLE('',#6148,0.2);
#2325=CIRCLE('',#6149,11.3584999999999);
#2326=CIRCLE('',#6154,1.97);
#2327=CIRCLE('',#6155,0.2);
#2328=CIRCLE('',#6156,1.77);
#2329=CIRCLE('',#6158,0.2);
#2330=CIRCLE('',#6166,0.2);
#2331=CIRCLE('',#6167,0.2);
#2332=CIRCLE('',#6169,1.76999999999997);
#2333=CIRCLE('',#6170,1.96999999999997);
#2334=CIRCLE('',#6174,0.200000000000005);
#2335=CIRCLE('',#6176,11.3584999999999);
#2336=CIRCLE('',#6177,11.5584999999999);
#2337=CIRCLE('',#6179,0.2);
#2338=CIRCLE('',#6181,0.750000000000011);
#2339=CIRCLE('',#6182,0.750000000000002);
#2340=CIRCLE('',#6183,1.75);
#2341=CIRCLE('',#6184,1.75);
#2342=CIRCLE('',#6185,2.25);
#2343=CIRCLE('',#6186,2.25);
#2344=CIRCLE('',#6187,2.25);
#2345=CIRCLE('',#6188,2.25);
#2346=CIRCLE('',#6190,20.75);
#2347=CIRCLE('',#6192,20.75);
#2348=CIRCLE('',#6196,20.75);
#2349=CIRCLE('',#6200,20.75);
#2350=CIRCLE('',#6220,13.0801356748664);
#2351=CIRCLE('',#6228,13.0801356748942);
#2352=CIRCLE('',#6237,12.3585);
#2353=CIRCLE('',#6238,11.3585);
#2354=CIRCLE('',#6240,11.3585);
#2355=CIRCLE('',#6242,6.771807258185);
#2356=CIRCLE('',#6250,6.77181028885492);
#2357=CIRCLE('',#6255,0.750000000000002);
#2358=CIRCLE('',#6256,0.750000000000011);
#2359=CIRCLE('',#6258,2.);
#2360=CIRCLE('',#6259,2.);
#2361=CIRCLE('',#6274,2.);
#2362=CIRCLE('',#6275,2.00000000000001);
#2363=CIRCLE('',#6277,23.);
#2364=CIRCLE('',#6278,23.);
#2365=CIRCLE('',#6279,3.85);
#2366=CIRCLE('',#6280,3.85);
#2367=CIRCLE('',#6281,6.5);
#2368=CIRCLE('',#6282,6.5);
#2369=CIRCLE('',#6284,2.);
#2370=CIRCLE('',#6285,2.);
#2371=CIRCLE('',#6296,23.75);
#2372=CIRCLE('',#6297,23.75);
#2373=CIRCLE('',#6298,0.699999999999988);
#2374=CIRCLE('',#6299,0.699999999999987);
#2375=CIRCLE('',#6300,0.699999999999988);
#2376=CIRCLE('',#6301,0.699999999999987);
#2377=CIRCLE('',#6302,3.85);
#2378=CIRCLE('',#6303,3.85);
#2379=CIRCLE('',#6304,6.5);
#2380=CIRCLE('',#6305,6.5);
#2381=CIRCLE('',#6315,0.5);
#2382=CIRCLE('',#6328,0.5);
#2383=CIRCLE('',#6342,2.);
#2384=CIRCLE('',#6347,2.);
#2385=CIRCLE('',#6349,2.);
#2386=CIRCLE('',#6350,1.99999999999999);
#2387=CIRCLE('',#6351,2.);
#2388=CIRCLE('',#6354,25.);
#2389=CIRCLE('',#6356,2.);
#2390=CIRCLE('',#6357,2.);
#2391=CIRCLE('',#6358,2.);
#2392=CIRCLE('',#6360,25.);
#2393=CIRCLE('',#6365,0.699999999999988);
#2394=CIRCLE('',#6368,0.699999999999987);
#2395=CIRCLE('',#6370,0.699999999999987);
#2396=CIRCLE('',#6371,0.699999999999988);
#2397=CIRCLE('',#6386,23.75);
#2398=CIRCLE('',#6388,23.75);
#2399=CIRCLE('',#6395,0.5);
#2400=CIRCLE('',#6398,0.5);
#2401=CIRCLE('',#6403,0.5);
#2402=CIRCLE('',#6404,0.5);
#2403=CIRCLE('',#6416,2.);
#2404=CIRCLE('',#6419,2.);
#2405=CIRCLE('',#6421,2.);
#2406=CIRCLE('',#6422,2.);
#2407=CIRCLE('',#6435,2.);
#2408=CIRCLE('',#6436,2.);
#2409=CIRCLE('',#6439,2.);
#2410=CIRCLE('',#6442,2.);
#2411=CIRCLE('',#6452,1.008);
#2412=CIRCLE('',#6453,1.00799999999998);
#2413=CIRCLE('',#6474,5.822);
#2414=CIRCLE('',#6475,6.022);
#2415=CIRCLE('',#6478,6.022);
#2416=CIRCLE('',#6479,6.022);
#2417=CIRCLE('',#6482,6.022);
#2418=CIRCLE('',#6484,5.822);
#2419=VERTEX_POINT('',#7988);
#2420=VERTEX_POINT('',#7989);
#2421=VERTEX_POINT('',#7991);
#2422=VERTEX_POINT('',#7993);
#2423=VERTEX_POINT('',#7997);
#2424=VERTEX_POINT('',#7999);
#2425=VERTEX_POINT('',#8003);
#2426=VERTEX_POINT('',#8005);
#2427=VERTEX_POINT('',#8009);
#2428=VERTEX_POINT('',#8011);
#2429=VERTEX_POINT('',#8013);
#2430=VERTEX_POINT('',#8015);
#2431=VERTEX_POINT('',#8019);
#2432=VERTEX_POINT('',#8021);
#2433=VERTEX_POINT('',#8025);
#2434=VERTEX_POINT('',#8029);
#2435=VERTEX_POINT('',#8037);
#2436=VERTEX_POINT('',#8038);
#2437=VERTEX_POINT('',#8040);
#2438=VERTEX_POINT('',#8042);
#2439=VERTEX_POINT('',#8044);
#2440=VERTEX_POINT('',#8046);
#2441=VERTEX_POINT('',#8051);
#2442=VERTEX_POINT('',#8053);
#2443=VERTEX_POINT('',#8055);
#2444=VERTEX_POINT('',#8057);
#2445=VERTEX_POINT('',#8086);
#2446=VERTEX_POINT('',#8087);
#2447=VERTEX_POINT('',#8119);
#2448=VERTEX_POINT('',#8162);
#2449=VERTEX_POINT('',#8171);
#2450=VERTEX_POINT('',#8173);
#2451=VERTEX_POINT('',#8205);
#2452=VERTEX_POINT('',#8241);
#2453=VERTEX_POINT('',#8242);
#2454=VERTEX_POINT('',#8250);
#2455=VERTEX_POINT('',#8294);
#2456=VERTEX_POINT('',#8295);
#2457=VERTEX_POINT('',#8300);
#2458=VERTEX_POINT('',#8338);
#2459=VERTEX_POINT('',#8368);
#2460=VERTEX_POINT('',#8369);
#2461=VERTEX_POINT('',#8378);
#2462=VERTEX_POINT('',#8380);
#2463=VERTEX_POINT('',#8387);
#2464=VERTEX_POINT('',#8395);
#2465=VERTEX_POINT('',#8403);
#2466=VERTEX_POINT('',#8408);
#2467=VERTEX_POINT('',#8437);
#2468=VERTEX_POINT('',#8439);
#2469=VERTEX_POINT('',#8441);
#2470=VERTEX_POINT('',#8443);
#2471=VERTEX_POINT('',#8460);
#2472=VERTEX_POINT('',#8468);
#2473=VERTEX_POINT('',#8507);
#2474=VERTEX_POINT('',#8509);
#2475=VERTEX_POINT('',#8541);
#2476=VERTEX_POINT('',#8543);
#2477=VERTEX_POINT('',#8552);
#2478=VERTEX_POINT('',#8553);
#2479=VERTEX_POINT('',#8555);
#2480=VERTEX_POINT('',#8557);
#2481=VERTEX_POINT('',#8561);
#2482=VERTEX_POINT('',#8563);
#2483=VERTEX_POINT('',#8567);
#2484=VERTEX_POINT('',#8569);
#2485=VERTEX_POINT('',#8571);
#2486=VERTEX_POINT('',#8573);
#2487=VERTEX_POINT('',#8577);
#2488=VERTEX_POINT('',#8579);
#2489=VERTEX_POINT('',#8583);
#2490=VERTEX_POINT('',#8584);
#2491=VERTEX_POINT('',#8586);
#2492=VERTEX_POINT('',#8590);
#2493=VERTEX_POINT('',#8592);
#2494=VERTEX_POINT('',#8596);
#2495=VERTEX_POINT('',#8598);
#2496=VERTEX_POINT('',#8603);
#2497=VERTEX_POINT('',#8607);
#2498=VERTEX_POINT('',#8608);
#2499=VERTEX_POINT('',#8610);
#2500=VERTEX_POINT('',#8612);
#2501=VERTEX_POINT('',#8619);
#2502=VERTEX_POINT('',#8620);
#2503=VERTEX_POINT('',#8622);
#2504=VERTEX_POINT('',#8624);
#2505=VERTEX_POINT('',#8629);
#2506=VERTEX_POINT('',#8631);
#2507=VERTEX_POINT('',#8637);
#2508=VERTEX_POINT('',#8639);
#2509=VERTEX_POINT('',#8643);
#2510=VERTEX_POINT('',#8645);
#2511=VERTEX_POINT('',#8647);
#2512=VERTEX_POINT('',#8649);
#2513=VERTEX_POINT('',#8653);
#2514=VERTEX_POINT('',#8655);
#2515=VERTEX_POINT('',#8657);
#2516=VERTEX_POINT('',#8661);
#2517=VERTEX_POINT('',#8662);
#2518=VERTEX_POINT('',#8664);
#2519=VERTEX_POINT('',#8666);
#2520=VERTEX_POINT('',#8668);
#2521=VERTEX_POINT('',#8672);
#2522=VERTEX_POINT('',#8673);
#2523=VERTEX_POINT('',#8675);
#2524=VERTEX_POINT('',#8678);
#2525=VERTEX_POINT('',#8680);
#2526=VERTEX_POINT('',#8682);
#2527=VERTEX_POINT('',#8684);
#2528=VERTEX_POINT('',#8688);
#2529=VERTEX_POINT('',#8689);
#2530=VERTEX_POINT('',#8691);
#2531=VERTEX_POINT('',#8693);
#2532=VERTEX_POINT('',#8695);
#2533=VERTEX_POINT('',#8697);
#2534=VERTEX_POINT('',#8700);
#2535=VERTEX_POINT('',#8704);
#2536=VERTEX_POINT('',#8721);
#2537=VERTEX_POINT('',#8723);
#2538=VERTEX_POINT('',#8725);
#2539=VERTEX_POINT('',#8729);
#2540=VERTEX_POINT('',#8731);
#2541=VERTEX_POINT('',#8733);
#2542=VERTEX_POINT('',#8737);
#2543=VERTEX_POINT('',#8738);
#2544=VERTEX_POINT('',#8740);
#2545=VERTEX_POINT('',#8742);
#2546=VERTEX_POINT('',#8744);
#2547=VERTEX_POINT('',#8748);
#2548=VERTEX_POINT('',#8749);
#2549=VERTEX_POINT('',#8751);
#2550=VERTEX_POINT('',#8754);
#2551=VERTEX_POINT('',#8756);
#2552=VERTEX_POINT('',#8758);
#2553=VERTEX_POINT('',#8760);
#2554=VERTEX_POINT('',#8764);
#2555=VERTEX_POINT('',#8765);
#2556=VERTEX_POINT('',#8767);
#2557=VERTEX_POINT('',#8769);
#2558=VERTEX_POINT('',#8771);
#2559=VERTEX_POINT('',#8773);
#2560=VERTEX_POINT('',#8776);
#2561=VERTEX_POINT('',#8780);
#2562=VERTEX_POINT('',#8797);
#2563=VERTEX_POINT('',#8799);
#2564=VERTEX_POINT('',#8801);
#2565=VERTEX_POINT('',#8803);
#2566=VERTEX_POINT('',#8807);
#2567=VERTEX_POINT('',#8809);
#2568=VERTEX_POINT('',#8811);
#2569=VERTEX_POINT('',#8815);
#2570=VERTEX_POINT('',#8816);
#2571=VERTEX_POINT('',#8818);
#2572=VERTEX_POINT('',#8822);
#2573=VERTEX_POINT('',#8824);
#2574=VERTEX_POINT('',#8828);
#2575=VERTEX_POINT('',#8830);
#2576=VERTEX_POINT('',#8835);
#2577=VERTEX_POINT('',#8839);
#2578=VERTEX_POINT('',#8840);
#2579=VERTEX_POINT('',#8842);
#2580=VERTEX_POINT('',#8844);
#2581=VERTEX_POINT('',#8851);
#2582=VERTEX_POINT('',#8852);
#2583=VERTEX_POINT('',#8854);
#2584=VERTEX_POINT('',#8856);
#2585=VERTEX_POINT('',#8863);
#2586=VERTEX_POINT('',#8865);
#2587=VERTEX_POINT('',#8869);
#2588=VERTEX_POINT('',#8871);
#2589=VERTEX_POINT('',#8875);
#2590=VERTEX_POINT('',#8877);
#2591=VERTEX_POINT('',#8879);
#2592=VERTEX_POINT('',#8883);
#2593=VERTEX_POINT('',#8885);
#2594=VERTEX_POINT('',#8887);
#2595=VERTEX_POINT('',#8891);
#2596=VERTEX_POINT('',#8892);
#2597=VERTEX_POINT('',#8894);
#2598=VERTEX_POINT('',#8896);
#2599=VERTEX_POINT('',#8913);
#2600=VERTEX_POINT('',#8918);
#2601=VERTEX_POINT('',#8922);
#2602=VERTEX_POINT('',#8924);
#2603=VERTEX_POINT('',#8943);
#2604=VERTEX_POINT('',#8945);
#2605=VERTEX_POINT('',#8949);
#2606=VERTEX_POINT('',#8950);
#2607=VERTEX_POINT('',#8955);
#2608=VERTEX_POINT('',#8957);
#2609=VERTEX_POINT('',#8964);
#2610=VERTEX_POINT('',#8966);
#2611=VERTEX_POINT('',#8968);
#2612=VERTEX_POINT('',#8972);
#2613=VERTEX_POINT('',#8979);
#2614=VERTEX_POINT('',#8993);
#2615=VERTEX_POINT('',#8995);
#2616=VERTEX_POINT('',#8997);
#2617=VERTEX_POINT('',#9001);
#2618=VERTEX_POINT('',#9003);
#2619=VERTEX_POINT('',#9014);
#2620=VERTEX_POINT('',#9016);
#2621=VERTEX_POINT('',#9023);
#2622=VERTEX_POINT('',#9024);
#2623=VERTEX_POINT('',#9026);
#2624=VERTEX_POINT('',#9028);
#2625=VERTEX_POINT('',#9032);
#2626=VERTEX_POINT('',#9034);
#2627=VERTEX_POINT('',#9059);
#2628=VERTEX_POINT('',#9061);
#2629=VERTEX_POINT('',#9065);
#2630=VERTEX_POINT('',#9067);
#2631=VERTEX_POINT('',#9071);
#2632=VERTEX_POINT('',#9073);
#2633=VERTEX_POINT('',#9090);
#2634=VERTEX_POINT('',#9092);
#2635=VERTEX_POINT('',#9096);
#2636=VERTEX_POINT('',#9098);
#2637=VERTEX_POINT('',#9105);
#2638=VERTEX_POINT('',#9107);
#2639=VERTEX_POINT('',#9109);
#2640=VERTEX_POINT('',#9111);
#2641=VERTEX_POINT('',#9113);
#2642=VERTEX_POINT('',#9115);
#2643=VERTEX_POINT('',#9122);
#2644=VERTEX_POINT('',#9125);
#2645=VERTEX_POINT('',#9127);
#2646=VERTEX_POINT('',#9129);
#2647=VERTEX_POINT('',#9131);
#2648=VERTEX_POINT('',#9133);
#2649=VERTEX_POINT('',#9135);
#2650=VERTEX_POINT('',#9137);
#2651=VERTEX_POINT('',#9139);
#2652=VERTEX_POINT('',#9141);
#2653=VERTEX_POINT('',#9143);
#2654=VERTEX_POINT('',#9146);
#2655=VERTEX_POINT('',#9148);
#2656=VERTEX_POINT('',#9150);
#2657=VERTEX_POINT('',#9152);
#2658=VERTEX_POINT('',#9155);
#2659=VERTEX_POINT('',#9157);
#2660=VERTEX_POINT('',#9159);
#2661=VERTEX_POINT('',#9163);
#2662=VERTEX_POINT('',#9165);
#2663=VERTEX_POINT('',#9167);
#2664=VERTEX_POINT('',#9171);
#2665=VERTEX_POINT('',#9173);
#2666=VERTEX_POINT('',#9177);
#2667=VERTEX_POINT('',#9179);
#2668=VERTEX_POINT('',#9183);
#2669=VERTEX_POINT('',#9184);
#2670=VERTEX_POINT('',#9191);
#2671=VERTEX_POINT('',#9195);
#2672=VERTEX_POINT('',#9199);
#2673=VERTEX_POINT('',#9200);
#2674=VERTEX_POINT('',#9202);
#2675=VERTEX_POINT('',#9205);
#2676=VERTEX_POINT('',#9207);
#2677=VERTEX_POINT('',#9212);
#2678=VERTEX_POINT('',#9214);
#2679=VERTEX_POINT('',#9216);
#2680=VERTEX_POINT('',#9218);
#2681=VERTEX_POINT('',#9220);
#2682=VERTEX_POINT('',#9224);
#2683=VERTEX_POINT('',#9226);
#2684=VERTEX_POINT('',#9233);
#2685=VERTEX_POINT('',#9247);
#2686=VERTEX_POINT('',#9249);
#2687=VERTEX_POINT('',#9251);
#2688=VERTEX_POINT('',#9275);
#2689=VERTEX_POINT('',#9282);
#2690=VERTEX_POINT('',#9286);
#2691=VERTEX_POINT('',#9288);
#2692=VERTEX_POINT('',#9344);
#2693=VERTEX_POINT('',#9345);
#2694=VERTEX_POINT('',#9347);
#2695=VERTEX_POINT('',#9357);
#2696=VERTEX_POINT('',#9450);
#2697=VERTEX_POINT('',#9451);
#2698=VERTEX_POINT('',#9458);
#2699=VERTEX_POINT('',#9460);
#2700=VERTEX_POINT('',#9485);
#2701=VERTEX_POINT('',#9487);
#2702=VERTEX_POINT('',#9489);
#2703=VERTEX_POINT('',#9491);
#2704=VERTEX_POINT('',#9493);
#2705=VERTEX_POINT('',#9495);
#2706=VERTEX_POINT('',#9547);
#2707=VERTEX_POINT('',#9554);
#2708=VERTEX_POINT('',#9581);
#2709=VERTEX_POINT('',#9582);
#2710=VERTEX_POINT('',#9589);
#2711=VERTEX_POINT('',#9591);
#2712=VERTEX_POINT('',#9630);
#2713=VERTEX_POINT('',#9631);
#2714=VERTEX_POINT('',#9633);
#2715=VERTEX_POINT('',#9643);
#2716=VERTEX_POINT('',#9676);
#2717=VERTEX_POINT('',#9677);
#2718=VERTEX_POINT('',#9679);
#2719=VERTEX_POINT('',#9681);
#2720=VERTEX_POINT('',#9723);
#2721=VERTEX_POINT('',#9724);
#2722=VERTEX_POINT('',#9731);
#2723=VERTEX_POINT('',#9733);
#2724=VERTEX_POINT('',#9765);
#2725=VERTEX_POINT('',#9767);
#2726=VERTEX_POINT('',#9781);
#2727=VERTEX_POINT('',#9783);
#2728=VERTEX_POINT('',#9785);
#2729=VERTEX_POINT('',#9787);
#2730=VERTEX_POINT('',#9791);
#2731=VERTEX_POINT('',#9793);
#2732=VERTEX_POINT('',#9795);
#2733=VERTEX_POINT('',#9797);
#2734=VERTEX_POINT('',#9826);
#2735=VERTEX_POINT('',#9828);
#2736=VERTEX_POINT('',#9858);
#2737=VERTEX_POINT('',#9882);
#2738=VERTEX_POINT('',#9891);
#2739=VERTEX_POINT('',#9893);
#2740=VERTEX_POINT('',#9895);
#2741=VERTEX_POINT('',#9897);
#2742=VERTEX_POINT('',#9918);
#2743=VERTEX_POINT('',#9920);
#2744=VERTEX_POINT('',#9922);
#2745=VERTEX_POINT('',#9924);
#2746=VERTEX_POINT('',#9926);
#2747=VERTEX_POINT('',#9928);
#2748=VERTEX_POINT('',#9932);
#2749=VERTEX_POINT('',#9937);
#2750=VERTEX_POINT('',#9939);
#2751=VERTEX_POINT('',#9944);
#2752=VERTEX_POINT('',#9946);
#2753=VERTEX_POINT('',#9948);
#2754=VERTEX_POINT('',#9950);
#2755=VERTEX_POINT('',#9969);
#2756=VERTEX_POINT('',#9970);
#2757=VERTEX_POINT('',#10001);
#2758=VERTEX_POINT('',#10025);
#2759=VERTEX_POINT('',#10049);
#2760=VERTEX_POINT('',#10051);
#2761=VERTEX_POINT('',#10053);
#2762=VERTEX_POINT('',#10057);
#2763=VERTEX_POINT('',#10059);
#2764=VERTEX_POINT('',#10065);
#2765=VERTEX_POINT('',#10067);
#2766=VERTEX_POINT('',#10069);
#2767=VERTEX_POINT('',#10071);
#2768=VERTEX_POINT('',#10075);
#2769=VERTEX_POINT('',#10077);
#2770=VERTEX_POINT('',#10096);
#2771=VERTEX_POINT('',#10116);
#2772=VERTEX_POINT('',#10133);
#2773=VERTEX_POINT('',#10135);
#2774=VERTEX_POINT('',#10139);
#2775=VERTEX_POINT('',#10158);
#2776=VERTEX_POINT('',#10159);
#2777=VERTEX_POINT('',#10161);
#2778=VERTEX_POINT('',#10163);
#2779=VERTEX_POINT('',#10214);
#2780=VERTEX_POINT('',#10255);
#2781=VERTEX_POINT('',#10285);
#2782=VERTEX_POINT('',#10306);
#2783=VERTEX_POINT('',#10307);
#2784=VERTEX_POINT('',#10361);
#2785=VERTEX_POINT('',#10367);
#2786=VERTEX_POINT('',#10369);
#2787=VERTEX_POINT('',#10388);
#2788=VERTEX_POINT('',#10389);
#2789=VERTEX_POINT('',#10391);
#2790=VERTEX_POINT('',#10448);
#2791=VERTEX_POINT('',#10471);
#2792=VERTEX_POINT('',#10505);
#2793=VERTEX_POINT('',#10507);
#2794=VERTEX_POINT('',#10566);
#2795=VERTEX_POINT('',#10570);
#2796=VERTEX_POINT('',#10577);
#2797=VERTEX_POINT('',#10579);
#2798=VERTEX_POINT('',#10581);
#2799=VERTEX_POINT('',#10588);
#2800=VERTEX_POINT('',#10590);
#2801=VERTEX_POINT('',#10592);
#2802=VERTEX_POINT('',#10594);
#2803=VERTEX_POINT('',#10596);
#2804=VERTEX_POINT('',#10598);
#2805=VERTEX_POINT('',#10606);
#2806=VERTEX_POINT('',#10608);
#2807=VERTEX_POINT('',#10610);
#2808=VERTEX_POINT('',#10612);
#2809=VERTEX_POINT('',#10614);
#2810=VERTEX_POINT('',#10616);
#2811=VERTEX_POINT('',#10618);
#2812=VERTEX_POINT('',#10666);
#2813=VERTEX_POINT('',#10668);
#2814=VERTEX_POINT('',#10672);
#2815=VERTEX_POINT('',#10675);
#2816=VERTEX_POINT('',#10679);
#2817=VERTEX_POINT('',#10681);
#2818=VERTEX_POINT('',#10686);
#2819=VERTEX_POINT('',#10688);
#2820=VERTEX_POINT('',#10690);
#2821=VERTEX_POINT('',#10695);
#2822=VERTEX_POINT('',#10697);
#2823=VERTEX_POINT('',#10699);
#2824=VERTEX_POINT('',#10701);
#2825=VERTEX_POINT('',#10703);
#2826=VERTEX_POINT('',#10706);
#2827=VERTEX_POINT('',#10709);
#2828=VERTEX_POINT('',#10710);
#2829=VERTEX_POINT('',#10712);
#2830=VERTEX_POINT('',#10714);
#2831=VERTEX_POINT('',#10717);
#2832=VERTEX_POINT('',#10718);
#2833=VERTEX_POINT('',#10720);
#2834=VERTEX_POINT('',#10722);
#2835=VERTEX_POINT('',#10726);
#2836=VERTEX_POINT('',#10729);
#2837=VERTEX_POINT('',#10733);
#2838=VERTEX_POINT('',#10735);
#2839=VERTEX_POINT('',#10740);
#2840=VERTEX_POINT('',#10742);
#2841=VERTEX_POINT('',#10744);
#2842=VERTEX_POINT('',#10749);
#2843=VERTEX_POINT('',#10753);
#2844=VERTEX_POINT('',#10755);
#2845=VERTEX_POINT('',#10759);
#2846=VERTEX_POINT('',#10761);
#2847=VERTEX_POINT('',#10765);
#2848=VERTEX_POINT('',#10767);
#2849=VERTEX_POINT('',#10771);
#2850=VERTEX_POINT('',#10773);
#2851=VERTEX_POINT('',#10777);
#2852=VERTEX_POINT('',#10779);
#2853=VERTEX_POINT('',#10781);
#2854=VERTEX_POINT('',#10783);
#2855=VERTEX_POINT('',#10785);
#2856=VERTEX_POINT('',#10787);
#2857=VERTEX_POINT('',#10789);
#2858=VERTEX_POINT('',#10791);
#2859=VERTEX_POINT('',#10793);
#2860=VERTEX_POINT('',#10796);
#2861=VERTEX_POINT('',#10797);
#2862=VERTEX_POINT('',#10799);
#2863=VERTEX_POINT('',#10801);
#2864=VERTEX_POINT('',#10803);
#2865=VERTEX_POINT('',#10805);
#2866=VERTEX_POINT('',#10807);
#2867=VERTEX_POINT('',#10809);
#2868=VERTEX_POINT('',#10812);
#2869=VERTEX_POINT('',#10813);
#2870=VERTEX_POINT('',#10815);
#2871=VERTEX_POINT('',#10817);
#2872=VERTEX_POINT('',#10820);
#2873=VERTEX_POINT('',#10821);
#2874=VERTEX_POINT('',#10823);
#2875=VERTEX_POINT('',#10825);
#2876=VERTEX_POINT('',#10829);
#2877=VERTEX_POINT('',#10830);
#2878=VERTEX_POINT('',#10832);
#2879=VERTEX_POINT('',#10834);
#2880=VERTEX_POINT('',#10841);
#2881=VERTEX_POINT('',#10843);
#2882=VERTEX_POINT('',#10847);
#2883=VERTEX_POINT('',#10848);
#2884=VERTEX_POINT('',#10850);
#2885=VERTEX_POINT('',#10852);
#2886=VERTEX_POINT('',#10859);
#2887=VERTEX_POINT('',#10861);
#2888=VERTEX_POINT('',#10864);
#2889=VERTEX_POINT('',#10868);
#2890=VERTEX_POINT('',#10874);
#2891=VERTEX_POINT('',#10875);
#2892=VERTEX_POINT('',#10880);
#2893=VERTEX_POINT('',#10888);
#2894=VERTEX_POINT('',#10892);
#2895=VERTEX_POINT('',#10902);
#2896=VERTEX_POINT('',#10903);
#2897=VERTEX_POINT('',#10909);
#2898=VERTEX_POINT('',#10915);
#2899=VERTEX_POINT('',#10920);
#2900=VERTEX_POINT('',#10924);
#2901=VERTEX_POINT('',#10926);
#2902=VERTEX_POINT('',#10954);
#2903=VERTEX_POINT('',#10956);
#2904=VERTEX_POINT('',#10979);
#2905=VERTEX_POINT('',#10986);
#2906=VERTEX_POINT('',#10988);
#2907=VERTEX_POINT('',#11031);
#2908=VERTEX_POINT('',#11033);
#2909=VERTEX_POINT('',#11076);
#2910=VERTEX_POINT('',#11083);
#2911=VERTEX_POINT('',#11085);
#2912=VERTEX_POINT('',#11089);
#2913=VERTEX_POINT('',#11091);
#2914=VERTEX_POINT('',#11093);
#2915=VERTEX_POINT('',#11097);
#2916=VERTEX_POINT('',#11102);
#2917=VERTEX_POINT('',#11130);
#2918=VERTEX_POINT('',#11158);
#2919=VERTEX_POINT('',#11160);
#2920=VERTEX_POINT('',#11164);
#2921=VERTEX_POINT('',#11168);
#2922=VERTEX_POINT('',#11172);
#2923=VERTEX_POINT('',#11176);
#2924=VERTEX_POINT('',#11178);
#2925=VERTEX_POINT('',#11180);
#2926=VERTEX_POINT('',#11212);
#2927=VERTEX_POINT('',#11222);
#2928=VERTEX_POINT('',#11224);
#2929=VERTEX_POINT('',#11226);
#2930=VERTEX_POINT('',#11235);
#2931=VERTEX_POINT('',#11239);
#2932=VERTEX_POINT('',#11243);
#2933=VERTEX_POINT('',#11247);
#2934=VERTEX_POINT('',#11251);
#2935=VERTEX_POINT('',#11260);
#2936=VERTEX_POINT('',#11262);
#2937=VERTEX_POINT('',#11264);
#2938=VERTEX_POINT('',#11266);
#2939=VERTEX_POINT('',#11281);
#2940=VERTEX_POINT('',#11283);
#2941=VERTEX_POINT('',#11327);
#2942=VERTEX_POINT('',#11329);
#2943=VERTEX_POINT('',#11331);
#2944=VERTEX_POINT('',#11340);
#2945=VERTEX_POINT('',#11344);
#2946=VERTEX_POINT('',#11348);
#2947=VERTEX_POINT('',#11371);
#2948=VERTEX_POINT('',#11463);
#2949=VERTEX_POINT('',#11465);
#2950=VERTEX_POINT('',#11469);
#2951=VERTEX_POINT('',#11529);
#2952=VERTEX_POINT('',#11531);
#2953=VERTEX_POINT('',#11557);
#2954=VERTEX_POINT('',#11603);
#2955=VERTEX_POINT('',#11604);
#2956=VERTEX_POINT('',#11606);
#2957=VERTEX_POINT('',#11608);
#2958=VERTEX_POINT('',#11612);
#2959=VERTEX_POINT('',#11614);
#2960=VERTEX_POINT('',#11618);
#2961=VERTEX_POINT('',#11620);
#2962=VERTEX_POINT('',#11629);
#2963=VERTEX_POINT('',#11635);
#2964=VERTEX_POINT('',#11636);
#2965=VERTEX_POINT('',#11641);
#2966=VERTEX_POINT('',#11645);
#2967=VERTEX_POINT('',#11651);
#2968=VERTEX_POINT('',#11660);
#2969=VERTEX_POINT('',#11677);
#2970=VERTEX_POINT('',#11678);
#2971=VERTEX_POINT('',#11682);
#2972=VERTEX_POINT('',#11684);
#2973=VERTEX_POINT('',#11688);
#2974=VERTEX_POINT('',#11690);
#2975=VERTEX_POINT('',#11694);
#2976=VERTEX_POINT('',#11695);
#2977=VERTEX_POINT('',#11697);
#2978=VERTEX_POINT('',#11702);
#2979=VERTEX_POINT('',#11706);
#2980=VERTEX_POINT('',#11711);
#2981=VERTEX_POINT('',#11721);
#2982=VERTEX_POINT('',#11722);
#2983=VERTEX_POINT('',#11724);
#2984=VERTEX_POINT('',#11726);
#2985=EDGE_CURVE('',#2419,#2420,#2290,.T.);
#2986=EDGE_CURVE('',#2419,#2421,#1094,.T.);
#2987=EDGE_CURVE('',#2421,#2422,#2291,.T.);
#2988=EDGE_CURVE('',#2422,#2420,#1095,.T.);
#2989=EDGE_CURVE('',#2423,#2419,#1096,.T.);
#2990=EDGE_CURVE('',#2424,#2423,#1097,.T.);
#2991=EDGE_CURVE('',#2421,#2424,#1098,.T.);
#2992=EDGE_CURVE('',#2425,#2423,#2292,.T.);
#2993=EDGE_CURVE('',#2425,#2426,#1099,.T.);
#2994=EDGE_CURVE('',#2426,#2424,#2293,.T.);
#2995=EDGE_CURVE('',#2420,#2427,#1100,.T.);
#2996=EDGE_CURVE('',#2427,#2428,#2294,.T.);
#2997=EDGE_CURVE('',#2428,#2429,#1101,.T.);
#2998=EDGE_CURVE('',#2429,#2430,#2295,.T.);
#2999=EDGE_CURVE('',#2430,#2425,#1102,.T.);
#3000=EDGE_CURVE('',#2429,#2431,#1103,.T.);
#3001=EDGE_CURVE('',#2431,#2432,#2296,.T.);
#3002=EDGE_CURVE('',#2432,#2430,#1104,.T.);
#3003=EDGE_CURVE('',#2433,#2428,#1105,.T.);
#3004=EDGE_CURVE('',#2431,#2433,#1106,.T.);
#3005=EDGE_CURVE('',#2427,#2434,#1107,.T.);
#3006=EDGE_CURVE('',#2434,#2433,#2297,.T.);
#3007=EDGE_CURVE('',#2434,#2422,#1108,.T.);
#3008=EDGE_CURVE('',#2426,#2432,#1109,.T.);
#3009=EDGE_CURVE('',#2435,#2436,#1110,.T.);
#3010=EDGE_CURVE('',#2437,#2435,#1111,.T.);
#3011=EDGE_CURVE('',#2437,#2438,#1112,.T.);
#3012=EDGE_CURVE('',#2439,#2438,#1113,.T.);
#3013=EDGE_CURVE('',#2440,#2439,#147,.T.);
#3014=EDGE_CURVE('',#2441,#2440,#1114,.T.);
#3015=EDGE_CURVE('',#2442,#2441,#1115,.T.);
#3016=EDGE_CURVE('',#2442,#2443,#1116,.T.);
#3017=EDGE_CURVE('',#2444,#2443,#1117,.T.);
#3018=EDGE_CURVE('',#2436,#2444,#1118,.T.);
#3019=EDGE_CURVE('',#2445,#2446,#148,.T.);
#3020=EDGE_CURVE('',#2447,#2445,#149,.T.);
#3021=EDGE_CURVE('',#2446,#2447,#150,.T.);
#3022=EDGE_CURVE('',#2448,#2446,#151,.T.);
#3023=EDGE_CURVE('',#2449,#2448,#1119,.T.);
#3024=EDGE_CURVE('',#2450,#2449,#152,.F.);
#3025=EDGE_CURVE('',#2446,#2450,#153,.T.);
#3026=EDGE_CURVE('',#2449,#2451,#154,.T.);
#3027=EDGE_CURVE('',#2451,#2448,#155,.T.);
#3028=EDGE_CURVE('',#2452,#2453,#156,.T.);
#3029=EDGE_CURVE('',#2454,#2452,#1120,.T.);
#3030=EDGE_CURVE('',#2453,#2454,#157,.T.);
#3031=EDGE_CURVE('',#2455,#2456,#158,.T.);
#3032=EDGE_CURVE('',#2457,#2455,#159,.T.);
#3033=EDGE_CURVE('',#2458,#2457,#160,.T.);
#3034=EDGE_CURVE('',#2454,#2458,#161,.F.);
#3035=EDGE_CURVE('',#2456,#2452,#162,.T.);
#3036=EDGE_CURVE('',#2459,#2460,#163,.T.);
#3037=EDGE_CURVE('',#2456,#2459,#1121,.T.);
#3038=EDGE_CURVE('',#2451,#2453,#1122,.T.);
#3039=EDGE_CURVE('',#2461,#2447,#1123,.T.);
#3040=EDGE_CURVE('',#2461,#2462,#164,.T.);
#3041=EDGE_CURVE('',#2462,#2463,#165,.T.);
#3042=EDGE_CURVE('',#2463,#2464,#166,.T.);
#3043=EDGE_CURVE('',#2464,#2465,#167,.T.);
#3044=EDGE_CURVE('',#2466,#2465,#168,.T.);
#3045=EDGE_CURVE('',#2467,#2466,#40,.T.);
#3046=EDGE_CURVE('',#2468,#2467,#1124,.T.);
#3047=EDGE_CURVE('',#2468,#2469,#41,.T.);
#3048=EDGE_CURVE('',#2469,#2470,#169,.T.);
#3049=EDGE_CURVE('',#2470,#2471,#170,.T.);
#3050=EDGE_CURVE('',#2471,#2472,#171,.T.);
#3051=EDGE_CURVE('',#2460,#2472,#42,.T.);
#3052=EDGE_CURVE('',#2449,#2473,#1125,.T.);
#3053=EDGE_CURVE('',#2473,#2474,#172,.T.);
#3054=EDGE_CURVE('',#2474,#2447,#1126,.T.);
#3055=EDGE_CURVE('',#2475,#2456,#1127,.T.);
#3056=EDGE_CURVE('',#2475,#2476,#173,.T.);
#3057=EDGE_CURVE('',#2476,#2454,#1128,.T.);
#3058=EDGE_CURVE('',#2477,#2478,#1129,.T.);
#3059=EDGE_CURVE('',#2478,#2479,#1130,.T.);
#3060=EDGE_CURVE('',#2479,#2480,#1131,.T.);
#3061=EDGE_CURVE('',#2480,#2477,#1132,.T.);
#3062=EDGE_CURVE('',#2478,#2481,#1133,.T.);
#3063=EDGE_CURVE('',#2482,#2481,#1134,.T.);
#3064=EDGE_CURVE('',#2482,#2479,#1135,.T.);
#3065=EDGE_CURVE('',#2481,#2483,#1136,.T.);
#3066=EDGE_CURVE('',#2484,#2483,#43,.F.);
#3067=EDGE_CURVE('',#2485,#2484,#1137,.F.);
#3068=EDGE_CURVE('',#2486,#2485,#44,.F.);
#3069=EDGE_CURVE('',#2482,#2486,#1138,.F.);
#3070=EDGE_CURVE('',#2487,#2477,#1139,.T.);
#3071=EDGE_CURVE('',#2488,#2487,#1140,.T.);
#3072=EDGE_CURVE('',#2488,#2483,#1141,.T.);
#3073=EDGE_CURVE('',#2489,#2490,#2298,.T.);
#3074=EDGE_CURVE('',#2489,#2491,#1142,.T.);
#3075=EDGE_CURVE('',#2491,#2490,#1143,.T.);
#3076=EDGE_CURVE('',#2490,#2492,#2299,.T.);
#3077=EDGE_CURVE('',#2490,#2493,#1144,.T.);
#3078=EDGE_CURVE('',#2493,#2492,#1145,.T.);
#3079=EDGE_CURVE('',#2492,#2494,#2300,.T.);
#3080=EDGE_CURVE('',#2492,#2495,#1146,.T.);
#3081=EDGE_CURVE('',#2495,#2494,#1147,.T.);
#3082=EDGE_CURVE('',#2494,#2489,#2301,.T.);
#3083=EDGE_CURVE('',#2494,#2496,#1148,.T.);
#3084=EDGE_CURVE('',#2496,#2489,#1149,.T.);
#3085=EDGE_CURVE('',#2497,#2498,#1150,.T.);
#3086=EDGE_CURVE('',#2499,#2498,#1151,.T.);
#3087=EDGE_CURVE('',#2499,#2500,#1152,.T.);
#3088=EDGE_CURVE('',#2500,#2497,#1153,.T.);
#3089=EDGE_CURVE('',#2499,#2493,#1154,.T.);
#3090=EDGE_CURVE('',#2498,#2495,#1155,.T.);
#3091=EDGE_CURVE('',#2501,#2502,#1156,.T.);
#3092=EDGE_CURVE('',#2501,#2503,#1157,.T.);
#3093=EDGE_CURVE('',#2503,#2504,#1158,.T.);
#3094=EDGE_CURVE('',#2504,#2502,#1159,.T.);
#3095=EDGE_CURVE('',#2502,#2491,#1160,.T.);
#3096=EDGE_CURVE('',#2505,#2504,#1161,.T.);
#3097=EDGE_CURVE('',#2506,#2505,#1162,.T.);
#3098=EDGE_CURVE('',#2506,#2500,#1163,.T.);
#3099=EDGE_CURVE('',#2501,#2496,#1164,.T.);
#3100=EDGE_CURVE('',#2507,#2497,#1165,.T.);
#3101=EDGE_CURVE('',#2508,#2507,#1166,.T.);
#3102=EDGE_CURVE('',#2508,#2503,#1167,.T.);
#3103=EDGE_CURVE('',#2509,#2507,#1168,.T.);
#3104=EDGE_CURVE('',#2509,#2510,#2302,.T.);
#3105=EDGE_CURVE('',#2510,#2511,#1169,.T.);
#3106=EDGE_CURVE('',#2511,#2512,#2303,.T.);
#3107=EDGE_CURVE('',#2512,#2508,#1170,.T.);
#3108=EDGE_CURVE('',#2505,#2513,#1171,.T.);
#3109=EDGE_CURVE('',#2514,#2513,#45,.T.);
#3110=EDGE_CURVE('',#2515,#2514,#1172,.T.);
#3111=EDGE_CURVE('',#2506,#2515,#1173,.T.);
#3112=EDGE_CURVE('',#2516,#2517,#1174,.T.);
#3113=EDGE_CURVE('',#2517,#2518,#1175,.T.);
#3114=EDGE_CURVE('',#2519,#2518,#1176,.T.);
#3115=EDGE_CURVE('',#2520,#2519,#1177,.T.);
#3116=EDGE_CURVE('',#2516,#2520,#1178,.T.);
#3117=EDGE_CURVE('',#2521,#2522,#1179,.T.);
#3118=EDGE_CURVE('',#2521,#2523,#1180,.T.);
#3119=EDGE_CURVE('',#2516,#2523,#1181,.T.);
#3120=EDGE_CURVE('',#2524,#2520,#1182,.T.);
#3121=EDGE_CURVE('',#2525,#2524,#1183,.T.);
#3122=EDGE_CURVE('',#2526,#2525,#1184,.T.);
#3123=EDGE_CURVE('',#2527,#2526,#1185,.T.);
#3124=EDGE_CURVE('',#2522,#2527,#1186,.T.);
#3125=EDGE_CURVE('',#2528,#2529,#1187,.T.);
#3126=EDGE_CURVE('',#2528,#2530,#1188,.T.);
#3127=EDGE_CURVE('',#2531,#2530,#1189,.T.);
#3128=EDGE_CURVE('',#2531,#2532,#1190,.T.);
#3129=EDGE_CURVE('',#2533,#2532,#1191,.T.);
#3130=EDGE_CURVE('',#2518,#2533,#1192,.T.);
#3131=EDGE_CURVE('',#2534,#2517,#1193,.T.);
#3132=EDGE_CURVE('',#2529,#2534,#1194,.T.);
#3133=EDGE_CURVE('',#2535,#2524,#2304,.T.);
#3134=EDGE_CURVE('',#2535,#2525,#1195,.T.);
#3135=EDGE_CURVE('',#2524,#2519,#2305,.T.);
#3136=EDGE_CURVE('',#2519,#2533,#2306,.T.);
#3137=EDGE_CURVE('',#2533,#2535,#2307,.T.);
#3138=EDGE_CURVE('',#2532,#2535,#1196,.T.);
#3139=EDGE_CURVE('',#2523,#2534,#1197,.T.);
#3140=EDGE_CURVE('',#2531,#2526,#1198,.T.);
#3141=EDGE_CURVE('',#2530,#2527,#1199,.T.);
#3142=EDGE_CURVE('',#2536,#2522,#1200,.T.);
#3143=EDGE_CURVE('',#2537,#2536,#1201,.T.);
#3144=EDGE_CURVE('',#2538,#2537,#2308,.T.);
#3145=EDGE_CURVE('',#2538,#2521,#1202,.T.);
#3146=EDGE_CURVE('',#2529,#2539,#1203,.T.);
#3147=EDGE_CURVE('',#2540,#2539,#1204,.T.);
#3148=EDGE_CURVE('',#2541,#2540,#2309,.T.);
#3149=EDGE_CURVE('',#2528,#2541,#1205,.T.);
#3150=EDGE_CURVE('',#2542,#2543,#1206,.T.);
#3151=EDGE_CURVE('',#2542,#2544,#1207,.T.);
#3152=EDGE_CURVE('',#2544,#2545,#1208,.T.);
#3153=EDGE_CURVE('',#2545,#2546,#1209,.T.);
#3154=EDGE_CURVE('',#2543,#2546,#1210,.T.);
#3155=EDGE_CURVE('',#2547,#2548,#1211,.T.);
#3156=EDGE_CURVE('',#2547,#2549,#1212,.T.);
#3157=EDGE_CURVE('',#2549,#2543,#1213,.T.);
#3158=EDGE_CURVE('',#2546,#2550,#1214,.T.);
#3159=EDGE_CURVE('',#2550,#2551,#1215,.T.);
#3160=EDGE_CURVE('',#2552,#2551,#1216,.T.);
#3161=EDGE_CURVE('',#2552,#2553,#1217,.T.);
#3162=EDGE_CURVE('',#2548,#2553,#1218,.T.);
#3163=EDGE_CURVE('',#2554,#2555,#1219,.T.);
#3164=EDGE_CURVE('',#2554,#2556,#1220,.T.);
#3165=EDGE_CURVE('',#2556,#2557,#1221,.T.);
#3166=EDGE_CURVE('',#2557,#2558,#1222,.T.);
#3167=EDGE_CURVE('',#2558,#2559,#1223,.T.);
#3168=EDGE_CURVE('',#2559,#2544,#1224,.T.);
#3169=EDGE_CURVE('',#2542,#2560,#1225,.T.);
#3170=EDGE_CURVE('',#2555,#2560,#1226,.T.);
#3171=EDGE_CURVE('',#2561,#2550,#2310,.T.);
#3172=EDGE_CURVE('',#2551,#2561,#1227,.T.);
#3173=EDGE_CURVE('',#2550,#2545,#2311,.T.);
#3174=EDGE_CURVE('',#2545,#2559,#2312,.T.);
#3175=EDGE_CURVE('',#2559,#2561,#2313,.T.);
#3176=EDGE_CURVE('',#2561,#2558,#1228,.T.);
#3177=EDGE_CURVE('',#2560,#2549,#1229,.T.);
#3178=EDGE_CURVE('',#2552,#2557,#1230,.T.);
#3179=EDGE_CURVE('',#2553,#2556,#1231,.T.);
#3180=EDGE_CURVE('',#2562,#2548,#1232,.T.);
#3181=EDGE_CURVE('',#2563,#2562,#2314,.T.);
#3182=EDGE_CURVE('',#2564,#2563,#1233,.T.);
#3183=EDGE_CURVE('',#2565,#2564,#2315,.T.);
#3184=EDGE_CURVE('',#2565,#2547,#1234,.T.);
#3185=EDGE_CURVE('',#2555,#2566,#1235,.T.);
#3186=EDGE_CURVE('',#2567,#2566,#1236,.T.);
#3187=EDGE_CURVE('',#2568,#2567,#46,.T.);
#3188=EDGE_CURVE('',#2554,#2568,#1237,.T.);
#3189=EDGE_CURVE('',#2569,#2570,#2316,.T.);
#3190=EDGE_CURVE('',#2571,#2569,#1238,.T.);
#3191=EDGE_CURVE('',#2570,#2571,#1239,.T.);
#3192=EDGE_CURVE('',#2570,#2572,#2317,.T.);
#3193=EDGE_CURVE('',#2573,#2570,#1240,.T.);
#3194=EDGE_CURVE('',#2572,#2573,#1241,.T.);
#3195=EDGE_CURVE('',#2572,#2574,#2318,.T.);
#3196=EDGE_CURVE('',#2575,#2572,#1242,.T.);
#3197=EDGE_CURVE('',#2574,#2575,#1243,.T.);
#3198=EDGE_CURVE('',#2574,#2569,#2319,.T.);
#3199=EDGE_CURVE('',#2576,#2574,#1244,.T.);
#3200=EDGE_CURVE('',#2569,#2576,#1245,.T.);
#3201=EDGE_CURVE('',#2577,#2578,#1246,.T.);
#3202=EDGE_CURVE('',#2579,#2577,#1247,.T.);
#3203=EDGE_CURVE('',#2580,#2579,#1248,.T.);
#3204=EDGE_CURVE('',#2580,#2578,#1249,.T.);
#3205=EDGE_CURVE('',#2578,#2573,#1250,.T.);
#3206=EDGE_CURVE('',#2580,#2575,#1251,.T.);
#3207=EDGE_CURVE('',#2581,#2582,#1252,.T.);
#3208=EDGE_CURVE('',#2583,#2581,#1253,.T.);
#3209=EDGE_CURVE('',#2584,#2583,#1254,.T.);
#3210=EDGE_CURVE('',#2584,#2582,#1255,.T.);
#3211=EDGE_CURVE('',#2582,#2576,#1256,.T.);
#3212=EDGE_CURVE('',#2584,#2571,#1257,.T.);
#3213=EDGE_CURVE('',#2585,#2579,#1258,.T.);
#3214=EDGE_CURVE('',#2586,#2585,#1259,.T.);
#3215=EDGE_CURVE('',#2586,#2581,#1260,.T.);
#3216=EDGE_CURVE('',#2587,#2583,#1261,.T.);
#3217=EDGE_CURVE('',#2588,#2587,#1262,.T.);
#3218=EDGE_CURVE('',#2588,#2577,#1263,.T.);
#3219=EDGE_CURVE('',#2585,#2589,#1264,.T.);
#3220=EDGE_CURVE('',#2589,#2590,#2320,.T.);
#3221=EDGE_CURVE('',#2590,#2591,#1265,.T.);
#3222=EDGE_CURVE('',#2591,#2586,#1266,.T.);
#3223=EDGE_CURVE('',#2587,#2592,#1267,.T.);
#3224=EDGE_CURVE('',#2593,#2592,#2321,.T.);
#3225=EDGE_CURVE('',#2594,#2593,#1268,.T.);
#3226=EDGE_CURVE('',#2594,#2588,#1269,.T.);
#3227=EDGE_CURVE('',#2595,#2596,#1270,.T.);
#3228=EDGE_CURVE('',#2596,#2597,#2322,.T.);
#3229=EDGE_CURVE('',#2597,#2598,#1271,.T.);
#3230=EDGE_CURVE('',#2598,#2595,#174,.T.);
#3231=EDGE_CURVE('',#2598,#2599,#2323,.T.);
#3232=EDGE_CURVE('',#2599,#2441,#2324,.T.);
#3233=EDGE_CURVE('',#2441,#2595,#2325,.T.);
#3234=EDGE_CURVE('',#2599,#2600,#1272,.T.);
#3235=EDGE_CURVE('',#2600,#2442,#47,.T.);
#3236=EDGE_CURVE('',#2601,#2442,#1273,.T.);
#3237=EDGE_CURVE('',#2600,#2602,#1274,.T.);
#3238=EDGE_CURVE('',#2602,#2601,#175,.T.);
#3239=EDGE_CURVE('',#2602,#2603,#2326,.T.);
#3240=EDGE_CURVE('',#2603,#2604,#2327,.T.);
#3241=EDGE_CURVE('',#2604,#2601,#2328,.T.);
#3242=EDGE_CURVE('',#2605,#2606,#2329,.T.);
#3243=EDGE_CURVE('',#2605,#2604,#1275,.T.);
#3244=EDGE_CURVE('',#2603,#2606,#1276,.T.);
#3245=EDGE_CURVE('',#2607,#2595,#1277,.T.);
#3246=EDGE_CURVE('',#2608,#2607,#176,.T.);
#3247=EDGE_CURVE('',#2609,#2608,#1278,.T.);
#3248=EDGE_CURVE('',#2609,#2610,#1279,.T.);
#3249=EDGE_CURVE('',#2610,#2611,#1280,.T.);
#3250=EDGE_CURVE('',#2596,#2611,#1281,.T.);
#3251=EDGE_CURVE('',#2612,#2440,#177,.T.);
#3252=EDGE_CURVE('',#2613,#2612,#178,.T.);
#3253=EDGE_CURVE('',#2607,#2613,#179,.T.);
#3254=EDGE_CURVE('',#2601,#2614,#1282,.T.);
#3255=EDGE_CURVE('',#2615,#2614,#1283,.T.);
#3256=EDGE_CURVE('',#2616,#2615,#1284,.T.);
#3257=EDGE_CURVE('',#2443,#2616,#1285,.T.);
#3258=EDGE_CURVE('',#2604,#2617,#1286,.T.);
#3259=EDGE_CURVE('',#2618,#2617,#180,.T.);
#3260=EDGE_CURVE('',#2614,#2618,#48,.T.);
#3261=EDGE_CURVE('',#2605,#2619,#1287,.T.);
#3262=EDGE_CURVE('',#2620,#2619,#1288,.T.);
#3263=EDGE_CURVE('',#2617,#2620,#181,.T.);
#3264=EDGE_CURVE('',#2621,#2622,#2330,.F.);
#3265=EDGE_CURVE('',#2622,#2623,#1289,.T.);
#3266=EDGE_CURVE('',#2623,#2624,#2331,.T.);
#3267=EDGE_CURVE('',#2624,#2621,#1290,.T.);
#3268=EDGE_CURVE('',#2625,#2624,#2332,.T.);
#3269=EDGE_CURVE('',#2623,#2626,#2333,.T.);
#3270=EDGE_CURVE('',#2626,#2625,#182,.T.);
#3271=EDGE_CURVE('',#2626,#2627,#1291,.T.);
#3272=EDGE_CURVE('',#2627,#2628,#49,.T.);
#3273=EDGE_CURVE('',#2628,#2625,#1292,.T.);
#3274=EDGE_CURVE('',#2627,#2629,#1293,.T.);
#3275=EDGE_CURVE('',#2629,#2630,#2334,.T.);
#3276=EDGE_CURVE('',#2630,#2628,#1294,.T.);
#3277=EDGE_CURVE('',#2631,#2630,#2335,.T.);
#3278=EDGE_CURVE('',#2629,#2632,#2336,.T.);
#3279=EDGE_CURVE('',#2632,#2631,#183,.T.);
#3280=EDGE_CURVE('',#2632,#2633,#1295,.T.);
#3281=EDGE_CURVE('',#2633,#2634,#2337,.T.);
#3282=EDGE_CURVE('',#2634,#2631,#1296,.T.);
#3283=EDGE_CURVE('',#2611,#2635,#1297,.T.);
#3284=EDGE_CURVE('',#2635,#2636,#184,.T.);
#3285=EDGE_CURVE('',#2636,#2637,#1298,.T.);
#3286=EDGE_CURVE('',#2637,#2638,#2338,.T.);
#3287=EDGE_CURVE('',#2638,#2639,#1299,.T.);
#3288=EDGE_CURVE('',#2639,#2640,#2339,.T.);
#3289=EDGE_CURVE('',#2640,#2641,#1300,.T.);
#3290=EDGE_CURVE('',#2641,#2642,#185,.T.);
#3291=EDGE_CURVE('',#2642,#2643,#1301,.T.);
#3292=EDGE_CURVE('',#2643,#2634,#1302,.T.);
#3293=EDGE_CURVE('',#2633,#2644,#1303,.T.);
#3294=EDGE_CURVE('',#2644,#2645,#1304,.T.);
#3295=EDGE_CURVE('',#2646,#2645,#1305,.T.);
#3296=EDGE_CURVE('',#2646,#2647,#2340,.T.);
#3297=EDGE_CURVE('',#2648,#2647,#1306,.T.);
#3298=EDGE_CURVE('',#2648,#2649,#1307,.T.);
#3299=EDGE_CURVE('',#2649,#2650,#1308,.T.);
#3300=EDGE_CURVE('',#2651,#2650,#2341,.T.);
#3301=EDGE_CURVE('',#2651,#2652,#1309,.T.);
#3302=EDGE_CURVE('',#2652,#2653,#1310,.T.);
#3303=EDGE_CURVE('',#2653,#2597,#1311,.T.);
#3304=EDGE_CURVE('',#2654,#2654,#2342,.T.);
#3305=EDGE_CURVE('',#2655,#2655,#2343,.T.);
#3306=EDGE_CURVE('',#2656,#2656,#2344,.T.);
#3307=EDGE_CURVE('',#2657,#2657,#2345,.T.);
#3308=EDGE_CURVE('',#2658,#2622,#1312,.T.);
#3309=EDGE_CURVE('',#2659,#2658,#1313,.T.);
#3310=EDGE_CURVE('',#2660,#2659,#2346,.T.);
#3311=EDGE_CURVE('',#2644,#2660,#1314,.T.);
#3312=EDGE_CURVE('',#2661,#2653,#1315,.T.);
#3313=EDGE_CURVE('',#2662,#2661,#2347,.T.);
#3314=EDGE_CURVE('',#2663,#2662,#1316,.T.);
#3315=EDGE_CURVE('',#2606,#2663,#1317,.T.);
#3316=EDGE_CURVE('',#2664,#2621,#1318,.T.);
#3317=EDGE_CURVE('',#2665,#2664,#1319,.T.);
#3318=EDGE_CURVE('',#2665,#2658,#1320,.T.);
#3319=EDGE_CURVE('',#2666,#2605,#1321,.T.);
#3320=EDGE_CURVE('',#2667,#2663,#1322,.T.);
#3321=EDGE_CURVE('',#2666,#2667,#1323,.T.);
#3322=EDGE_CURVE('',#2668,#2669,#2348,.T.);
#3323=EDGE_CURVE('',#2668,#2662,#1324,.T.);
#3324=EDGE_CURVE('',#2669,#2661,#1325,.T.);
#3325=EDGE_CURVE('',#2667,#2668,#1326,.T.);
#3326=EDGE_CURVE('',#2670,#2665,#1327,.T.);
#3327=EDGE_CURVE('',#2670,#2659,#1328,.T.);
#3328=EDGE_CURVE('',#2671,#2670,#2349,.T.);
#3329=EDGE_CURVE('',#2671,#2660,#1329,.T.);
#3330=EDGE_CURVE('',#2672,#2673,#1330,.T.);
#3331=EDGE_CURVE('',#2674,#2672,#1331,.T.);
#3332=EDGE_CURVE('',#2628,#2674,#1332,.T.);
#3333=EDGE_CURVE('',#2630,#2675,#1333,.T.);
#3334=EDGE_CURVE('',#2676,#2675,#186,.T.);
#3335=EDGE_CURVE('',#2677,#2676,#1334,.T.);
#3336=EDGE_CURVE('',#2678,#2677,#1335,.T.);
#3337=EDGE_CURVE('',#2679,#2678,#1336,.T.);
#3338=EDGE_CURVE('',#2680,#2679,#1337,.T.);
#3339=EDGE_CURVE('',#2681,#2680,#1338,.T.);
#3340=EDGE_CURVE('',#2673,#2681,#1339,.T.);
#3341=EDGE_CURVE('',#2631,#2682,#1340,.T.);
#3342=EDGE_CURVE('',#2683,#2682,#187,.T.);
#3343=EDGE_CURVE('',#2684,#2683,#188,.T.);
#3344=EDGE_CURVE('',#2675,#2684,#189,.T.);
#3345=EDGE_CURVE('',#2643,#2685,#1341,.T.);
#3346=EDGE_CURVE('',#2685,#2686,#1342,.T.);
#3347=EDGE_CURVE('',#2687,#2686,#1343,.T.);
#3348=EDGE_CURVE('',#2682,#2687,#190,.T.);
#3349=EDGE_CURVE('',#2688,#2618,#191,.T.);
#3350=EDGE_CURVE('',#2617,#2689,#1344,.T.);
#3351=EDGE_CURVE('',#2689,#2688,#50,.T.);
#3352=EDGE_CURVE('',#2619,#2690,#1345,.T.);
#3353=EDGE_CURVE('',#2690,#2691,#1346,.T.);
#3354=EDGE_CURVE('',#2691,#2620,#1347,.T.);
#3355=EDGE_CURVE('',#2691,#2689,#51,.T.);
#3356=EDGE_CURVE('',#2692,#2693,#1348,.T.);
#3357=EDGE_CURVE('',#2693,#2694,#192,.T.);
#3358=EDGE_CURVE('',#2694,#2695,#1349,.T.);
#3359=EDGE_CURVE('',#2695,#2692,#193,.T.);
#3360=EDGE_CURVE('',#2694,#2690,#1350,.T.);
#3361=EDGE_CURVE('',#2619,#2695,#194,.T.);
#3362=EDGE_CURVE('',#2696,#2697,#195,.T.);
#3363=EDGE_CURVE('',#2697,#2698,#1351,.T.);
#3364=EDGE_CURVE('',#2698,#2699,#1352,.T.);
#3365=EDGE_CURVE('',#2699,#2696,#1353,.T.);
#3366=EDGE_CURVE('',#2698,#2693,#1354,.T.);
#3367=EDGE_CURVE('',#2692,#2699,#196,.T.);
#3368=EDGE_CURVE('',#2700,#2697,#52,.T.);
#3369=EDGE_CURVE('',#2701,#2700,#1355,.T.);
#3370=EDGE_CURVE('',#2701,#2702,#1356,.T.);
#3371=EDGE_CURVE('',#2703,#2702,#1357,.T.);
#3372=EDGE_CURVE('',#2703,#2704,#1358,.T.);
#3373=EDGE_CURVE('',#2705,#2704,#197,.T.);
#3374=EDGE_CURVE('',#2688,#2705,#1359,.T.);
#3375=EDGE_CURVE('',#2696,#2706,#198,.T.);
#3376=EDGE_CURVE('',#2706,#2707,#199,.T.);
#3377=EDGE_CURVE('',#2707,#2700,#200,.T.);
#3378=EDGE_CURVE('',#2708,#2709,#201,.T.);
#3379=EDGE_CURVE('',#2709,#2710,#1360,.T.);
#3380=EDGE_CURVE('',#2710,#2711,#1361,.T.);
#3381=EDGE_CURVE('',#2711,#2708,#1362,.T.);
#3382=EDGE_CURVE('',#2712,#2713,#1363,.T.);
#3383=EDGE_CURVE('',#2713,#2714,#202,.T.);
#3384=EDGE_CURVE('',#2714,#2715,#1364,.T.);
#3385=EDGE_CURVE('',#2715,#2712,#203,.T.);
#3386=EDGE_CURVE('',#2714,#2711,#1365,.T.);
#3387=EDGE_CURVE('',#2710,#2715,#204,.T.);
#3388=EDGE_CURVE('',#2716,#2717,#1366,.T.);
#3389=EDGE_CURVE('',#2717,#2718,#1367,.T.);
#3390=EDGE_CURVE('',#2718,#2719,#1368,.T.);
#3391=EDGE_CURVE('',#2719,#2716,#1369,.T.);
#3392=EDGE_CURVE('',#2716,#2713,#1370,.T.);
#3393=EDGE_CURVE('',#2712,#2717,#205,.T.);
#3394=EDGE_CURVE('',#2720,#2721,#206,.T.);
#3395=EDGE_CURVE('',#2721,#2722,#53,.T.);
#3396=EDGE_CURVE('',#2722,#2723,#1371,.T.);
#3397=EDGE_CURVE('',#2723,#2720,#207,.T.);
#3398=EDGE_CURVE('',#2722,#2719,#54,.T.);
#3399=EDGE_CURVE('',#2718,#2723,#208,.T.);
#3400=EDGE_CURVE('',#2724,#2721,#1372,.T.);
#3401=EDGE_CURVE('',#2725,#2724,#209,.T.);
#3402=EDGE_CURVE('',#2725,#2726,#1373,.T.);
#3403=EDGE_CURVE('',#2727,#2726,#1374,.T.);
#3404=EDGE_CURVE('',#2727,#2728,#1375,.T.);
#3405=EDGE_CURVE('',#2729,#2728,#1376,.T.);
#3406=EDGE_CURVE('',#2708,#2729,#55,.T.);
#3407=EDGE_CURVE('',#2720,#2730,#56,.T.);
#3408=EDGE_CURVE('',#2730,#2731,#1377,.T.);
#3409=EDGE_CURVE('',#2731,#2732,#1378,.T.);
#3410=EDGE_CURVE('',#2733,#2732,#210,.F.);
#3411=EDGE_CURVE('',#2724,#2733,#211,.F.);
#3412=EDGE_CURVE('',#2612,#2734,#1379,.T.);
#3413=EDGE_CURVE('',#2734,#2735,#212,.T.);
#3414=EDGE_CURVE('',#2735,#2613,#213,.T.);
#3415=EDGE_CURVE('',#2736,#2608,#214,.T.);
#3416=EDGE_CURVE('',#2735,#2736,#57,.T.);
#3417=EDGE_CURVE('',#2440,#2737,#1380,.T.);
#3418=EDGE_CURVE('',#2737,#2734,#215,.T.);
#3419=EDGE_CURVE('',#2438,#2738,#1381,.T.);
#3420=EDGE_CURVE('',#2738,#2739,#1382,.T.);
#3421=EDGE_CURVE('',#2739,#2740,#1383,.T.);
#3422=EDGE_CURVE('',#2740,#2741,#1384,.T.);
#3423=EDGE_CURVE('',#2741,#2439,#1385,.T.);
#3424=EDGE_CURVE('',#2741,#2737,#2350,.T.);
#3425=EDGE_CURVE('',#2740,#2742,#1386,.T.);
#3426=EDGE_CURVE('',#2743,#2742,#1387,.T.);
#3427=EDGE_CURVE('',#2744,#2743,#1388,.T.);
#3428=EDGE_CURVE('',#2745,#2744,#1389,.T.);
#3429=EDGE_CURVE('',#2746,#2745,#1390,.T.);
#3430=EDGE_CURVE('',#2747,#2746,#58,.T.);
#3431=EDGE_CURVE('',#2747,#2734,#1391,.T.);
#3432=EDGE_CURVE('',#2738,#2748,#1392,.T.);
#3433=EDGE_CURVE('',#2743,#2748,#1393,.F.);
#3434=EDGE_CURVE('',#2742,#2739,#1394,.F.);
#3435=EDGE_CURVE('',#2749,#2437,#1395,.T.);
#3436=EDGE_CURVE('',#2749,#2750,#1396,.T.);
#3437=EDGE_CURVE('',#2748,#2750,#1397,.F.);
#3438=EDGE_CURVE('',#2676,#2751,#1398,.T.);
#3439=EDGE_CURVE('',#2751,#2752,#1399,.T.);
#3440=EDGE_CURVE('',#2752,#2753,#1400,.T.);
#3441=EDGE_CURVE('',#2753,#2754,#1401,.T.);
#3442=EDGE_CURVE('',#2754,#2677,#1402,.T.);
#3443=EDGE_CURVE('',#2755,#2756,#216,.F.);
#3444=EDGE_CURVE('',#2756,#2684,#1403,.T.);
#3445=EDGE_CURVE('',#2683,#2755,#217,.T.);
#3446=EDGE_CURVE('',#2756,#2757,#218,.T.);
#3447=EDGE_CURVE('',#2757,#2675,#1404,.T.);
#3448=EDGE_CURVE('',#2687,#2758,#219,.T.);
#3449=EDGE_CURVE('',#2758,#2755,#59,.T.);
#3450=EDGE_CURVE('',#2757,#2751,#2351,.T.);
#3451=EDGE_CURVE('',#2759,#2754,#1405,.T.);
#3452=EDGE_CURVE('',#2759,#2760,#1406,.T.);
#3453=EDGE_CURVE('',#2761,#2760,#1407,.T.);
#3454=EDGE_CURVE('',#2761,#2678,#1408,.T.);
#3455=EDGE_CURVE('',#2753,#2762,#1409,.F.);
#3456=EDGE_CURVE('',#2762,#2763,#1410,.T.);
#3457=EDGE_CURVE('',#2763,#2759,#1411,.T.);
#3458=EDGE_CURVE('',#2762,#2752,#1412,.T.);
#3459=EDGE_CURVE('',#2756,#2764,#1413,.T.);
#3460=EDGE_CURVE('',#2765,#2764,#60,.T.);
#3461=EDGE_CURVE('',#2766,#2765,#1414,.T.);
#3462=EDGE_CURVE('',#2767,#2766,#1415,.T.);
#3463=EDGE_CURVE('',#2763,#2767,#1416,.T.);
#3464=EDGE_CURVE('',#2758,#2768,#1417,.T.);
#3465=EDGE_CURVE('',#2769,#2768,#1418,.T.);
#3466=EDGE_CURVE('',#2764,#2769,#61,.T.);
#3467=EDGE_CURVE('',#2729,#2770,#220,.T.);
#3468=EDGE_CURVE('',#2770,#2771,#221,.T.);
#3469=EDGE_CURVE('',#2771,#2709,#222,.T.);
#3470=EDGE_CURVE('',#2728,#2701,#2352,.T.);
#3471=EDGE_CURVE('',#2707,#2770,#2353,.T.);
#3472=EDGE_CURVE('',#2772,#2706,#1419,.T.);
#3473=EDGE_CURVE('',#2773,#2772,#2354,.T.);
#3474=EDGE_CURVE('',#2773,#2771,#1420,.T.);
#3475=EDGE_CURVE('',#2774,#2699,#1421,.T.);
#3476=EDGE_CURVE('',#2772,#2774,#1422,.T.);
#3477=EDGE_CURVE('',#2775,#2776,#1423,.T.);
#3478=EDGE_CURVE('',#2775,#2777,#2355,.T.);
#3479=EDGE_CURVE('',#2777,#2778,#1424,.T.);
#3480=EDGE_CURVE('',#2778,#2776,#62,.T.);
#3481=EDGE_CURVE('',#2776,#2779,#223,.T.);
#3482=EDGE_CURVE('',#2780,#2779,#1425,.T.);
#3483=EDGE_CURVE('',#2780,#2775,#224,.T.);
#3484=EDGE_CURVE('',#2779,#2744,#225,.T.);
#3485=EDGE_CURVE('',#2744,#2781,#1426,.T.);
#3486=EDGE_CURVE('',#2781,#2780,#1427,.T.);
#3487=EDGE_CURVE('',#2750,#2781,#1428,.T.);
#3488=EDGE_CURVE('',#2782,#2783,#226,.F.);
#3489=EDGE_CURVE('',#2783,#2704,#1429,.T.);
#3490=EDGE_CURVE('',#2704,#2778,#227,.T.);
#3491=EDGE_CURVE('',#2777,#2782,#228,.F.);
#3492=EDGE_CURVE('',#2783,#2705,#229,.F.);
#3493=EDGE_CURVE('',#2784,#2749,#1430,.T.);
#3494=EDGE_CURVE('',#2784,#2777,#1431,.T.);
#3495=EDGE_CURVE('',#2782,#2615,#1432,.T.);
#3496=EDGE_CURVE('',#2785,#2784,#1433,.T.);
#3497=EDGE_CURVE('',#2786,#2785,#1434,.T.);
#3498=EDGE_CURVE('',#2786,#2616,#1435,.T.);
#3499=EDGE_CURVE('',#2787,#2788,#1436,.T.);
#3500=EDGE_CURVE('',#2787,#2789,#1437,.T.);
#3501=EDGE_CURVE('',#2767,#2789,#1438,.T.);
#3502=EDGE_CURVE('',#2767,#2788,#230,.T.);
#3503=EDGE_CURVE('',#2788,#2790,#231,.T.);
#3504=EDGE_CURVE('',#2791,#2790,#1439,.T.);
#3505=EDGE_CURVE('',#2791,#2787,#232,.T.);
#3506=EDGE_CURVE('',#2789,#2760,#1440,.T.);
#3507=EDGE_CURVE('',#2790,#2792,#63,.T.);
#3508=EDGE_CURVE('',#2792,#2793,#1441,.T.);
#3509=EDGE_CURVE('',#2793,#2791,#2356,.T.);
#3510=EDGE_CURVE('',#2732,#2793,#233,.F.);
#3511=EDGE_CURVE('',#2792,#2725,#234,.T.);
#3512=EDGE_CURVE('',#2725,#2733,#1442,.T.);
#3513=EDGE_CURVE('',#2794,#2793,#1443,.T.);
#3514=EDGE_CURVE('',#2794,#2761,#1444,.T.);
#3515=EDGE_CURVE('',#2795,#2674,#1445,.T.);
#3516=EDGE_CURVE('',#2731,#2795,#1446,.T.);
#3517=EDGE_CURVE('',#2625,#2730,#1447,.T.);
#3518=EDGE_CURVE('',#2624,#2723,#1448,.T.);
#3519=EDGE_CURVE('',#2686,#2796,#1449,.T.);
#3520=EDGE_CURVE('',#2797,#2685,#1450,.T.);
#3521=EDGE_CURVE('',#2798,#2797,#235,.T.);
#3522=EDGE_CURVE('',#2799,#2798,#1451,.T.);
#3523=EDGE_CURVE('',#2800,#2799,#2357,.T.);
#3524=EDGE_CURVE('',#2801,#2800,#1452,.T.);
#3525=EDGE_CURVE('',#2802,#2801,#2358,.T.);
#3526=EDGE_CURVE('',#2803,#2802,#1453,.T.);
#3527=EDGE_CURVE('',#2804,#2803,#236,.T.);
#3528=EDGE_CURVE('',#2610,#2804,#1454,.T.);
#3529=EDGE_CURVE('',#2805,#2609,#1455,.T.);
#3530=EDGE_CURVE('',#2806,#2805,#64,.T.);
#3531=EDGE_CURVE('',#2807,#2806,#1456,.T.);
#3532=EDGE_CURVE('',#2808,#2807,#2359,.T.);
#3533=EDGE_CURVE('',#2809,#2808,#1457,.T.);
#3534=EDGE_CURVE('',#2810,#2809,#2360,.T.);
#3535=EDGE_CURVE('',#2811,#2810,#1458,.T.);
#3536=EDGE_CURVE('',#2796,#2811,#65,.T.);
#3537=EDGE_CURVE('',#2642,#2797,#1459,.T.);
#3538=EDGE_CURVE('',#2641,#2798,#1460,.T.);
#3539=EDGE_CURVE('',#2640,#2799,#1461,.T.);
#3540=EDGE_CURVE('',#2639,#2800,#1462,.T.);
#3541=EDGE_CURVE('',#2638,#2801,#1463,.T.);
#3542=EDGE_CURVE('',#2637,#2802,#1464,.T.);
#3543=EDGE_CURVE('',#2636,#2803,#1465,.T.);
#3544=EDGE_CURVE('',#2635,#2804,#1466,.T.);
#3545=EDGE_CURVE('',#2567,#2796,#1467,.T.);
#3546=EDGE_CURVE('',#2566,#2812,#1468,.T.);
#3547=EDGE_CURVE('',#2812,#2813,#1469,.T.);
#3548=EDGE_CURVE('',#2768,#2813,#1470,.T.);
#3549=EDGE_CURVE('',#2811,#2814,#1471,.T.);
#3550=EDGE_CURVE('',#2768,#2814,#66,.T.);
#3551=EDGE_CURVE('',#2813,#2815,#67,.T.);
#3552=EDGE_CURVE('',#2815,#2568,#1472,.T.);
#3553=EDGE_CURVE('',#2816,#2810,#1473,.T.);
#3554=EDGE_CURVE('',#2817,#2816,#1474,.T.);
#3555=EDGE_CURVE('',#2814,#2817,#1475,.T.);
#3556=EDGE_CURVE('',#2809,#2593,#1476,.T.);
#3557=EDGE_CURVE('',#2592,#2818,#1477,.T.);
#3558=EDGE_CURVE('',#2818,#2819,#2361,.T.);
#3559=EDGE_CURVE('',#2819,#2820,#1478,.T.);
#3560=EDGE_CURVE('',#2816,#2820,#2362,.T.);
#3561=EDGE_CURVE('',#2540,#2808,#1479,.T.);
#3562=EDGE_CURVE('',#2539,#2821,#1480,.T.);
#3563=EDGE_CURVE('',#2821,#2822,#1481,.T.);
#3564=EDGE_CURVE('',#2823,#2822,#1482,.T.);
#3565=EDGE_CURVE('',#2824,#2823,#2363,.T.);
#3566=EDGE_CURVE('',#2825,#2824,#1483,.T.);
#3567=EDGE_CURVE('',#2820,#2825,#2364,.T.);
#3568=EDGE_CURVE('',#2819,#2826,#1484,.T.);
#3569=EDGE_CURVE('',#2826,#2594,#1485,.T.);
#3570=EDGE_CURVE('',#2827,#2828,#2365,.T.);
#3571=EDGE_CURVE('',#2828,#2829,#1486,.T.);
#3572=EDGE_CURVE('',#2829,#2830,#2366,.T.);
#3573=EDGE_CURVE('',#2830,#2827,#1487,.T.);
#3574=EDGE_CURVE('',#2831,#2832,#1488,.T.);
#3575=EDGE_CURVE('',#2832,#2833,#2367,.T.);
#3576=EDGE_CURVE('',#2833,#2834,#1489,.T.);
#3577=EDGE_CURVE('',#2834,#2831,#2368,.T.);
#3578=EDGE_CURVE('',#2807,#2835,#1490,.T.);
#3579=EDGE_CURVE('',#2823,#2835,#2369,.T.);
#3580=EDGE_CURVE('',#2822,#2836,#2370,.T.);
#3581=EDGE_CURVE('',#2836,#2541,#1491,.T.);
#3582=EDGE_CURVE('',#2837,#2806,#1492,.T.);
#3583=EDGE_CURVE('',#2838,#2837,#1493,.T.);
#3584=EDGE_CURVE('',#2835,#2838,#1494,.T.);
#3585=EDGE_CURVE('',#2805,#2514,#1495,.T.);
#3586=EDGE_CURVE('',#2513,#2839,#1496,.T.);
#3587=EDGE_CURVE('',#2839,#2840,#68,.T.);
#3588=EDGE_CURVE('',#2840,#2841,#1497,.T.);
#3589=EDGE_CURVE('',#2837,#2841,#69,.T.);
#3590=EDGE_CURVE('',#2841,#2736,#1498,.T.);
#3591=EDGE_CURVE('',#2840,#2842,#1499,.T.);
#3592=EDGE_CURVE('',#2842,#2515,#1500,.T.);
#3593=EDGE_CURVE('',#2486,#2843,#1501,.T.);
#3594=EDGE_CURVE('',#2844,#2843,#1502,.T.);
#3595=EDGE_CURVE('',#2480,#2844,#1503,.T.);
#3596=EDGE_CURVE('',#2845,#2648,#1504,.T.);
#3597=EDGE_CURVE('',#2846,#2845,#1505,.T.);
#3598=EDGE_CURVE('',#2649,#2846,#1506,.T.);
#3599=EDGE_CURVE('',#2847,#2845,#1507,.T.);
#3600=EDGE_CURVE('',#2848,#2847,#1508,.T.);
#3601=EDGE_CURVE('',#2846,#2848,#1509,.T.);
#3602=EDGE_CURVE('',#2849,#2848,#1510,.T.);
#3603=EDGE_CURVE('',#2850,#2849,#1511,.T.);
#3604=EDGE_CURVE('',#2650,#2850,#1512,.T.);
#3605=EDGE_CURVE('',#2847,#2851,#1513,.T.);
#3606=EDGE_CURVE('',#2851,#2852,#1514,.T.);
#3607=EDGE_CURVE('',#2852,#2853,#1515,.T.);
#3608=EDGE_CURVE('',#2854,#2853,#1516,.T.);
#3609=EDGE_CURVE('',#2855,#2854,#2371,.T.);
#3610=EDGE_CURVE('',#2855,#2856,#1517,.T.);
#3611=EDGE_CURVE('',#2857,#2856,#2372,.T.);
#3612=EDGE_CURVE('',#2858,#2857,#1518,.T.);
#3613=EDGE_CURVE('',#2858,#2859,#1519,.T.);
#3614=EDGE_CURVE('',#2859,#2849,#1520,.T.);
#3615=EDGE_CURVE('',#2860,#2861,#1521,.T.);
#3616=EDGE_CURVE('',#2861,#2862,#2373,.T.);
#3617=EDGE_CURVE('',#2862,#2863,#1522,.T.);
#3618=EDGE_CURVE('',#2863,#2864,#2374,.T.);
#3619=EDGE_CURVE('',#2864,#2865,#1523,.T.);
#3620=EDGE_CURVE('',#2865,#2866,#2375,.T.);
#3621=EDGE_CURVE('',#2866,#2867,#1524,.T.);
#3622=EDGE_CURVE('',#2867,#2860,#2376,.T.);
#3623=EDGE_CURVE('',#2868,#2869,#2377,.T.);
#3624=EDGE_CURVE('',#2869,#2870,#1525,.T.);
#3625=EDGE_CURVE('',#2870,#2871,#2378,.T.);
#3626=EDGE_CURVE('',#2871,#2868,#1526,.T.);
#3627=EDGE_CURVE('',#2872,#2873,#1527,.T.);
#3628=EDGE_CURVE('',#2873,#2874,#2379,.T.);
#3629=EDGE_CURVE('',#2874,#2875,#1528,.T.);
#3630=EDGE_CURVE('',#2875,#2872,#2380,.T.);
#3631=EDGE_CURVE('',#2876,#2877,#1529,.T.);
#3632=EDGE_CURVE('',#2878,#2876,#1530,.T.);
#3633=EDGE_CURVE('',#2879,#2878,#1531,.T.);
#3634=EDGE_CURVE('',#2877,#2879,#1532,.T.);
#3635=EDGE_CURVE('',#2645,#2876,#1533,.T.);
#3636=EDGE_CURVE('',#2878,#2671,#1534,.T.);
#3637=EDGE_CURVE('',#2880,#2877,#1535,.T.);
#3638=EDGE_CURVE('',#2880,#2881,#1536,.T.);
#3639=EDGE_CURVE('',#2881,#2646,#1537,.T.);
#3640=EDGE_CURVE('',#2882,#2883,#1538,.T.);
#3641=EDGE_CURVE('',#2884,#2882,#1539,.T.);
#3642=EDGE_CURVE('',#2885,#2884,#1540,.T.);
#3643=EDGE_CURVE('',#2885,#2883,#1541,.T.);
#3644=EDGE_CURVE('',#2669,#2885,#1542,.T.);
#3645=EDGE_CURVE('',#2883,#2652,#1543,.T.);
#3646=EDGE_CURVE('',#2882,#2886,#1544,.T.);
#3647=EDGE_CURVE('',#2886,#2887,#1545,.T.);
#3648=EDGE_CURVE('',#2887,#2858,#1546,.T.);
#3649=EDGE_CURVE('',#2857,#2888,#1547,.T.);
#3650=EDGE_CURVE('',#2884,#2888,#1548,.T.);
#3651=EDGE_CURVE('',#2889,#2651,#1549,.T.);
#3652=EDGE_CURVE('',#2886,#2889,#1550,.T.);
#3653=EDGE_CURVE('',#2656,#2535,#1551,.T.);
#3654=EDGE_CURVE('',#2890,#2891,#2381,.T.);
#3655=EDGE_CURVE('',#2890,#2538,#1552,.T.);
#3656=EDGE_CURVE('',#2537,#2891,#1553,.T.);
#3657=EDGE_CURVE('',#2891,#2892,#1554,.T.);
#3658=EDGE_CURVE('',#2892,#2836,#1555,.T.);
#3659=EDGE_CURVE('',#2821,#2890,#1556,.T.);
#3660=EDGE_CURVE('',#2892,#2536,#1557,.T.);
#3661=EDGE_CURVE('',#2893,#2889,#70,.T.);
#3662=EDGE_CURVE('',#2850,#2893,#71,.T.);
#3663=EDGE_CURVE('',#2894,#2893,#1558,.T.);
#3664=EDGE_CURVE('',#2894,#2887,#1559,.T.);
#3665=EDGE_CURVE('',#2859,#2894,#1560,.T.);
#3666=EDGE_CURVE('',#2569,#2655,#1561,.T.);
#3667=EDGE_CURVE('',#2895,#2896,#2382,.T.);
#3668=EDGE_CURVE('',#2590,#2896,#1562,.T.);
#3669=EDGE_CURVE('',#2895,#2589,#1563,.T.);
#3670=EDGE_CURVE('',#2895,#2826,#1564,.T.);
#3671=EDGE_CURVE('',#2897,#2818,#1565,.T.);
#3672=EDGE_CURVE('',#2896,#2897,#1566,.T.);
#3673=EDGE_CURVE('',#2591,#2897,#1567,.T.);
#3674=EDGE_CURVE('',#2647,#2898,#1568,.T.);
#3675=EDGE_CURVE('',#2898,#2851,#1569,.T.);
#3676=EDGE_CURVE('',#2899,#2881,#72,.T.);
#3677=EDGE_CURVE('',#2898,#2899,#73,.T.);
#3678=EDGE_CURVE('',#2900,#2880,#1570,.T.);
#3679=EDGE_CURVE('',#2901,#2900,#1571,.T.);
#3680=EDGE_CURVE('',#2901,#2899,#1572,.T.);
#3681=EDGE_CURVE('',#2852,#2901,#1573,.T.);
#3682=EDGE_CURVE('',#2853,#2900,#1574,.T.);
#3683=EDGE_CURVE('',#2469,#2902,#1575,.T.);
#3684=EDGE_CURVE('',#2902,#2903,#237,.T.);
#3685=EDGE_CURVE('',#2903,#2460,#1576,.T.);
#3686=EDGE_CURVE('',#2903,#2904,#238,.T.);
#3687=EDGE_CURVE('',#2459,#2904,#1577,.T.);
#3688=EDGE_CURVE('',#2467,#2905,#1578,.T.);
#3689=EDGE_CURVE('',#2905,#2906,#1579,.T.);
#3690=EDGE_CURVE('',#2906,#2468,#1580,.T.);
#3691=EDGE_CURVE('',#2906,#2902,#239,.T.);
#3692=EDGE_CURVE('',#2462,#2907,#1581,.T.);
#3693=EDGE_CURVE('',#2907,#2908,#240,.T.);
#3694=EDGE_CURVE('',#2908,#2466,#1582,.T.);
#3695=EDGE_CURVE('',#2908,#2905,#241,.T.);
#3696=EDGE_CURVE('',#2909,#2461,#1583,.T.);
#3697=EDGE_CURVE('',#2909,#2907,#242,.T.);
#3698=EDGE_CURVE('',#2902,#2910,#1584,.T.);
#3699=EDGE_CURVE('',#2911,#2910,#2383,.T.);
#3700=EDGE_CURVE('',#2911,#2903,#1585,.T.);
#3701=EDGE_CURVE('',#2912,#2908,#1586,.T.);
#3702=EDGE_CURVE('',#2913,#2912,#74,.T.);
#3703=EDGE_CURVE('',#2914,#2913,#1587,.T.);
#3704=EDGE_CURVE('',#2910,#2914,#75,.T.);
#3705=EDGE_CURVE('',#2907,#2915,#1588,.T.);
#3706=EDGE_CURVE('',#2915,#2912,#2384,.T.);
#3707=EDGE_CURVE('',#2913,#2825,#2385,.F.);
#3708=EDGE_CURVE('',#2916,#2913,#2386,.F.);
#3709=EDGE_CURVE('',#2825,#2916,#2387,.F.);
#3710=EDGE_CURVE('',#2915,#2916,#76,.T.);
#3711=EDGE_CURVE('',#2916,#2816,#2388,.T.);
#3712=EDGE_CURVE('',#2824,#2914,#2389,.F.);
#3713=EDGE_CURVE('',#2917,#2824,#2390,.F.);
#3714=EDGE_CURVE('',#2914,#2917,#2391,.F.);
#3715=EDGE_CURVE('',#2835,#2917,#2392,.T.);
#3716=EDGE_CURVE('',#2917,#2911,#77,.T.);
#3717=EDGE_CURVE('',#2918,#2864,#1589,.T.);
#3718=EDGE_CURVE('',#2918,#2919,#1590,.T.);
#3719=EDGE_CURVE('',#2919,#2865,#1591,.T.);
#3720=EDGE_CURVE('',#2919,#2920,#2393,.T.);
#3721=EDGE_CURVE('',#2920,#2866,#1592,.T.);
#3722=EDGE_CURVE('',#2920,#2921,#1593,.T.);
#3723=EDGE_CURVE('',#2921,#2867,#1594,.T.);
#3724=EDGE_CURVE('',#2921,#2922,#2394,.T.);
#3725=EDGE_CURVE('',#2860,#2922,#1595,.T.);
#3726=EDGE_CURVE('',#2923,#2918,#2395,.T.);
#3727=EDGE_CURVE('',#2924,#2923,#1596,.T.);
#3728=EDGE_CURVE('',#2925,#2924,#2396,.T.);
#3729=EDGE_CURVE('',#2922,#2925,#1597,.T.);
#3730=EDGE_CURVE('',#2925,#2861,#1598,.T.);
#3731=EDGE_CURVE('',#2924,#2862,#1599,.T.);
#3732=EDGE_CURVE('',#2923,#2863,#1600,.T.);
#3733=EDGE_CURVE('',#2870,#2830,#1601,.T.);
#3734=EDGE_CURVE('',#2829,#2871,#1602,.T.);
#3735=EDGE_CURVE('',#2828,#2868,#1603,.T.);
#3736=EDGE_CURVE('',#2827,#2869,#1604,.T.);
#3737=EDGE_CURVE('',#2874,#2834,#1605,.T.);
#3738=EDGE_CURVE('',#2833,#2875,#1606,.T.);
#3739=EDGE_CURVE('',#2832,#2872,#1607,.T.);
#3740=EDGE_CURVE('',#2831,#2873,#1608,.T.);
#3741=EDGE_CURVE('',#2856,#2484,#1609,.T.);
#3742=EDGE_CURVE('',#2485,#2855,#1610,.T.);
#3743=EDGE_CURVE('',#2888,#2488,#2397,.T.);
#3744=EDGE_CURVE('',#2926,#2854,#1611,.T.);
#3745=EDGE_CURVE('',#2843,#2926,#2398,.T.);
#3746=EDGE_CURVE('',#2926,#2879,#1612,.T.);
#3747=EDGE_CURVE('',#2474,#2909,#1613,.T.);
#3748=EDGE_CURVE('',#2904,#2475,#1614,.T.);
#3749=EDGE_CURVE('',#2927,#2911,#1615,.T.);
#3750=EDGE_CURVE('',#2928,#2927,#1616,.T.);
#3751=EDGE_CURVE('',#2929,#2928,#243,.T.);
#3752=EDGE_CURVE('',#2930,#2929,#1617,.T.);
#3753=EDGE_CURVE('',#2475,#2930,#1618,.T.);
#3754=EDGE_CURVE('',#2931,#2842,#1619,.T.);
#3755=EDGE_CURVE('',#2931,#2509,#1620,.T.);
#3756=EDGE_CURVE('',#2932,#2931,#2399,.T.);
#3757=EDGE_CURVE('',#2510,#2932,#1621,.T.);
#3758=EDGE_CURVE('',#2932,#2933,#1622,.T.);
#3759=EDGE_CURVE('',#2933,#2511,#1623,.T.);
#3760=EDGE_CURVE('',#2934,#2933,#2400,.T.);
#3761=EDGE_CURVE('',#2512,#2934,#1624,.T.);
#3762=EDGE_CURVE('',#2934,#2839,#1625,.T.);
#3763=EDGE_CURVE('',#2489,#2657,#1626,.T.);
#3764=EDGE_CURVE('',#2935,#2812,#1627,.T.);
#3765=EDGE_CURVE('',#2936,#2935,#2401,.T.);
#3766=EDGE_CURVE('',#2936,#2937,#1628,.T.);
#3767=EDGE_CURVE('',#2938,#2937,#2402,.T.);
#3768=EDGE_CURVE('',#2938,#2815,#1629,.T.);
#3769=EDGE_CURVE('',#2562,#2938,#1630,.T.);
#3770=EDGE_CURVE('',#2935,#2565,#1631,.T.);
#3771=EDGE_CURVE('',#2564,#2936,#1632,.T.);
#3772=EDGE_CURVE('',#2937,#2563,#1633,.T.);
#3773=EDGE_CURVE('',#2654,#2561,#1634,.T.);
#3774=EDGE_CURVE('',#2939,#2451,#1635,.T.);
#3775=EDGE_CURVE('',#2453,#2940,#1636,.T.);
#3776=EDGE_CURVE('',#2940,#2939,#1637,.T.);
#3777=EDGE_CURVE('',#2476,#2940,#244,.T.);
#3778=EDGE_CURVE('',#2939,#2473,#245,.T.);
#3779=EDGE_CURVE('',#2941,#2474,#1638,.T.);
#3780=EDGE_CURVE('',#2942,#2941,#1639,.T.);
#3781=EDGE_CURVE('',#2943,#2942,#246,.T.);
#3782=EDGE_CURVE('',#2944,#2943,#1640,.T.);
#3783=EDGE_CURVE('',#2915,#2944,#1641,.T.);
#3784=EDGE_CURVE('',#2473,#2945,#1642,.T.);
#3785=EDGE_CURVE('',#2941,#2945,#78,.T.);
#3786=EDGE_CURVE('',#2841,#2946,#1643,.T.);
#3787=EDGE_CURVE('',#2946,#2838,#2403,.T.);
#3788=EDGE_CURVE('',#2747,#2947,#247,.T.);
#3789=EDGE_CURVE('',#2947,#2838,#79,.T.);
#3790=EDGE_CURVE('',#2946,#2747,#80,.T.);
#3791=EDGE_CURVE('',#2746,#2927,#2404,.T.);
#3792=EDGE_CURVE('',#2927,#2947,#81,.T.);
#3793=EDGE_CURVE('',#2703,#2929,#2405,.T.);
#3794=EDGE_CURVE('',#2928,#2745,#2406,.T.);
#3795=EDGE_CURVE('',#2745,#2948,#82,.T.);
#3796=EDGE_CURVE('',#2948,#2949,#83,.T.);
#3797=EDGE_CURVE('',#2949,#2703,#84,.T.);
#3798=EDGE_CURVE('',#2702,#2950,#85,.T.);
#3799=EDGE_CURVE('',#2950,#2930,#86,.T.);
#3800=EDGE_CURVE('',#2950,#2476,#1644,.T.);
#3801=EDGE_CURVE('',#2945,#2727,#87,.T.);
#3802=EDGE_CURVE('',#2726,#2942,#2407,.T.);
#3803=EDGE_CURVE('',#2766,#2943,#2408,.T.);
#3804=EDGE_CURVE('',#2726,#2951,#88,.T.);
#3805=EDGE_CURVE('',#2951,#2952,#89,.T.);
#3806=EDGE_CURVE('',#2952,#2766,#248,.T.);
#3807=EDGE_CURVE('',#2953,#2764,#249,.T.);
#3808=EDGE_CURVE('',#2769,#2817,#2409,.T.);
#3809=EDGE_CURVE('',#2817,#2953,#90,.T.);
#3810=EDGE_CURVE('',#2953,#2944,#91,.T.);
#3811=EDGE_CURVE('',#2944,#2765,#2410,.T.);
#3812=EDGE_CURVE('',#2954,#2955,#1645,.T.);
#3813=EDGE_CURVE('',#2956,#2954,#1646,.T.);
#3814=EDGE_CURVE('',#2957,#2956,#1647,.T.);
#3815=EDGE_CURVE('',#2955,#2957,#1648,.T.);
#3816=EDGE_CURVE('',#2955,#2958,#1649,.T.);
#3817=EDGE_CURVE('',#2959,#2957,#1650,.T.);
#3818=EDGE_CURVE('',#2958,#2959,#1651,.T.);
#3819=EDGE_CURVE('',#2960,#2954,#1652,.T.);
#3820=EDGE_CURVE('',#2960,#2961,#1653,.T.);
#3821=EDGE_CURVE('',#2961,#2956,#1654,.T.);
#3822=EDGE_CURVE('',#2959,#2961,#1655,.T.);
#3823=EDGE_CURVE('',#2960,#2844,#1656,.T.);
#3824=EDGE_CURVE('',#2487,#2958,#1657,.T.);
#3825=EDGE_CURVE('',#2664,#2962,#2411,.T.);
#3826=EDGE_CURVE('',#2962,#2773,#1658,.T.);
#3827=EDGE_CURVE('',#2774,#2666,#2412,.T.);
#3828=EDGE_CURVE('',#2963,#2964,#1659,.T.);
#3829=EDGE_CURVE('',#2795,#2963,#1660,.T.);
#3830=EDGE_CURVE('',#2964,#2672,#1661,.T.);
#3831=EDGE_CURVE('',#2963,#2965,#1662,.T.);
#3832=EDGE_CURVE('',#2965,#2794,#1663,.T.);
#3833=EDGE_CURVE('',#2436,#2966,#1664,.T.);
#3834=EDGE_CURVE('',#2966,#2749,#1665,.T.);
#3835=EDGE_CURVE('',#2966,#2785,#1666,.T.);
#3836=EDGE_CURVE('',#2967,#2966,#1667,.T.);
#3837=EDGE_CURVE('',#2786,#2967,#1668,.T.);
#3838=EDGE_CURVE('',#2967,#2444,#1669,.T.);
#3839=EDGE_CURVE('',#2678,#2681,#1670,.T.);
#3840=EDGE_CURVE('',#2968,#2761,#1671,.T.);
#3841=EDGE_CURVE('',#2673,#2968,#1672,.T.);
#3842=EDGE_CURVE('',#2968,#2965,#1673,.T.);
#3843=EDGE_CURVE('',#2964,#2968,#1674,.T.);
#3844=EDGE_CURVE('',#2962,#2710,#1675,.T.);
#3845=EDGE_CURVE('',#2621,#2717,#1676,.T.);
#3846=EDGE_CURVE('',#2969,#2970,#17,.T.);
#3847=EDGE_CURVE('',#2970,#2971,#2413,.T.);
#3848=EDGE_CURVE('',#2972,#2971,#1677,.T.);
#3849=EDGE_CURVE('',#2972,#2969,#2414,.T.);
#3850=EDGE_CURVE('',#2971,#2973,#1678,.T.);
#3851=EDGE_CURVE('',#2974,#2973,#1679,.T.);
#3852=EDGE_CURVE('',#2974,#2972,#1680,.T.);
#3853=EDGE_CURVE('',#2975,#2976,#1681,.T.);
#3854=EDGE_CURVE('',#2976,#2977,#2415,.T.);
#3855=EDGE_CURVE('',#2977,#2974,#1682,.T.);
#3856=EDGE_CURVE('',#2975,#2974,#2416,.T.);
#3857=EDGE_CURVE('',#2977,#2978,#1683,.T.);
#3858=EDGE_CURVE('',#2978,#2972,#1684,.T.);
#3859=EDGE_CURVE('',#2979,#2969,#1685,.T.);
#3860=EDGE_CURVE('',#2978,#2979,#2417,.T.);
#3861=EDGE_CURVE('',#2970,#2979,#1686,.T.);
#3862=EDGE_CURVE('',#2976,#2980,#1687,.T.);
#3863=EDGE_CURVE('',#2973,#2980,#2418,.T.);
#3864=EDGE_CURVE('',#2980,#2975,#18,.T.);
#3865=EDGE_CURVE('',#2981,#2982,#1688,.T.);
#3866=EDGE_CURVE('',#2982,#2983,#1689,.T.);
#3867=EDGE_CURVE('',#2983,#2984,#1690,.T.);
#3868=EDGE_CURVE('',#2981,#2984,#1691,.T.);
#3869=ORIENTED_EDGE('',*,*,#2985,.F.);
#3870=ORIENTED_EDGE('',*,*,#2986,.T.);
#3871=ORIENTED_EDGE('',*,*,#2987,.T.);
#3872=ORIENTED_EDGE('',*,*,#2988,.T.);
#3873=ORIENTED_EDGE('',*,*,#2986,.F.);
#3874=ORIENTED_EDGE('',*,*,#2989,.F.);
#3875=ORIENTED_EDGE('',*,*,#2990,.F.);
#3876=ORIENTED_EDGE('',*,*,#2991,.F.);
#3877=ORIENTED_EDGE('',*,*,#2992,.F.);
#3878=ORIENTED_EDGE('',*,*,#2993,.T.);
#3879=ORIENTED_EDGE('',*,*,#2994,.T.);
#3880=ORIENTED_EDGE('',*,*,#2990,.T.);
#3881=ORIENTED_EDGE('',*,*,#2985,.T.);
#3882=ORIENTED_EDGE('',*,*,#2995,.T.);
#3883=ORIENTED_EDGE('',*,*,#2996,.T.);
#3884=ORIENTED_EDGE('',*,*,#2997,.T.);
#3885=ORIENTED_EDGE('',*,*,#2998,.T.);
#3886=ORIENTED_EDGE('',*,*,#2999,.T.);
#3887=ORIENTED_EDGE('',*,*,#2992,.T.);
#3888=ORIENTED_EDGE('',*,*,#2989,.T.);
#3889=ORIENTED_EDGE('',*,*,#2998,.F.);
#3890=ORIENTED_EDGE('',*,*,#3000,.T.);
#3891=ORIENTED_EDGE('',*,*,#3001,.T.);
#3892=ORIENTED_EDGE('',*,*,#3002,.T.);
#3893=ORIENTED_EDGE('',*,*,#3000,.F.);
#3894=ORIENTED_EDGE('',*,*,#2997,.F.);
#3895=ORIENTED_EDGE('',*,*,#3003,.F.);
#3896=ORIENTED_EDGE('',*,*,#3004,.F.);
#3897=ORIENTED_EDGE('',*,*,#2996,.F.);
#3898=ORIENTED_EDGE('',*,*,#3005,.T.);
#3899=ORIENTED_EDGE('',*,*,#3006,.T.);
#3900=ORIENTED_EDGE('',*,*,#3003,.T.);
#3901=ORIENTED_EDGE('',*,*,#2988,.F.);
#3902=ORIENTED_EDGE('',*,*,#3007,.F.);
#3903=ORIENTED_EDGE('',*,*,#3005,.F.);
#3904=ORIENTED_EDGE('',*,*,#2995,.F.);
#3905=ORIENTED_EDGE('',*,*,#2993,.F.);
#3906=ORIENTED_EDGE('',*,*,#2999,.F.);
#3907=ORIENTED_EDGE('',*,*,#3002,.F.);
#3908=ORIENTED_EDGE('',*,*,#3008,.F.);
#3909=ORIENTED_EDGE('',*,*,#3009,.F.);
#3910=ORIENTED_EDGE('',*,*,#3010,.F.);
#3911=ORIENTED_EDGE('',*,*,#3011,.T.);
#3912=ORIENTED_EDGE('',*,*,#3012,.F.);
#3913=ORIENTED_EDGE('',*,*,#3013,.F.);
#3914=ORIENTED_EDGE('',*,*,#3014,.F.);
#3915=ORIENTED_EDGE('',*,*,#3015,.F.);
#3916=ORIENTED_EDGE('',*,*,#3016,.T.);
#3917=ORIENTED_EDGE('',*,*,#3017,.F.);
#3918=ORIENTED_EDGE('',*,*,#3018,.F.);
#3919=ORIENTED_EDGE('',*,*,#3019,.F.);
#3920=ORIENTED_EDGE('',*,*,#3020,.F.);
#3921=ORIENTED_EDGE('',*,*,#3021,.F.);
#3922=ORIENTED_EDGE('',*,*,#3022,.F.);
#3923=ORIENTED_EDGE('',*,*,#3023,.F.);
#3924=ORIENTED_EDGE('',*,*,#3024,.F.);
#3925=ORIENTED_EDGE('',*,*,#3025,.F.);
#3926=ORIENTED_EDGE('',*,*,#3026,.F.);
#3927=ORIENTED_EDGE('',*,*,#3023,.T.);
#3928=ORIENTED_EDGE('',*,*,#3027,.F.);
#3929=ORIENTED_EDGE('',*,*,#3028,.F.);
#3930=ORIENTED_EDGE('',*,*,#3029,.F.);
#3931=ORIENTED_EDGE('',*,*,#3030,.F.);
#3932=ORIENTED_EDGE('',*,*,#3031,.F.);
#3933=ORIENTED_EDGE('',*,*,#3032,.F.);
#3934=ORIENTED_EDGE('',*,*,#3033,.F.);
#3935=ORIENTED_EDGE('',*,*,#3034,.F.);
#3936=ORIENTED_EDGE('',*,*,#3029,.T.);
#3937=ORIENTED_EDGE('',*,*,#3035,.F.);
#3938=ORIENTED_EDGE('',*,*,#3036,.F.);
#3939=ORIENTED_EDGE('',*,*,#3037,.F.);
#3940=ORIENTED_EDGE('',*,*,#3035,.T.);
#3941=ORIENTED_EDGE('',*,*,#3028,.T.);
#3942=ORIENTED_EDGE('',*,*,#3038,.F.);
#3943=ORIENTED_EDGE('',*,*,#3027,.T.);
#3944=ORIENTED_EDGE('',*,*,#3022,.T.);
#3945=ORIENTED_EDGE('',*,*,#3021,.T.);
#3946=ORIENTED_EDGE('',*,*,#3039,.F.);
#3947=ORIENTED_EDGE('',*,*,#3040,.T.);
#3948=ORIENTED_EDGE('',*,*,#3041,.T.);
#3949=ORIENTED_EDGE('',*,*,#3042,.T.);
#3950=ORIENTED_EDGE('',*,*,#3043,.T.);
#3951=ORIENTED_EDGE('',*,*,#3044,.F.);
#3952=ORIENTED_EDGE('',*,*,#3045,.F.);
#3953=ORIENTED_EDGE('',*,*,#3046,.F.);
#3954=ORIENTED_EDGE('',*,*,#3047,.T.);
#3955=ORIENTED_EDGE('',*,*,#3048,.T.);
#3956=ORIENTED_EDGE('',*,*,#3049,.T.);
#3957=ORIENTED_EDGE('',*,*,#3050,.T.);
#3958=ORIENTED_EDGE('',*,*,#3051,.F.);
#3959=ORIENTED_EDGE('',*,*,#3019,.T.);
#3960=ORIENTED_EDGE('',*,*,#3025,.T.);
#3961=ORIENTED_EDGE('',*,*,#3024,.T.);
#3962=ORIENTED_EDGE('',*,*,#3052,.T.);
#3963=ORIENTED_EDGE('',*,*,#3053,.T.);
#3964=ORIENTED_EDGE('',*,*,#3054,.T.);
#3965=ORIENTED_EDGE('',*,*,#3020,.T.);
#3966=ORIENTED_EDGE('',*,*,#3032,.T.);
#3967=ORIENTED_EDGE('',*,*,#3031,.T.);
#3968=ORIENTED_EDGE('',*,*,#3055,.F.);
#3969=ORIENTED_EDGE('',*,*,#3056,.T.);
#3970=ORIENTED_EDGE('',*,*,#3057,.T.);
#3971=ORIENTED_EDGE('',*,*,#3034,.T.);
#3972=ORIENTED_EDGE('',*,*,#3033,.T.);
#3973=ORIENTED_EDGE('',*,*,#3058,.T.);
#3974=ORIENTED_EDGE('',*,*,#3059,.T.);
#3975=ORIENTED_EDGE('',*,*,#3060,.T.);
#3976=ORIENTED_EDGE('',*,*,#3061,.T.);
#3977=ORIENTED_EDGE('',*,*,#3062,.T.);
#3978=ORIENTED_EDGE('',*,*,#3063,.F.);
#3979=ORIENTED_EDGE('',*,*,#3064,.T.);
#3980=ORIENTED_EDGE('',*,*,#3059,.F.);
#3981=ORIENTED_EDGE('',*,*,#3065,.T.);
#3982=ORIENTED_EDGE('',*,*,#3066,.F.);
#3983=ORIENTED_EDGE('',*,*,#3067,.F.);
#3984=ORIENTED_EDGE('',*,*,#3068,.F.);
#3985=ORIENTED_EDGE('',*,*,#3069,.F.);
#3986=ORIENTED_EDGE('',*,*,#3063,.T.);
#3987=ORIENTED_EDGE('',*,*,#3058,.F.);
#3988=ORIENTED_EDGE('',*,*,#3070,.F.);
#3989=ORIENTED_EDGE('',*,*,#3071,.F.);
#3990=ORIENTED_EDGE('',*,*,#3072,.T.);
#3991=ORIENTED_EDGE('',*,*,#3065,.F.);
#3992=ORIENTED_EDGE('',*,*,#3062,.F.);
#3993=ORIENTED_EDGE('',*,*,#3073,.F.);
#3994=ORIENTED_EDGE('',*,*,#3074,.T.);
#3995=ORIENTED_EDGE('',*,*,#3075,.T.);
#3996=ORIENTED_EDGE('',*,*,#3076,.F.);
#3997=ORIENTED_EDGE('',*,*,#3077,.T.);
#3998=ORIENTED_EDGE('',*,*,#3078,.T.);
#3999=ORIENTED_EDGE('',*,*,#3079,.F.);
#4000=ORIENTED_EDGE('',*,*,#3080,.T.);
#4001=ORIENTED_EDGE('',*,*,#3081,.T.);
#4002=ORIENTED_EDGE('',*,*,#3082,.F.);
#4003=ORIENTED_EDGE('',*,*,#3083,.T.);
#4004=ORIENTED_EDGE('',*,*,#3084,.T.);
#4005=ORIENTED_EDGE('',*,*,#3085,.T.);
#4006=ORIENTED_EDGE('',*,*,#3086,.F.);
#4007=ORIENTED_EDGE('',*,*,#3087,.T.);
#4008=ORIENTED_EDGE('',*,*,#3088,.T.);
#4009=ORIENTED_EDGE('',*,*,#3078,.F.);
#4010=ORIENTED_EDGE('',*,*,#3089,.F.);
#4011=ORIENTED_EDGE('',*,*,#3086,.T.);
#4012=ORIENTED_EDGE('',*,*,#3090,.T.);
#4013=ORIENTED_EDGE('',*,*,#3080,.F.);
#4014=ORIENTED_EDGE('',*,*,#3091,.F.);
#4015=ORIENTED_EDGE('',*,*,#3092,.T.);
#4016=ORIENTED_EDGE('',*,*,#3093,.T.);
#4017=ORIENTED_EDGE('',*,*,#3094,.T.);
#4018=ORIENTED_EDGE('',*,*,#3075,.F.);
#4019=ORIENTED_EDGE('',*,*,#3095,.F.);
#4020=ORIENTED_EDGE('',*,*,#3094,.F.);
#4021=ORIENTED_EDGE('',*,*,#3096,.F.);
#4022=ORIENTED_EDGE('',*,*,#3097,.F.);
#4023=ORIENTED_EDGE('',*,*,#3098,.T.);
#4024=ORIENTED_EDGE('',*,*,#3087,.F.);
#4025=ORIENTED_EDGE('',*,*,#3089,.T.);
#4026=ORIENTED_EDGE('',*,*,#3077,.F.);
#4027=ORIENTED_EDGE('',*,*,#3084,.F.);
#4028=ORIENTED_EDGE('',*,*,#3099,.F.);
#4029=ORIENTED_EDGE('',*,*,#3091,.T.);
#4030=ORIENTED_EDGE('',*,*,#3095,.T.);
#4031=ORIENTED_EDGE('',*,*,#3074,.F.);
#4032=ORIENTED_EDGE('',*,*,#3081,.F.);
#4033=ORIENTED_EDGE('',*,*,#3090,.F.);
#4034=ORIENTED_EDGE('',*,*,#3085,.F.);
#4035=ORIENTED_EDGE('',*,*,#3100,.F.);
#4036=ORIENTED_EDGE('',*,*,#3101,.F.);
#4037=ORIENTED_EDGE('',*,*,#3102,.T.);
#4038=ORIENTED_EDGE('',*,*,#3092,.F.);
#4039=ORIENTED_EDGE('',*,*,#3099,.T.);
#4040=ORIENTED_EDGE('',*,*,#3083,.F.);
#4041=ORIENTED_EDGE('',*,*,#3101,.T.);
#4042=ORIENTED_EDGE('',*,*,#3103,.F.);
#4043=ORIENTED_EDGE('',*,*,#3104,.T.);
#4044=ORIENTED_EDGE('',*,*,#3105,.T.);
#4045=ORIENTED_EDGE('',*,*,#3106,.T.);
#4046=ORIENTED_EDGE('',*,*,#3107,.T.);
#4047=ORIENTED_EDGE('',*,*,#3097,.T.);
#4048=ORIENTED_EDGE('',*,*,#3108,.T.);
#4049=ORIENTED_EDGE('',*,*,#3109,.F.);
#4050=ORIENTED_EDGE('',*,*,#3110,.F.);
#4051=ORIENTED_EDGE('',*,*,#3111,.F.);
#4052=ORIENTED_EDGE('',*,*,#3112,.T.);
#4053=ORIENTED_EDGE('',*,*,#3113,.T.);
#4054=ORIENTED_EDGE('',*,*,#3114,.F.);
#4055=ORIENTED_EDGE('',*,*,#3115,.F.);
#4056=ORIENTED_EDGE('',*,*,#3116,.F.);
#4057=ORIENTED_EDGE('',*,*,#3117,.F.);
#4058=ORIENTED_EDGE('',*,*,#3118,.T.);
#4059=ORIENTED_EDGE('',*,*,#3119,.F.);
#4060=ORIENTED_EDGE('',*,*,#3116,.T.);
#4061=ORIENTED_EDGE('',*,*,#3120,.F.);
#4062=ORIENTED_EDGE('',*,*,#3121,.F.);
#4063=ORIENTED_EDGE('',*,*,#3122,.F.);
#4064=ORIENTED_EDGE('',*,*,#3123,.F.);
#4065=ORIENTED_EDGE('',*,*,#3124,.F.);
#4066=ORIENTED_EDGE('',*,*,#3125,.F.);
#4067=ORIENTED_EDGE('',*,*,#3126,.T.);
#4068=ORIENTED_EDGE('',*,*,#3127,.F.);
#4069=ORIENTED_EDGE('',*,*,#3128,.T.);
#4070=ORIENTED_EDGE('',*,*,#3129,.F.);
#4071=ORIENTED_EDGE('',*,*,#3130,.F.);
#4072=ORIENTED_EDGE('',*,*,#3113,.F.);
#4073=ORIENTED_EDGE('',*,*,#3131,.F.);
#4074=ORIENTED_EDGE('',*,*,#3132,.F.);
#4075=ORIENTED_EDGE('',*,*,#3133,.F.);
#4076=ORIENTED_EDGE('',*,*,#3134,.T.);
#4077=ORIENTED_EDGE('',*,*,#3121,.T.);
#4078=ORIENTED_EDGE('',*,*,#3135,.F.);
#4079=ORIENTED_EDGE('',*,*,#3120,.T.);
#4080=ORIENTED_EDGE('',*,*,#3115,.T.);
#4081=ORIENTED_EDGE('',*,*,#3136,.F.);
#4082=ORIENTED_EDGE('',*,*,#3114,.T.);
#4083=ORIENTED_EDGE('',*,*,#3130,.T.);
#4084=ORIENTED_EDGE('',*,*,#3137,.F.);
#4085=ORIENTED_EDGE('',*,*,#3129,.T.);
#4086=ORIENTED_EDGE('',*,*,#3138,.T.);
#4087=ORIENTED_EDGE('',*,*,#3131,.T.);
#4088=ORIENTED_EDGE('',*,*,#3112,.F.);
#4089=ORIENTED_EDGE('',*,*,#3119,.T.);
#4090=ORIENTED_EDGE('',*,*,#3139,.T.);
#4091=ORIENTED_EDGE('',*,*,#3123,.T.);
#4092=ORIENTED_EDGE('',*,*,#3140,.F.);
#4093=ORIENTED_EDGE('',*,*,#3127,.T.);
#4094=ORIENTED_EDGE('',*,*,#3141,.T.);
#4095=ORIENTED_EDGE('',*,*,#3140,.T.);
#4096=ORIENTED_EDGE('',*,*,#3122,.T.);
#4097=ORIENTED_EDGE('',*,*,#3134,.F.);
#4098=ORIENTED_EDGE('',*,*,#3138,.F.);
#4099=ORIENTED_EDGE('',*,*,#3128,.F.);
#4100=ORIENTED_EDGE('',*,*,#3117,.T.);
#4101=ORIENTED_EDGE('',*,*,#3142,.F.);
#4102=ORIENTED_EDGE('',*,*,#3143,.F.);
#4103=ORIENTED_EDGE('',*,*,#3144,.F.);
#4104=ORIENTED_EDGE('',*,*,#3145,.T.);
#4105=ORIENTED_EDGE('',*,*,#3125,.T.);
#4106=ORIENTED_EDGE('',*,*,#3146,.T.);
#4107=ORIENTED_EDGE('',*,*,#3147,.F.);
#4108=ORIENTED_EDGE('',*,*,#3148,.F.);
#4109=ORIENTED_EDGE('',*,*,#3149,.F.);
#4110=ORIENTED_EDGE('',*,*,#3150,.F.);
#4111=ORIENTED_EDGE('',*,*,#3151,.T.);
#4112=ORIENTED_EDGE('',*,*,#3152,.T.);
#4113=ORIENTED_EDGE('',*,*,#3153,.T.);
#4114=ORIENTED_EDGE('',*,*,#3154,.F.);
#4115=ORIENTED_EDGE('',*,*,#3155,.F.);
#4116=ORIENTED_EDGE('',*,*,#3156,.T.);
#4117=ORIENTED_EDGE('',*,*,#3157,.T.);
#4118=ORIENTED_EDGE('',*,*,#3154,.T.);
#4119=ORIENTED_EDGE('',*,*,#3158,.T.);
#4120=ORIENTED_EDGE('',*,*,#3159,.T.);
#4121=ORIENTED_EDGE('',*,*,#3160,.F.);
#4122=ORIENTED_EDGE('',*,*,#3161,.T.);
#4123=ORIENTED_EDGE('',*,*,#3162,.F.);
#4124=ORIENTED_EDGE('',*,*,#3163,.F.);
#4125=ORIENTED_EDGE('',*,*,#3164,.T.);
#4126=ORIENTED_EDGE('',*,*,#3165,.T.);
#4127=ORIENTED_EDGE('',*,*,#3166,.T.);
#4128=ORIENTED_EDGE('',*,*,#3167,.T.);
#4129=ORIENTED_EDGE('',*,*,#3168,.T.);
#4130=ORIENTED_EDGE('',*,*,#3151,.F.);
#4131=ORIENTED_EDGE('',*,*,#3169,.T.);
#4132=ORIENTED_EDGE('',*,*,#3170,.F.);
#4133=ORIENTED_EDGE('',*,*,#3171,.F.);
#4134=ORIENTED_EDGE('',*,*,#3172,.F.);
#4135=ORIENTED_EDGE('',*,*,#3159,.F.);
#4136=ORIENTED_EDGE('',*,*,#3173,.F.);
#4137=ORIENTED_EDGE('',*,*,#3158,.F.);
#4138=ORIENTED_EDGE('',*,*,#3153,.F.);
#4139=ORIENTED_EDGE('',*,*,#3174,.F.);
#4140=ORIENTED_EDGE('',*,*,#3152,.F.);
#4141=ORIENTED_EDGE('',*,*,#3168,.F.);
#4142=ORIENTED_EDGE('',*,*,#3175,.F.);
#4143=ORIENTED_EDGE('',*,*,#3167,.F.);
#4144=ORIENTED_EDGE('',*,*,#3176,.F.);
#4145=ORIENTED_EDGE('',*,*,#3157,.F.);
#4146=ORIENTED_EDGE('',*,*,#3177,.F.);
#4147=ORIENTED_EDGE('',*,*,#3169,.F.);
#4148=ORIENTED_EDGE('',*,*,#3150,.T.);
#4149=ORIENTED_EDGE('',*,*,#3178,.T.);
#4150=ORIENTED_EDGE('',*,*,#3165,.F.);
#4151=ORIENTED_EDGE('',*,*,#3179,.F.);
#4152=ORIENTED_EDGE('',*,*,#3161,.F.);
#4153=ORIENTED_EDGE('',*,*,#3178,.F.);
#4154=ORIENTED_EDGE('',*,*,#3160,.T.);
#4155=ORIENTED_EDGE('',*,*,#3172,.T.);
#4156=ORIENTED_EDGE('',*,*,#3176,.T.);
#4157=ORIENTED_EDGE('',*,*,#3166,.F.);
#4158=ORIENTED_EDGE('',*,*,#3155,.T.);
#4159=ORIENTED_EDGE('',*,*,#3180,.F.);
#4160=ORIENTED_EDGE('',*,*,#3181,.F.);
#4161=ORIENTED_EDGE('',*,*,#3182,.F.);
#4162=ORIENTED_EDGE('',*,*,#3183,.F.);
#4163=ORIENTED_EDGE('',*,*,#3184,.T.);
#4164=ORIENTED_EDGE('',*,*,#3163,.T.);
#4165=ORIENTED_EDGE('',*,*,#3185,.T.);
#4166=ORIENTED_EDGE('',*,*,#3186,.F.);
#4167=ORIENTED_EDGE('',*,*,#3187,.F.);
#4168=ORIENTED_EDGE('',*,*,#3188,.F.);
#4169=ORIENTED_EDGE('',*,*,#3189,.F.);
#4170=ORIENTED_EDGE('',*,*,#3190,.F.);
#4171=ORIENTED_EDGE('',*,*,#3191,.F.);
#4172=ORIENTED_EDGE('',*,*,#3192,.F.);
#4173=ORIENTED_EDGE('',*,*,#3193,.F.);
#4174=ORIENTED_EDGE('',*,*,#3194,.F.);
#4175=ORIENTED_EDGE('',*,*,#3195,.F.);
#4176=ORIENTED_EDGE('',*,*,#3196,.F.);
#4177=ORIENTED_EDGE('',*,*,#3197,.F.);
#4178=ORIENTED_EDGE('',*,*,#3198,.F.);
#4179=ORIENTED_EDGE('',*,*,#3199,.F.);
#4180=ORIENTED_EDGE('',*,*,#3200,.F.);
#4181=ORIENTED_EDGE('',*,*,#3201,.F.);
#4182=ORIENTED_EDGE('',*,*,#3202,.F.);
#4183=ORIENTED_EDGE('',*,*,#3203,.F.);
#4184=ORIENTED_EDGE('',*,*,#3204,.T.);
#4185=ORIENTED_EDGE('',*,*,#3194,.T.);
#4186=ORIENTED_EDGE('',*,*,#3205,.F.);
#4187=ORIENTED_EDGE('',*,*,#3204,.F.);
#4188=ORIENTED_EDGE('',*,*,#3206,.T.);
#4189=ORIENTED_EDGE('',*,*,#3196,.T.);
#4190=ORIENTED_EDGE('',*,*,#3207,.F.);
#4191=ORIENTED_EDGE('',*,*,#3208,.F.);
#4192=ORIENTED_EDGE('',*,*,#3209,.F.);
#4193=ORIENTED_EDGE('',*,*,#3210,.T.);
#4194=ORIENTED_EDGE('',*,*,#3200,.T.);
#4195=ORIENTED_EDGE('',*,*,#3211,.F.);
#4196=ORIENTED_EDGE('',*,*,#3210,.F.);
#4197=ORIENTED_EDGE('',*,*,#3212,.T.);
#4198=ORIENTED_EDGE('',*,*,#3190,.T.);
#4199=ORIENTED_EDGE('',*,*,#3197,.T.);
#4200=ORIENTED_EDGE('',*,*,#3206,.F.);
#4201=ORIENTED_EDGE('',*,*,#3203,.T.);
#4202=ORIENTED_EDGE('',*,*,#3213,.F.);
#4203=ORIENTED_EDGE('',*,*,#3214,.F.);
#4204=ORIENTED_EDGE('',*,*,#3215,.T.);
#4205=ORIENTED_EDGE('',*,*,#3207,.T.);
#4206=ORIENTED_EDGE('',*,*,#3211,.T.);
#4207=ORIENTED_EDGE('',*,*,#3199,.T.);
#4208=ORIENTED_EDGE('',*,*,#3191,.T.);
#4209=ORIENTED_EDGE('',*,*,#3212,.F.);
#4210=ORIENTED_EDGE('',*,*,#3209,.T.);
#4211=ORIENTED_EDGE('',*,*,#3216,.F.);
#4212=ORIENTED_EDGE('',*,*,#3217,.F.);
#4213=ORIENTED_EDGE('',*,*,#3218,.T.);
#4214=ORIENTED_EDGE('',*,*,#3201,.T.);
#4215=ORIENTED_EDGE('',*,*,#3205,.T.);
#4216=ORIENTED_EDGE('',*,*,#3193,.T.);
#4217=ORIENTED_EDGE('',*,*,#3214,.T.);
#4218=ORIENTED_EDGE('',*,*,#3219,.T.);
#4219=ORIENTED_EDGE('',*,*,#3220,.T.);
#4220=ORIENTED_EDGE('',*,*,#3221,.T.);
#4221=ORIENTED_EDGE('',*,*,#3222,.T.);
#4222=ORIENTED_EDGE('',*,*,#3217,.T.);
#4223=ORIENTED_EDGE('',*,*,#3223,.T.);
#4224=ORIENTED_EDGE('',*,*,#3224,.F.);
#4225=ORIENTED_EDGE('',*,*,#3225,.F.);
#4226=ORIENTED_EDGE('',*,*,#3226,.T.);
#4227=ORIENTED_EDGE('',*,*,#3227,.T.);
#4228=ORIENTED_EDGE('',*,*,#3228,.T.);
#4229=ORIENTED_EDGE('',*,*,#3229,.T.);
#4230=ORIENTED_EDGE('',*,*,#3230,.T.);
#4231=ORIENTED_EDGE('',*,*,#3231,.T.);
#4232=ORIENTED_EDGE('',*,*,#3232,.T.);
#4233=ORIENTED_EDGE('',*,*,#3233,.T.);
#4234=ORIENTED_EDGE('',*,*,#3230,.F.);
#4235=ORIENTED_EDGE('',*,*,#3015,.T.);
#4236=ORIENTED_EDGE('',*,*,#3232,.F.);
#4237=ORIENTED_EDGE('',*,*,#3234,.T.);
#4238=ORIENTED_EDGE('',*,*,#3235,.T.);
#4239=ORIENTED_EDGE('',*,*,#3236,.T.);
#4240=ORIENTED_EDGE('',*,*,#3235,.F.);
#4241=ORIENTED_EDGE('',*,*,#3237,.T.);
#4242=ORIENTED_EDGE('',*,*,#3238,.T.);
#4243=ORIENTED_EDGE('',*,*,#3239,.T.);
#4244=ORIENTED_EDGE('',*,*,#3240,.T.);
#4245=ORIENTED_EDGE('',*,*,#3241,.T.);
#4246=ORIENTED_EDGE('',*,*,#3238,.F.);
#4247=ORIENTED_EDGE('',*,*,#3242,.F.);
#4248=ORIENTED_EDGE('',*,*,#3243,.T.);
#4249=ORIENTED_EDGE('',*,*,#3240,.F.);
#4250=ORIENTED_EDGE('',*,*,#3244,.T.);
#4251=ORIENTED_EDGE('',*,*,#3227,.F.);
#4252=ORIENTED_EDGE('',*,*,#3245,.F.);
#4253=ORIENTED_EDGE('',*,*,#3246,.F.);
#4254=ORIENTED_EDGE('',*,*,#3247,.F.);
#4255=ORIENTED_EDGE('',*,*,#3248,.T.);
#4256=ORIENTED_EDGE('',*,*,#3249,.T.);
#4257=ORIENTED_EDGE('',*,*,#3250,.F.);
#4258=ORIENTED_EDGE('',*,*,#3233,.F.);
#4259=ORIENTED_EDGE('',*,*,#3014,.T.);
#4260=ORIENTED_EDGE('',*,*,#3251,.F.);
#4261=ORIENTED_EDGE('',*,*,#3252,.F.);
#4262=ORIENTED_EDGE('',*,*,#3253,.F.);
#4263=ORIENTED_EDGE('',*,*,#3245,.T.);
#4264=ORIENTED_EDGE('',*,*,#3236,.F.);
#4265=ORIENTED_EDGE('',*,*,#3254,.T.);
#4266=ORIENTED_EDGE('',*,*,#3255,.F.);
#4267=ORIENTED_EDGE('',*,*,#3256,.F.);
#4268=ORIENTED_EDGE('',*,*,#3257,.F.);
#4269=ORIENTED_EDGE('',*,*,#3016,.F.);
#4270=ORIENTED_EDGE('',*,*,#3241,.F.);
#4271=ORIENTED_EDGE('',*,*,#3258,.T.);
#4272=ORIENTED_EDGE('',*,*,#3259,.F.);
#4273=ORIENTED_EDGE('',*,*,#3260,.F.);
#4274=ORIENTED_EDGE('',*,*,#3254,.F.);
#4275=ORIENTED_EDGE('',*,*,#3243,.F.);
#4276=ORIENTED_EDGE('',*,*,#3261,.T.);
#4277=ORIENTED_EDGE('',*,*,#3262,.F.);
#4278=ORIENTED_EDGE('',*,*,#3263,.F.);
#4279=ORIENTED_EDGE('',*,*,#3258,.F.);
#4280=ORIENTED_EDGE('',*,*,#3264,.T.);
#4281=ORIENTED_EDGE('',*,*,#3265,.T.);
#4282=ORIENTED_EDGE('',*,*,#3266,.T.);
#4283=ORIENTED_EDGE('',*,*,#3267,.T.);
#4284=ORIENTED_EDGE('',*,*,#3268,.T.);
#4285=ORIENTED_EDGE('',*,*,#3266,.F.);
#4286=ORIENTED_EDGE('',*,*,#3269,.T.);
#4287=ORIENTED_EDGE('',*,*,#3270,.T.);
#4288=ORIENTED_EDGE('',*,*,#3271,.T.);
#4289=ORIENTED_EDGE('',*,*,#3272,.T.);
#4290=ORIENTED_EDGE('',*,*,#3273,.T.);
#4291=ORIENTED_EDGE('',*,*,#3270,.F.);
#4292=ORIENTED_EDGE('',*,*,#3274,.T.);
#4293=ORIENTED_EDGE('',*,*,#3275,.T.);
#4294=ORIENTED_EDGE('',*,*,#3276,.T.);
#4295=ORIENTED_EDGE('',*,*,#3272,.F.);
#4296=ORIENTED_EDGE('',*,*,#3277,.T.);
#4297=ORIENTED_EDGE('',*,*,#3275,.F.);
#4298=ORIENTED_EDGE('',*,*,#3278,.T.);
#4299=ORIENTED_EDGE('',*,*,#3279,.T.);
#4300=ORIENTED_EDGE('',*,*,#3280,.T.);
#4301=ORIENTED_EDGE('',*,*,#3281,.T.);
#4302=ORIENTED_EDGE('',*,*,#3282,.T.);
#4303=ORIENTED_EDGE('',*,*,#3279,.F.);
#4304=ORIENTED_EDGE('',*,*,#3228,.F.);
#4305=ORIENTED_EDGE('',*,*,#3250,.T.);
#4306=ORIENTED_EDGE('',*,*,#3283,.T.);
#4307=ORIENTED_EDGE('',*,*,#3284,.T.);
#4308=ORIENTED_EDGE('',*,*,#3285,.T.);
#4309=ORIENTED_EDGE('',*,*,#3286,.T.);
#4310=ORIENTED_EDGE('',*,*,#3287,.T.);
#4311=ORIENTED_EDGE('',*,*,#3288,.T.);
#4312=ORIENTED_EDGE('',*,*,#3289,.T.);
#4313=ORIENTED_EDGE('',*,*,#3290,.T.);
#4314=ORIENTED_EDGE('',*,*,#3291,.T.);
#4315=ORIENTED_EDGE('',*,*,#3292,.T.);
#4316=ORIENTED_EDGE('',*,*,#3281,.F.);
#4317=ORIENTED_EDGE('',*,*,#3293,.T.);
#4318=ORIENTED_EDGE('',*,*,#3294,.T.);
#4319=ORIENTED_EDGE('',*,*,#3295,.F.);
#4320=ORIENTED_EDGE('',*,*,#3296,.T.);
#4321=ORIENTED_EDGE('',*,*,#3297,.F.);
#4322=ORIENTED_EDGE('',*,*,#3298,.T.);
#4323=ORIENTED_EDGE('',*,*,#3299,.T.);
#4324=ORIENTED_EDGE('',*,*,#3300,.F.);
#4325=ORIENTED_EDGE('',*,*,#3301,.T.);
#4326=ORIENTED_EDGE('',*,*,#3302,.T.);
#4327=ORIENTED_EDGE('',*,*,#3303,.T.);
#4328=ORIENTED_EDGE('',*,*,#3304,.T.);
#4329=ORIENTED_EDGE('',*,*,#3305,.F.);
#4330=ORIENTED_EDGE('',*,*,#3306,.T.);
#4331=ORIENTED_EDGE('',*,*,#3307,.T.);
#4332=ORIENTED_EDGE('',*,*,#3280,.F.);
#4333=ORIENTED_EDGE('',*,*,#3278,.F.);
#4334=ORIENTED_EDGE('',*,*,#3274,.F.);
#4335=ORIENTED_EDGE('',*,*,#3271,.F.);
#4336=ORIENTED_EDGE('',*,*,#3269,.F.);
#4337=ORIENTED_EDGE('',*,*,#3265,.F.);
#4338=ORIENTED_EDGE('',*,*,#3308,.F.);
#4339=ORIENTED_EDGE('',*,*,#3309,.F.);
#4340=ORIENTED_EDGE('',*,*,#3310,.F.);
#4341=ORIENTED_EDGE('',*,*,#3311,.F.);
#4342=ORIENTED_EDGE('',*,*,#3293,.F.);
#4343=ORIENTED_EDGE('',*,*,#3229,.F.);
#4344=ORIENTED_EDGE('',*,*,#3303,.F.);
#4345=ORIENTED_EDGE('',*,*,#3312,.F.);
#4346=ORIENTED_EDGE('',*,*,#3313,.F.);
#4347=ORIENTED_EDGE('',*,*,#3314,.F.);
#4348=ORIENTED_EDGE('',*,*,#3315,.F.);
#4349=ORIENTED_EDGE('',*,*,#3244,.F.);
#4350=ORIENTED_EDGE('',*,*,#3239,.F.);
#4351=ORIENTED_EDGE('',*,*,#3237,.F.);
#4352=ORIENTED_EDGE('',*,*,#3234,.F.);
#4353=ORIENTED_EDGE('',*,*,#3231,.F.);
#4354=ORIENTED_EDGE('',*,*,#3316,.F.);
#4355=ORIENTED_EDGE('',*,*,#3317,.F.);
#4356=ORIENTED_EDGE('',*,*,#3318,.T.);
#4357=ORIENTED_EDGE('',*,*,#3308,.T.);
#4358=ORIENTED_EDGE('',*,*,#3264,.F.);
#4359=ORIENTED_EDGE('',*,*,#3319,.T.);
#4360=ORIENTED_EDGE('',*,*,#3242,.T.);
#4361=ORIENTED_EDGE('',*,*,#3315,.T.);
#4362=ORIENTED_EDGE('',*,*,#3320,.F.);
#4363=ORIENTED_EDGE('',*,*,#3321,.F.);
#4364=ORIENTED_EDGE('',*,*,#3322,.F.);
#4365=ORIENTED_EDGE('',*,*,#3323,.T.);
#4366=ORIENTED_EDGE('',*,*,#3313,.T.);
#4367=ORIENTED_EDGE('',*,*,#3324,.F.);
#4368=ORIENTED_EDGE('',*,*,#3325,.F.);
#4369=ORIENTED_EDGE('',*,*,#3320,.T.);
#4370=ORIENTED_EDGE('',*,*,#3314,.T.);
#4371=ORIENTED_EDGE('',*,*,#3323,.F.);
#4372=ORIENTED_EDGE('',*,*,#3326,.F.);
#4373=ORIENTED_EDGE('',*,*,#3327,.T.);
#4374=ORIENTED_EDGE('',*,*,#3309,.T.);
#4375=ORIENTED_EDGE('',*,*,#3318,.F.);
#4376=ORIENTED_EDGE('',*,*,#3328,.F.);
#4377=ORIENTED_EDGE('',*,*,#3329,.T.);
#4378=ORIENTED_EDGE('',*,*,#3310,.T.);
#4379=ORIENTED_EDGE('',*,*,#3327,.F.);
#4380=ORIENTED_EDGE('',*,*,#3330,.F.);
#4381=ORIENTED_EDGE('',*,*,#3331,.F.);
#4382=ORIENTED_EDGE('',*,*,#3332,.F.);
#4383=ORIENTED_EDGE('',*,*,#3276,.F.);
#4384=ORIENTED_EDGE('',*,*,#3333,.T.);
#4385=ORIENTED_EDGE('',*,*,#3334,.F.);
#4386=ORIENTED_EDGE('',*,*,#3335,.F.);
#4387=ORIENTED_EDGE('',*,*,#3336,.F.);
#4388=ORIENTED_EDGE('',*,*,#3337,.F.);
#4389=ORIENTED_EDGE('',*,*,#3338,.F.);
#4390=ORIENTED_EDGE('',*,*,#3339,.F.);
#4391=ORIENTED_EDGE('',*,*,#3340,.F.);
#4392=ORIENTED_EDGE('',*,*,#3277,.F.);
#4393=ORIENTED_EDGE('',*,*,#3341,.T.);
#4394=ORIENTED_EDGE('',*,*,#3342,.F.);
#4395=ORIENTED_EDGE('',*,*,#3343,.F.);
#4396=ORIENTED_EDGE('',*,*,#3344,.F.);
#4397=ORIENTED_EDGE('',*,*,#3333,.F.);
#4398=ORIENTED_EDGE('',*,*,#3282,.F.);
#4399=ORIENTED_EDGE('',*,*,#3292,.F.);
#4400=ORIENTED_EDGE('',*,*,#3345,.T.);
#4401=ORIENTED_EDGE('',*,*,#3346,.T.);
#4402=ORIENTED_EDGE('',*,*,#3347,.F.);
#4403=ORIENTED_EDGE('',*,*,#3348,.F.);
#4404=ORIENTED_EDGE('',*,*,#3341,.F.);
#4405=ORIENTED_EDGE('',*,*,#3349,.T.);
#4406=ORIENTED_EDGE('',*,*,#3259,.T.);
#4407=ORIENTED_EDGE('',*,*,#3350,.T.);
#4408=ORIENTED_EDGE('',*,*,#3351,.T.);
#4409=ORIENTED_EDGE('',*,*,#3352,.T.);
#4410=ORIENTED_EDGE('',*,*,#3353,.T.);
#4411=ORIENTED_EDGE('',*,*,#3354,.T.);
#4412=ORIENTED_EDGE('',*,*,#3262,.T.);
#4413=ORIENTED_EDGE('',*,*,#3354,.F.);
#4414=ORIENTED_EDGE('',*,*,#3355,.T.);
#4415=ORIENTED_EDGE('',*,*,#3350,.F.);
#4416=ORIENTED_EDGE('',*,*,#3263,.T.);
#4417=ORIENTED_EDGE('',*,*,#3356,.T.);
#4418=ORIENTED_EDGE('',*,*,#3357,.T.);
#4419=ORIENTED_EDGE('',*,*,#3358,.T.);
#4420=ORIENTED_EDGE('',*,*,#3359,.T.);
#4421=ORIENTED_EDGE('',*,*,#3358,.F.);
#4422=ORIENTED_EDGE('',*,*,#3360,.T.);
#4423=ORIENTED_EDGE('',*,*,#3352,.F.);
#4424=ORIENTED_EDGE('',*,*,#3361,.T.);
#4425=ORIENTED_EDGE('',*,*,#3362,.T.);
#4426=ORIENTED_EDGE('',*,*,#3363,.T.);
#4427=ORIENTED_EDGE('',*,*,#3364,.T.);
#4428=ORIENTED_EDGE('',*,*,#3365,.T.);
#4429=ORIENTED_EDGE('',*,*,#3364,.F.);
#4430=ORIENTED_EDGE('',*,*,#3366,.T.);
#4431=ORIENTED_EDGE('',*,*,#3356,.F.);
#4432=ORIENTED_EDGE('',*,*,#3367,.T.);
#4433=ORIENTED_EDGE('',*,*,#3351,.F.);
#4434=ORIENTED_EDGE('',*,*,#3355,.F.);
#4435=ORIENTED_EDGE('',*,*,#3353,.F.);
#4436=ORIENTED_EDGE('',*,*,#3360,.F.);
#4437=ORIENTED_EDGE('',*,*,#3357,.F.);
#4438=ORIENTED_EDGE('',*,*,#3366,.F.);
#4439=ORIENTED_EDGE('',*,*,#3363,.F.);
#4440=ORIENTED_EDGE('',*,*,#3368,.F.);
#4441=ORIENTED_EDGE('',*,*,#3369,.F.);
#4442=ORIENTED_EDGE('',*,*,#3370,.T.);
#4443=ORIENTED_EDGE('',*,*,#3371,.F.);
#4444=ORIENTED_EDGE('',*,*,#3372,.T.);
#4445=ORIENTED_EDGE('',*,*,#3373,.F.);
#4446=ORIENTED_EDGE('',*,*,#3374,.F.);
#4447=ORIENTED_EDGE('',*,*,#3362,.F.);
#4448=ORIENTED_EDGE('',*,*,#3375,.T.);
#4449=ORIENTED_EDGE('',*,*,#3376,.T.);
#4450=ORIENTED_EDGE('',*,*,#3377,.T.);
#4451=ORIENTED_EDGE('',*,*,#3368,.T.);
#4452=ORIENTED_EDGE('',*,*,#3378,.T.);
#4453=ORIENTED_EDGE('',*,*,#3379,.T.);
#4454=ORIENTED_EDGE('',*,*,#3380,.T.);
#4455=ORIENTED_EDGE('',*,*,#3381,.T.);
#4456=ORIENTED_EDGE('',*,*,#3382,.T.);
#4457=ORIENTED_EDGE('',*,*,#3383,.T.);
#4458=ORIENTED_EDGE('',*,*,#3384,.T.);
#4459=ORIENTED_EDGE('',*,*,#3385,.T.);
#4460=ORIENTED_EDGE('',*,*,#3384,.F.);
#4461=ORIENTED_EDGE('',*,*,#3386,.T.);
#4462=ORIENTED_EDGE('',*,*,#3380,.F.);
#4463=ORIENTED_EDGE('',*,*,#3387,.T.);
#4464=ORIENTED_EDGE('',*,*,#3388,.T.);
#4465=ORIENTED_EDGE('',*,*,#3389,.T.);
#4466=ORIENTED_EDGE('',*,*,#3390,.T.);
#4467=ORIENTED_EDGE('',*,*,#3391,.T.);
#4468=ORIENTED_EDGE('',*,*,#3388,.F.);
#4469=ORIENTED_EDGE('',*,*,#3392,.T.);
#4470=ORIENTED_EDGE('',*,*,#3382,.F.);
#4471=ORIENTED_EDGE('',*,*,#3393,.T.);
#4472=ORIENTED_EDGE('',*,*,#3394,.T.);
#4473=ORIENTED_EDGE('',*,*,#3395,.T.);
#4474=ORIENTED_EDGE('',*,*,#3396,.T.);
#4475=ORIENTED_EDGE('',*,*,#3397,.T.);
#4476=ORIENTED_EDGE('',*,*,#3396,.F.);
#4477=ORIENTED_EDGE('',*,*,#3398,.T.);
#4478=ORIENTED_EDGE('',*,*,#3390,.F.);
#4479=ORIENTED_EDGE('',*,*,#3399,.T.);
#4480=ORIENTED_EDGE('',*,*,#3381,.F.);
#4481=ORIENTED_EDGE('',*,*,#3386,.F.);
#4482=ORIENTED_EDGE('',*,*,#3383,.F.);
#4483=ORIENTED_EDGE('',*,*,#3392,.F.);
#4484=ORIENTED_EDGE('',*,*,#3391,.F.);
#4485=ORIENTED_EDGE('',*,*,#3398,.F.);
#4486=ORIENTED_EDGE('',*,*,#3395,.F.);
#4487=ORIENTED_EDGE('',*,*,#3400,.F.);
#4488=ORIENTED_EDGE('',*,*,#3401,.F.);
#4489=ORIENTED_EDGE('',*,*,#3402,.T.);
#4490=ORIENTED_EDGE('',*,*,#3403,.F.);
#4491=ORIENTED_EDGE('',*,*,#3404,.T.);
#4492=ORIENTED_EDGE('',*,*,#3405,.F.);
#4493=ORIENTED_EDGE('',*,*,#3406,.F.);
#4494=ORIENTED_EDGE('',*,*,#3394,.F.);
#4495=ORIENTED_EDGE('',*,*,#3407,.T.);
#4496=ORIENTED_EDGE('',*,*,#3408,.T.);
#4497=ORIENTED_EDGE('',*,*,#3409,.T.);
#4498=ORIENTED_EDGE('',*,*,#3410,.F.);
#4499=ORIENTED_EDGE('',*,*,#3411,.F.);
#4500=ORIENTED_EDGE('',*,*,#3400,.T.);
#4501=ORIENTED_EDGE('',*,*,#3412,.T.);
#4502=ORIENTED_EDGE('',*,*,#3413,.T.);
#4503=ORIENTED_EDGE('',*,*,#3414,.T.);
#4504=ORIENTED_EDGE('',*,*,#3252,.T.);
#4505=ORIENTED_EDGE('',*,*,#3415,.T.);
#4506=ORIENTED_EDGE('',*,*,#3246,.T.);
#4507=ORIENTED_EDGE('',*,*,#3253,.T.);
#4508=ORIENTED_EDGE('',*,*,#3414,.F.);
#4509=ORIENTED_EDGE('',*,*,#3416,.T.);
#4510=ORIENTED_EDGE('',*,*,#3412,.F.);
#4511=ORIENTED_EDGE('',*,*,#3251,.T.);
#4512=ORIENTED_EDGE('',*,*,#3417,.T.);
#4513=ORIENTED_EDGE('',*,*,#3418,.T.);
#4514=ORIENTED_EDGE('',*,*,#3419,.T.);
#4515=ORIENTED_EDGE('',*,*,#3420,.T.);
#4516=ORIENTED_EDGE('',*,*,#3421,.T.);
#4517=ORIENTED_EDGE('',*,*,#3422,.T.);
#4518=ORIENTED_EDGE('',*,*,#3423,.T.);
#4519=ORIENTED_EDGE('',*,*,#3012,.T.);
#4520=ORIENTED_EDGE('',*,*,#3423,.F.);
#4521=ORIENTED_EDGE('',*,*,#3424,.T.);
#4522=ORIENTED_EDGE('',*,*,#3417,.F.);
#4523=ORIENTED_EDGE('',*,*,#3013,.T.);
#4524=ORIENTED_EDGE('',*,*,#3418,.F.);
#4525=ORIENTED_EDGE('',*,*,#3424,.F.);
#4526=ORIENTED_EDGE('',*,*,#3422,.F.);
#4527=ORIENTED_EDGE('',*,*,#3425,.T.);
#4528=ORIENTED_EDGE('',*,*,#3426,.F.);
#4529=ORIENTED_EDGE('',*,*,#3427,.F.);
#4530=ORIENTED_EDGE('',*,*,#3428,.F.);
#4531=ORIENTED_EDGE('',*,*,#3429,.F.);
#4532=ORIENTED_EDGE('',*,*,#3430,.F.);
#4533=ORIENTED_EDGE('',*,*,#3431,.T.);
#4534=ORIENTED_EDGE('',*,*,#3420,.F.);
#4535=ORIENTED_EDGE('',*,*,#3432,.T.);
#4536=ORIENTED_EDGE('',*,*,#3433,.F.);
#4537=ORIENTED_EDGE('',*,*,#3426,.T.);
#4538=ORIENTED_EDGE('',*,*,#3434,.T.);
#4539=ORIENTED_EDGE('',*,*,#3011,.F.);
#4540=ORIENTED_EDGE('',*,*,#3435,.F.);
#4541=ORIENTED_EDGE('',*,*,#3436,.T.);
#4542=ORIENTED_EDGE('',*,*,#3437,.F.);
#4543=ORIENTED_EDGE('',*,*,#3432,.F.);
#4544=ORIENTED_EDGE('',*,*,#3419,.F.);
#4545=ORIENTED_EDGE('',*,*,#3421,.F.);
#4546=ORIENTED_EDGE('',*,*,#3434,.F.);
#4547=ORIENTED_EDGE('',*,*,#3425,.F.);
#4548=ORIENTED_EDGE('',*,*,#3335,.T.);
#4549=ORIENTED_EDGE('',*,*,#3438,.T.);
#4550=ORIENTED_EDGE('',*,*,#3439,.T.);
#4551=ORIENTED_EDGE('',*,*,#3440,.T.);
#4552=ORIENTED_EDGE('',*,*,#3441,.T.);
#4553=ORIENTED_EDGE('',*,*,#3442,.T.);
#4554=ORIENTED_EDGE('',*,*,#3443,.T.);
#4555=ORIENTED_EDGE('',*,*,#3444,.T.);
#4556=ORIENTED_EDGE('',*,*,#3343,.T.);
#4557=ORIENTED_EDGE('',*,*,#3445,.T.);
#4558=ORIENTED_EDGE('',*,*,#3444,.F.);
#4559=ORIENTED_EDGE('',*,*,#3446,.T.);
#4560=ORIENTED_EDGE('',*,*,#3447,.T.);
#4561=ORIENTED_EDGE('',*,*,#3344,.T.);
#4562=ORIENTED_EDGE('',*,*,#3342,.T.);
#4563=ORIENTED_EDGE('',*,*,#3348,.T.);
#4564=ORIENTED_EDGE('',*,*,#3448,.T.);
#4565=ORIENTED_EDGE('',*,*,#3449,.T.);
#4566=ORIENTED_EDGE('',*,*,#3445,.F.);
#4567=ORIENTED_EDGE('',*,*,#3447,.F.);
#4568=ORIENTED_EDGE('',*,*,#3450,.T.);
#4569=ORIENTED_EDGE('',*,*,#3438,.F.);
#4570=ORIENTED_EDGE('',*,*,#3334,.T.);
#4571=ORIENTED_EDGE('',*,*,#3442,.F.);
#4572=ORIENTED_EDGE('',*,*,#3451,.F.);
#4573=ORIENTED_EDGE('',*,*,#3452,.T.);
#4574=ORIENTED_EDGE('',*,*,#3453,.F.);
#4575=ORIENTED_EDGE('',*,*,#3454,.T.);
#4576=ORIENTED_EDGE('',*,*,#3336,.T.);
#4577=ORIENTED_EDGE('',*,*,#3441,.F.);
#4578=ORIENTED_EDGE('',*,*,#3455,.T.);
#4579=ORIENTED_EDGE('',*,*,#3456,.T.);
#4580=ORIENTED_EDGE('',*,*,#3457,.T.);
#4581=ORIENTED_EDGE('',*,*,#3451,.T.);
#4582=ORIENTED_EDGE('',*,*,#3440,.F.);
#4583=ORIENTED_EDGE('',*,*,#3458,.F.);
#4584=ORIENTED_EDGE('',*,*,#3455,.F.);
#4585=ORIENTED_EDGE('',*,*,#3439,.F.);
#4586=ORIENTED_EDGE('',*,*,#3450,.F.);
#4587=ORIENTED_EDGE('',*,*,#3446,.F.);
#4588=ORIENTED_EDGE('',*,*,#3459,.T.);
#4589=ORIENTED_EDGE('',*,*,#3460,.F.);
#4590=ORIENTED_EDGE('',*,*,#3461,.F.);
#4591=ORIENTED_EDGE('',*,*,#3462,.F.);
#4592=ORIENTED_EDGE('',*,*,#3463,.F.);
#4593=ORIENTED_EDGE('',*,*,#3456,.F.);
#4594=ORIENTED_EDGE('',*,*,#3458,.T.);
#4595=ORIENTED_EDGE('',*,*,#3443,.F.);
#4596=ORIENTED_EDGE('',*,*,#3449,.F.);
#4597=ORIENTED_EDGE('',*,*,#3464,.T.);
#4598=ORIENTED_EDGE('',*,*,#3465,.F.);
#4599=ORIENTED_EDGE('',*,*,#3466,.F.);
#4600=ORIENTED_EDGE('',*,*,#3459,.F.);
#4601=ORIENTED_EDGE('',*,*,#3378,.F.);
#4602=ORIENTED_EDGE('',*,*,#3406,.T.);
#4603=ORIENTED_EDGE('',*,*,#3467,.T.);
#4604=ORIENTED_EDGE('',*,*,#3468,.T.);
#4605=ORIENTED_EDGE('',*,*,#3469,.T.);
#4606=ORIENTED_EDGE('',*,*,#3470,.T.);
#4607=ORIENTED_EDGE('',*,*,#3369,.T.);
#4608=ORIENTED_EDGE('',*,*,#3377,.F.);
#4609=ORIENTED_EDGE('',*,*,#3471,.T.);
#4610=ORIENTED_EDGE('',*,*,#3467,.F.);
#4611=ORIENTED_EDGE('',*,*,#3405,.T.);
#4612=ORIENTED_EDGE('',*,*,#3468,.F.);
#4613=ORIENTED_EDGE('',*,*,#3471,.F.);
#4614=ORIENTED_EDGE('',*,*,#3376,.F.);
#4615=ORIENTED_EDGE('',*,*,#3472,.F.);
#4616=ORIENTED_EDGE('',*,*,#3473,.F.);
#4617=ORIENTED_EDGE('',*,*,#3474,.T.);
#4618=ORIENTED_EDGE('',*,*,#3365,.F.);
#4619=ORIENTED_EDGE('',*,*,#3475,.F.);
#4620=ORIENTED_EDGE('',*,*,#3476,.F.);
#4621=ORIENTED_EDGE('',*,*,#3472,.T.);
#4622=ORIENTED_EDGE('',*,*,#3375,.F.);
#4623=ORIENTED_EDGE('',*,*,#3477,.F.);
#4624=ORIENTED_EDGE('',*,*,#3478,.T.);
#4625=ORIENTED_EDGE('',*,*,#3479,.T.);
#4626=ORIENTED_EDGE('',*,*,#3480,.T.);
#4627=ORIENTED_EDGE('',*,*,#3477,.T.);
#4628=ORIENTED_EDGE('',*,*,#3481,.T.);
#4629=ORIENTED_EDGE('',*,*,#3482,.F.);
#4630=ORIENTED_EDGE('',*,*,#3483,.T.);
#4631=ORIENTED_EDGE('',*,*,#3482,.T.);
#4632=ORIENTED_EDGE('',*,*,#3484,.T.);
#4633=ORIENTED_EDGE('',*,*,#3485,.T.);
#4634=ORIENTED_EDGE('',*,*,#3486,.T.);
#4635=ORIENTED_EDGE('',*,*,#3437,.T.);
#4636=ORIENTED_EDGE('',*,*,#3487,.T.);
#4637=ORIENTED_EDGE('',*,*,#3485,.F.);
#4638=ORIENTED_EDGE('',*,*,#3427,.T.);
#4639=ORIENTED_EDGE('',*,*,#3433,.T.);
#4640=ORIENTED_EDGE('',*,*,#3488,.T.);
#4641=ORIENTED_EDGE('',*,*,#3489,.T.);
#4642=ORIENTED_EDGE('',*,*,#3490,.T.);
#4643=ORIENTED_EDGE('',*,*,#3479,.F.);
#4644=ORIENTED_EDGE('',*,*,#3491,.T.);
#4645=ORIENTED_EDGE('',*,*,#3492,.T.);
#4646=ORIENTED_EDGE('',*,*,#3373,.T.);
#4647=ORIENTED_EDGE('',*,*,#3489,.F.);
#4648=ORIENTED_EDGE('',*,*,#3486,.F.);
#4649=ORIENTED_EDGE('',*,*,#3487,.F.);
#4650=ORIENTED_EDGE('',*,*,#3436,.F.);
#4651=ORIENTED_EDGE('',*,*,#3493,.F.);
#4652=ORIENTED_EDGE('',*,*,#3494,.T.);
#4653=ORIENTED_EDGE('',*,*,#3478,.F.);
#4654=ORIENTED_EDGE('',*,*,#3483,.F.);
#4655=ORIENTED_EDGE('',*,*,#3349,.F.);
#4656=ORIENTED_EDGE('',*,*,#3374,.T.);
#4657=ORIENTED_EDGE('',*,*,#3492,.F.);
#4658=ORIENTED_EDGE('',*,*,#3488,.F.);
#4659=ORIENTED_EDGE('',*,*,#3495,.T.);
#4660=ORIENTED_EDGE('',*,*,#3255,.T.);
#4661=ORIENTED_EDGE('',*,*,#3260,.T.);
#4662=ORIENTED_EDGE('',*,*,#3495,.F.);
#4663=ORIENTED_EDGE('',*,*,#3491,.F.);
#4664=ORIENTED_EDGE('',*,*,#3494,.F.);
#4665=ORIENTED_EDGE('',*,*,#3496,.F.);
#4666=ORIENTED_EDGE('',*,*,#3497,.F.);
#4667=ORIENTED_EDGE('',*,*,#3498,.T.);
#4668=ORIENTED_EDGE('',*,*,#3256,.T.);
#4669=ORIENTED_EDGE('',*,*,#3499,.F.);
#4670=ORIENTED_EDGE('',*,*,#3500,.T.);
#4671=ORIENTED_EDGE('',*,*,#3501,.F.);
#4672=ORIENTED_EDGE('',*,*,#3502,.T.);
#4673=ORIENTED_EDGE('',*,*,#3499,.T.);
#4674=ORIENTED_EDGE('',*,*,#3503,.T.);
#4675=ORIENTED_EDGE('',*,*,#3504,.F.);
#4676=ORIENTED_EDGE('',*,*,#3505,.T.);
#4677=ORIENTED_EDGE('',*,*,#3457,.F.);
#4678=ORIENTED_EDGE('',*,*,#3463,.T.);
#4679=ORIENTED_EDGE('',*,*,#3501,.T.);
#4680=ORIENTED_EDGE('',*,*,#3506,.T.);
#4681=ORIENTED_EDGE('',*,*,#3452,.F.);
#4682=ORIENTED_EDGE('',*,*,#3504,.T.);
#4683=ORIENTED_EDGE('',*,*,#3507,.T.);
#4684=ORIENTED_EDGE('',*,*,#3508,.T.);
#4685=ORIENTED_EDGE('',*,*,#3509,.T.);
#4686=ORIENTED_EDGE('',*,*,#3510,.T.);
#4687=ORIENTED_EDGE('',*,*,#3508,.F.);
#4688=ORIENTED_EDGE('',*,*,#3511,.T.);
#4689=ORIENTED_EDGE('',*,*,#3512,.T.);
#4690=ORIENTED_EDGE('',*,*,#3410,.T.);
#4691=ORIENTED_EDGE('',*,*,#3411,.T.);
#4692=ORIENTED_EDGE('',*,*,#3512,.F.);
#4693=ORIENTED_EDGE('',*,*,#3401,.T.);
#4694=ORIENTED_EDGE('',*,*,#3506,.F.);
#4695=ORIENTED_EDGE('',*,*,#3500,.F.);
#4696=ORIENTED_EDGE('',*,*,#3505,.F.);
#4697=ORIENTED_EDGE('',*,*,#3509,.F.);
#4698=ORIENTED_EDGE('',*,*,#3513,.F.);
#4699=ORIENTED_EDGE('',*,*,#3514,.T.);
#4700=ORIENTED_EDGE('',*,*,#3453,.T.);
#4701=ORIENTED_EDGE('',*,*,#3273,.F.);
#4702=ORIENTED_EDGE('',*,*,#3332,.T.);
#4703=ORIENTED_EDGE('',*,*,#3515,.F.);
#4704=ORIENTED_EDGE('',*,*,#3516,.F.);
#4705=ORIENTED_EDGE('',*,*,#3408,.F.);
#4706=ORIENTED_EDGE('',*,*,#3517,.F.);
#4707=ORIENTED_EDGE('',*,*,#3268,.F.);
#4708=ORIENTED_EDGE('',*,*,#3517,.T.);
#4709=ORIENTED_EDGE('',*,*,#3407,.F.);
#4710=ORIENTED_EDGE('',*,*,#3397,.F.);
#4711=ORIENTED_EDGE('',*,*,#3518,.F.);
#4712=ORIENTED_EDGE('',*,*,#3519,.F.);
#4713=ORIENTED_EDGE('',*,*,#3346,.F.);
#4714=ORIENTED_EDGE('',*,*,#3520,.F.);
#4715=ORIENTED_EDGE('',*,*,#3521,.F.);
#4716=ORIENTED_EDGE('',*,*,#3522,.F.);
#4717=ORIENTED_EDGE('',*,*,#3523,.F.);
#4718=ORIENTED_EDGE('',*,*,#3524,.F.);
#4719=ORIENTED_EDGE('',*,*,#3525,.F.);
#4720=ORIENTED_EDGE('',*,*,#3526,.F.);
#4721=ORIENTED_EDGE('',*,*,#3527,.F.);
#4722=ORIENTED_EDGE('',*,*,#3528,.F.);
#4723=ORIENTED_EDGE('',*,*,#3248,.F.);
#4724=ORIENTED_EDGE('',*,*,#3529,.F.);
#4725=ORIENTED_EDGE('',*,*,#3530,.F.);
#4726=ORIENTED_EDGE('',*,*,#3531,.F.);
#4727=ORIENTED_EDGE('',*,*,#3532,.F.);
#4728=ORIENTED_EDGE('',*,*,#3533,.F.);
#4729=ORIENTED_EDGE('',*,*,#3534,.F.);
#4730=ORIENTED_EDGE('',*,*,#3535,.F.);
#4731=ORIENTED_EDGE('',*,*,#3536,.F.);
#4732=ORIENTED_EDGE('',*,*,#3291,.F.);
#4733=ORIENTED_EDGE('',*,*,#3537,.T.);
#4734=ORIENTED_EDGE('',*,*,#3520,.T.);
#4735=ORIENTED_EDGE('',*,*,#3345,.F.);
#4736=ORIENTED_EDGE('',*,*,#3290,.F.);
#4737=ORIENTED_EDGE('',*,*,#3538,.T.);
#4738=ORIENTED_EDGE('',*,*,#3521,.T.);
#4739=ORIENTED_EDGE('',*,*,#3537,.F.);
#4740=ORIENTED_EDGE('',*,*,#3289,.F.);
#4741=ORIENTED_EDGE('',*,*,#3539,.T.);
#4742=ORIENTED_EDGE('',*,*,#3522,.T.);
#4743=ORIENTED_EDGE('',*,*,#3538,.F.);
#4744=ORIENTED_EDGE('',*,*,#3288,.F.);
#4745=ORIENTED_EDGE('',*,*,#3540,.T.);
#4746=ORIENTED_EDGE('',*,*,#3523,.T.);
#4747=ORIENTED_EDGE('',*,*,#3539,.F.);
#4748=ORIENTED_EDGE('',*,*,#3287,.F.);
#4749=ORIENTED_EDGE('',*,*,#3541,.T.);
#4750=ORIENTED_EDGE('',*,*,#3524,.T.);
#4751=ORIENTED_EDGE('',*,*,#3540,.F.);
#4752=ORIENTED_EDGE('',*,*,#3286,.F.);
#4753=ORIENTED_EDGE('',*,*,#3542,.T.);
#4754=ORIENTED_EDGE('',*,*,#3525,.T.);
#4755=ORIENTED_EDGE('',*,*,#3541,.F.);
#4756=ORIENTED_EDGE('',*,*,#3285,.F.);
#4757=ORIENTED_EDGE('',*,*,#3543,.T.);
#4758=ORIENTED_EDGE('',*,*,#3526,.T.);
#4759=ORIENTED_EDGE('',*,*,#3542,.F.);
#4760=ORIENTED_EDGE('',*,*,#3284,.F.);
#4761=ORIENTED_EDGE('',*,*,#3544,.T.);
#4762=ORIENTED_EDGE('',*,*,#3527,.T.);
#4763=ORIENTED_EDGE('',*,*,#3543,.F.);
#4764=ORIENTED_EDGE('',*,*,#3283,.F.);
#4765=ORIENTED_EDGE('',*,*,#3249,.F.);
#4766=ORIENTED_EDGE('',*,*,#3528,.T.);
#4767=ORIENTED_EDGE('',*,*,#3544,.F.);
#4768=ORIENTED_EDGE('',*,*,#3448,.F.);
#4769=ORIENTED_EDGE('',*,*,#3347,.T.);
#4770=ORIENTED_EDGE('',*,*,#3519,.T.);
#4771=ORIENTED_EDGE('',*,*,#3545,.F.);
#4772=ORIENTED_EDGE('',*,*,#3186,.T.);
#4773=ORIENTED_EDGE('',*,*,#3546,.T.);
#4774=ORIENTED_EDGE('',*,*,#3547,.T.);
#4775=ORIENTED_EDGE('',*,*,#3548,.F.);
#4776=ORIENTED_EDGE('',*,*,#3464,.F.);
#4777=ORIENTED_EDGE('',*,*,#3536,.T.);
#4778=ORIENTED_EDGE('',*,*,#3549,.T.);
#4779=ORIENTED_EDGE('',*,*,#3550,.F.);
#4780=ORIENTED_EDGE('',*,*,#3548,.T.);
#4781=ORIENTED_EDGE('',*,*,#3551,.T.);
#4782=ORIENTED_EDGE('',*,*,#3552,.T.);
#4783=ORIENTED_EDGE('',*,*,#3187,.T.);
#4784=ORIENTED_EDGE('',*,*,#3545,.T.);
#4785=ORIENTED_EDGE('',*,*,#3535,.T.);
#4786=ORIENTED_EDGE('',*,*,#3553,.F.);
#4787=ORIENTED_EDGE('',*,*,#3554,.F.);
#4788=ORIENTED_EDGE('',*,*,#3555,.F.);
#4789=ORIENTED_EDGE('',*,*,#3549,.F.);
#4790=ORIENTED_EDGE('',*,*,#3534,.T.);
#4791=ORIENTED_EDGE('',*,*,#3556,.T.);
#4792=ORIENTED_EDGE('',*,*,#3224,.T.);
#4793=ORIENTED_EDGE('',*,*,#3557,.T.);
#4794=ORIENTED_EDGE('',*,*,#3558,.T.);
#4795=ORIENTED_EDGE('',*,*,#3559,.T.);
#4796=ORIENTED_EDGE('',*,*,#3560,.F.);
#4797=ORIENTED_EDGE('',*,*,#3553,.T.);
#4798=ORIENTED_EDGE('',*,*,#3533,.T.);
#4799=ORIENTED_EDGE('',*,*,#3561,.F.);
#4800=ORIENTED_EDGE('',*,*,#3147,.T.);
#4801=ORIENTED_EDGE('',*,*,#3562,.T.);
#4802=ORIENTED_EDGE('',*,*,#3563,.T.);
#4803=ORIENTED_EDGE('',*,*,#3564,.F.);
#4804=ORIENTED_EDGE('',*,*,#3565,.F.);
#4805=ORIENTED_EDGE('',*,*,#3566,.F.);
#4806=ORIENTED_EDGE('',*,*,#3567,.F.);
#4807=ORIENTED_EDGE('',*,*,#3559,.F.);
#4808=ORIENTED_EDGE('',*,*,#3568,.T.);
#4809=ORIENTED_EDGE('',*,*,#3569,.T.);
#4810=ORIENTED_EDGE('',*,*,#3225,.T.);
#4811=ORIENTED_EDGE('',*,*,#3556,.F.);
#4812=ORIENTED_EDGE('',*,*,#3570,.T.);
#4813=ORIENTED_EDGE('',*,*,#3571,.T.);
#4814=ORIENTED_EDGE('',*,*,#3572,.T.);
#4815=ORIENTED_EDGE('',*,*,#3573,.T.);
#4816=ORIENTED_EDGE('',*,*,#3574,.T.);
#4817=ORIENTED_EDGE('',*,*,#3575,.T.);
#4818=ORIENTED_EDGE('',*,*,#3576,.T.);
#4819=ORIENTED_EDGE('',*,*,#3577,.T.);
#4820=ORIENTED_EDGE('',*,*,#3532,.T.);
#4821=ORIENTED_EDGE('',*,*,#3578,.T.);
#4822=ORIENTED_EDGE('',*,*,#3579,.F.);
#4823=ORIENTED_EDGE('',*,*,#3564,.T.);
#4824=ORIENTED_EDGE('',*,*,#3580,.T.);
#4825=ORIENTED_EDGE('',*,*,#3581,.T.);
#4826=ORIENTED_EDGE('',*,*,#3148,.T.);
#4827=ORIENTED_EDGE('',*,*,#3561,.T.);
#4828=ORIENTED_EDGE('',*,*,#3531,.T.);
#4829=ORIENTED_EDGE('',*,*,#3582,.F.);
#4830=ORIENTED_EDGE('',*,*,#3583,.F.);
#4831=ORIENTED_EDGE('',*,*,#3584,.F.);
#4832=ORIENTED_EDGE('',*,*,#3578,.F.);
#4833=ORIENTED_EDGE('',*,*,#3530,.T.);
#4834=ORIENTED_EDGE('',*,*,#3585,.T.);
#4835=ORIENTED_EDGE('',*,*,#3109,.T.);
#4836=ORIENTED_EDGE('',*,*,#3586,.T.);
#4837=ORIENTED_EDGE('',*,*,#3587,.T.);
#4838=ORIENTED_EDGE('',*,*,#3588,.T.);
#4839=ORIENTED_EDGE('',*,*,#3589,.F.);
#4840=ORIENTED_EDGE('',*,*,#3582,.T.);
#4841=ORIENTED_EDGE('',*,*,#3415,.F.);
#4842=ORIENTED_EDGE('',*,*,#3590,.F.);
#4843=ORIENTED_EDGE('',*,*,#3588,.F.);
#4844=ORIENTED_EDGE('',*,*,#3591,.T.);
#4845=ORIENTED_EDGE('',*,*,#3592,.T.);
#4846=ORIENTED_EDGE('',*,*,#3110,.T.);
#4847=ORIENTED_EDGE('',*,*,#3585,.F.);
#4848=ORIENTED_EDGE('',*,*,#3529,.T.);
#4849=ORIENTED_EDGE('',*,*,#3247,.T.);
#4850=ORIENTED_EDGE('',*,*,#3069,.T.);
#4851=ORIENTED_EDGE('',*,*,#3593,.T.);
#4852=ORIENTED_EDGE('',*,*,#3594,.F.);
#4853=ORIENTED_EDGE('',*,*,#3595,.F.);
#4854=ORIENTED_EDGE('',*,*,#3060,.F.);
#4855=ORIENTED_EDGE('',*,*,#3064,.F.);
#4856=ORIENTED_EDGE('',*,*,#3596,.F.);
#4857=ORIENTED_EDGE('',*,*,#3597,.F.);
#4858=ORIENTED_EDGE('',*,*,#3598,.F.);
#4859=ORIENTED_EDGE('',*,*,#3298,.F.);
#4860=ORIENTED_EDGE('',*,*,#3599,.F.);
#4861=ORIENTED_EDGE('',*,*,#3600,.F.);
#4862=ORIENTED_EDGE('',*,*,#3601,.F.);
#4863=ORIENTED_EDGE('',*,*,#3597,.T.);
#4864=ORIENTED_EDGE('',*,*,#3598,.T.);
#4865=ORIENTED_EDGE('',*,*,#3601,.T.);
#4866=ORIENTED_EDGE('',*,*,#3602,.F.);
#4867=ORIENTED_EDGE('',*,*,#3603,.F.);
#4868=ORIENTED_EDGE('',*,*,#3604,.F.);
#4869=ORIENTED_EDGE('',*,*,#3299,.F.);
#4870=ORIENTED_EDGE('',*,*,#3600,.T.);
#4871=ORIENTED_EDGE('',*,*,#3605,.T.);
#4872=ORIENTED_EDGE('',*,*,#3606,.T.);
#4873=ORIENTED_EDGE('',*,*,#3607,.T.);
#4874=ORIENTED_EDGE('',*,*,#3608,.F.);
#4875=ORIENTED_EDGE('',*,*,#3609,.F.);
#4876=ORIENTED_EDGE('',*,*,#3610,.T.);
#4877=ORIENTED_EDGE('',*,*,#3611,.F.);
#4878=ORIENTED_EDGE('',*,*,#3612,.F.);
#4879=ORIENTED_EDGE('',*,*,#3613,.T.);
#4880=ORIENTED_EDGE('',*,*,#3614,.T.);
#4881=ORIENTED_EDGE('',*,*,#3602,.T.);
#4882=ORIENTED_EDGE('',*,*,#3008,.T.);
#4883=ORIENTED_EDGE('',*,*,#3001,.F.);
#4884=ORIENTED_EDGE('',*,*,#3004,.T.);
#4885=ORIENTED_EDGE('',*,*,#3006,.F.);
#4886=ORIENTED_EDGE('',*,*,#3007,.T.);
#4887=ORIENTED_EDGE('',*,*,#2987,.F.);
#4888=ORIENTED_EDGE('',*,*,#2991,.T.);
#4889=ORIENTED_EDGE('',*,*,#2994,.F.);
#4890=ORIENTED_EDGE('',*,*,#3615,.T.);
#4891=ORIENTED_EDGE('',*,*,#3616,.T.);
#4892=ORIENTED_EDGE('',*,*,#3617,.T.);
#4893=ORIENTED_EDGE('',*,*,#3618,.T.);
#4894=ORIENTED_EDGE('',*,*,#3619,.T.);
#4895=ORIENTED_EDGE('',*,*,#3620,.T.);
#4896=ORIENTED_EDGE('',*,*,#3621,.T.);
#4897=ORIENTED_EDGE('',*,*,#3622,.T.);
#4898=ORIENTED_EDGE('',*,*,#3623,.T.);
#4899=ORIENTED_EDGE('',*,*,#3624,.T.);
#4900=ORIENTED_EDGE('',*,*,#3625,.T.);
#4901=ORIENTED_EDGE('',*,*,#3626,.T.);
#4902=ORIENTED_EDGE('',*,*,#3627,.T.);
#4903=ORIENTED_EDGE('',*,*,#3628,.T.);
#4904=ORIENTED_EDGE('',*,*,#3629,.T.);
#4905=ORIENTED_EDGE('',*,*,#3630,.T.);
#4906=ORIENTED_EDGE('',*,*,#3631,.F.);
#4907=ORIENTED_EDGE('',*,*,#3632,.F.);
#4908=ORIENTED_EDGE('',*,*,#3633,.F.);
#4909=ORIENTED_EDGE('',*,*,#3634,.F.);
#4910=ORIENTED_EDGE('',*,*,#3632,.T.);
#4911=ORIENTED_EDGE('',*,*,#3635,.F.);
#4912=ORIENTED_EDGE('',*,*,#3294,.F.);
#4913=ORIENTED_EDGE('',*,*,#3311,.T.);
#4914=ORIENTED_EDGE('',*,*,#3329,.F.);
#4915=ORIENTED_EDGE('',*,*,#3636,.F.);
#4916=ORIENTED_EDGE('',*,*,#3635,.T.);
#4917=ORIENTED_EDGE('',*,*,#3631,.T.);
#4918=ORIENTED_EDGE('',*,*,#3637,.F.);
#4919=ORIENTED_EDGE('',*,*,#3638,.T.);
#4920=ORIENTED_EDGE('',*,*,#3639,.T.);
#4921=ORIENTED_EDGE('',*,*,#3295,.T.);
#4922=ORIENTED_EDGE('',*,*,#3640,.F.);
#4923=ORIENTED_EDGE('',*,*,#3641,.F.);
#4924=ORIENTED_EDGE('',*,*,#3642,.F.);
#4925=ORIENTED_EDGE('',*,*,#3643,.T.);
#4926=ORIENTED_EDGE('',*,*,#3643,.F.);
#4927=ORIENTED_EDGE('',*,*,#3644,.F.);
#4928=ORIENTED_EDGE('',*,*,#3324,.T.);
#4929=ORIENTED_EDGE('',*,*,#3312,.T.);
#4930=ORIENTED_EDGE('',*,*,#3302,.F.);
#4931=ORIENTED_EDGE('',*,*,#3645,.F.);
#4932=ORIENTED_EDGE('',*,*,#3641,.T.);
#4933=ORIENTED_EDGE('',*,*,#3646,.T.);
#4934=ORIENTED_EDGE('',*,*,#3647,.T.);
#4935=ORIENTED_EDGE('',*,*,#3648,.T.);
#4936=ORIENTED_EDGE('',*,*,#3612,.T.);
#4937=ORIENTED_EDGE('',*,*,#3649,.T.);
#4938=ORIENTED_EDGE('',*,*,#3650,.F.);
#4939=ORIENTED_EDGE('',*,*,#3645,.T.);
#4940=ORIENTED_EDGE('',*,*,#3301,.F.);
#4941=ORIENTED_EDGE('',*,*,#3651,.F.);
#4942=ORIENTED_EDGE('',*,*,#3652,.F.);
#4943=ORIENTED_EDGE('',*,*,#3646,.F.);
#4944=ORIENTED_EDGE('',*,*,#3640,.T.);
#4945=ORIENTED_EDGE('',*,*,#3306,.F.);
#4946=ORIENTED_EDGE('',*,*,#3653,.T.);
#4947=ORIENTED_EDGE('',*,*,#3133,.T.);
#4948=ORIENTED_EDGE('',*,*,#3135,.T.);
#4949=ORIENTED_EDGE('',*,*,#3136,.T.);
#4950=ORIENTED_EDGE('',*,*,#3137,.T.);
#4951=ORIENTED_EDGE('',*,*,#3653,.F.);
#4952=ORIENTED_EDGE('',*,*,#3654,.F.);
#4953=ORIENTED_EDGE('',*,*,#3655,.T.);
#4954=ORIENTED_EDGE('',*,*,#3144,.T.);
#4955=ORIENTED_EDGE('',*,*,#3656,.T.);
#4956=ORIENTED_EDGE('',*,*,#3654,.T.);
#4957=ORIENTED_EDGE('',*,*,#3657,.T.);
#4958=ORIENTED_EDGE('',*,*,#3658,.T.);
#4959=ORIENTED_EDGE('',*,*,#3580,.F.);
#4960=ORIENTED_EDGE('',*,*,#3563,.F.);
#4961=ORIENTED_EDGE('',*,*,#3659,.T.);
#4962=ORIENTED_EDGE('',*,*,#3656,.F.);
#4963=ORIENTED_EDGE('',*,*,#3143,.T.);
#4964=ORIENTED_EDGE('',*,*,#3660,.F.);
#4965=ORIENTED_EDGE('',*,*,#3657,.F.);
#4966=ORIENTED_EDGE('',*,*,#3655,.F.);
#4967=ORIENTED_EDGE('',*,*,#3659,.F.);
#4968=ORIENTED_EDGE('',*,*,#3562,.F.);
#4969=ORIENTED_EDGE('',*,*,#3146,.F.);
#4970=ORIENTED_EDGE('',*,*,#3132,.T.);
#4971=ORIENTED_EDGE('',*,*,#3139,.F.);
#4972=ORIENTED_EDGE('',*,*,#3118,.F.);
#4973=ORIENTED_EDGE('',*,*,#3145,.F.);
#4974=ORIENTED_EDGE('',*,*,#3661,.T.);
#4975=ORIENTED_EDGE('',*,*,#3651,.T.);
#4976=ORIENTED_EDGE('',*,*,#3300,.T.);
#4977=ORIENTED_EDGE('',*,*,#3604,.T.);
#4978=ORIENTED_EDGE('',*,*,#3662,.T.);
#4979=ORIENTED_EDGE('',*,*,#3661,.F.);
#4980=ORIENTED_EDGE('',*,*,#3663,.F.);
#4981=ORIENTED_EDGE('',*,*,#3664,.T.);
#4982=ORIENTED_EDGE('',*,*,#3647,.F.);
#4983=ORIENTED_EDGE('',*,*,#3652,.T.);
#4984=ORIENTED_EDGE('',*,*,#3662,.F.);
#4985=ORIENTED_EDGE('',*,*,#3603,.T.);
#4986=ORIENTED_EDGE('',*,*,#3614,.F.);
#4987=ORIENTED_EDGE('',*,*,#3665,.T.);
#4988=ORIENTED_EDGE('',*,*,#3663,.T.);
#4989=ORIENTED_EDGE('',*,*,#3665,.F.);
#4990=ORIENTED_EDGE('',*,*,#3613,.F.);
#4991=ORIENTED_EDGE('',*,*,#3648,.F.);
#4992=ORIENTED_EDGE('',*,*,#3664,.F.);
#4993=ORIENTED_EDGE('',*,*,#3142,.T.);
#4994=ORIENTED_EDGE('',*,*,#3124,.T.);
#4995=ORIENTED_EDGE('',*,*,#3141,.F.);
#4996=ORIENTED_EDGE('',*,*,#3126,.F.);
#4997=ORIENTED_EDGE('',*,*,#3149,.T.);
#4998=ORIENTED_EDGE('',*,*,#3581,.F.);
#4999=ORIENTED_EDGE('',*,*,#3658,.F.);
#5000=ORIENTED_EDGE('',*,*,#3660,.T.);
#5001=ORIENTED_EDGE('',*,*,#3189,.T.);
#5002=ORIENTED_EDGE('',*,*,#3192,.T.);
#5003=ORIENTED_EDGE('',*,*,#3195,.T.);
#5004=ORIENTED_EDGE('',*,*,#3198,.T.);
#5005=ORIENTED_EDGE('',*,*,#3666,.T.);
#5006=ORIENTED_EDGE('',*,*,#3305,.T.);
#5007=ORIENTED_EDGE('',*,*,#3666,.F.);
#5008=ORIENTED_EDGE('',*,*,#3667,.T.);
#5009=ORIENTED_EDGE('',*,*,#3668,.F.);
#5010=ORIENTED_EDGE('',*,*,#3220,.F.);
#5011=ORIENTED_EDGE('',*,*,#3669,.F.);
#5012=ORIENTED_EDGE('',*,*,#3667,.F.);
#5013=ORIENTED_EDGE('',*,*,#3670,.T.);
#5014=ORIENTED_EDGE('',*,*,#3568,.F.);
#5015=ORIENTED_EDGE('',*,*,#3558,.F.);
#5016=ORIENTED_EDGE('',*,*,#3671,.F.);
#5017=ORIENTED_EDGE('',*,*,#3672,.F.);
#5018=ORIENTED_EDGE('',*,*,#3668,.T.);
#5019=ORIENTED_EDGE('',*,*,#3672,.T.);
#5020=ORIENTED_EDGE('',*,*,#3673,.F.);
#5021=ORIENTED_EDGE('',*,*,#3221,.F.);
#5022=ORIENTED_EDGE('',*,*,#3596,.T.);
#5023=ORIENTED_EDGE('',*,*,#3297,.T.);
#5024=ORIENTED_EDGE('',*,*,#3674,.T.);
#5025=ORIENTED_EDGE('',*,*,#3675,.T.);
#5026=ORIENTED_EDGE('',*,*,#3605,.F.);
#5027=ORIENTED_EDGE('',*,*,#3599,.T.);
#5028=ORIENTED_EDGE('',*,*,#3669,.T.);
#5029=ORIENTED_EDGE('',*,*,#3219,.F.);
#5030=ORIENTED_EDGE('',*,*,#3213,.T.);
#5031=ORIENTED_EDGE('',*,*,#3202,.T.);
#5032=ORIENTED_EDGE('',*,*,#3218,.F.);
#5033=ORIENTED_EDGE('',*,*,#3226,.F.);
#5034=ORIENTED_EDGE('',*,*,#3569,.F.);
#5035=ORIENTED_EDGE('',*,*,#3670,.F.);
#5036=ORIENTED_EDGE('',*,*,#3676,.F.);
#5037=ORIENTED_EDGE('',*,*,#3677,.F.);
#5038=ORIENTED_EDGE('',*,*,#3674,.F.);
#5039=ORIENTED_EDGE('',*,*,#3296,.F.);
#5040=ORIENTED_EDGE('',*,*,#3639,.F.);
#5041=ORIENTED_EDGE('',*,*,#3676,.T.);
#5042=ORIENTED_EDGE('',*,*,#3638,.F.);
#5043=ORIENTED_EDGE('',*,*,#3678,.F.);
#5044=ORIENTED_EDGE('',*,*,#3679,.F.);
#5045=ORIENTED_EDGE('',*,*,#3680,.T.);
#5046=ORIENTED_EDGE('',*,*,#3677,.T.);
#5047=ORIENTED_EDGE('',*,*,#3680,.F.);
#5048=ORIENTED_EDGE('',*,*,#3681,.F.);
#5049=ORIENTED_EDGE('',*,*,#3606,.F.);
#5050=ORIENTED_EDGE('',*,*,#3675,.F.);
#5051=ORIENTED_EDGE('',*,*,#3681,.T.);
#5052=ORIENTED_EDGE('',*,*,#3679,.T.);
#5053=ORIENTED_EDGE('',*,*,#3682,.F.);
#5054=ORIENTED_EDGE('',*,*,#3607,.F.);
#5055=ORIENTED_EDGE('',*,*,#3222,.F.);
#5056=ORIENTED_EDGE('',*,*,#3673,.T.);
#5057=ORIENTED_EDGE('',*,*,#3671,.T.);
#5058=ORIENTED_EDGE('',*,*,#3557,.F.);
#5059=ORIENTED_EDGE('',*,*,#3223,.F.);
#5060=ORIENTED_EDGE('',*,*,#3216,.T.);
#5061=ORIENTED_EDGE('',*,*,#3208,.T.);
#5062=ORIENTED_EDGE('',*,*,#3215,.F.);
#5063=ORIENTED_EDGE('',*,*,#3048,.F.);
#5064=ORIENTED_EDGE('',*,*,#3683,.T.);
#5065=ORIENTED_EDGE('',*,*,#3684,.T.);
#5066=ORIENTED_EDGE('',*,*,#3685,.T.);
#5067=ORIENTED_EDGE('',*,*,#3051,.T.);
#5068=ORIENTED_EDGE('',*,*,#3050,.F.);
#5069=ORIENTED_EDGE('',*,*,#3049,.F.);
#5070=ORIENTED_EDGE('',*,*,#3685,.F.);
#5071=ORIENTED_EDGE('',*,*,#3686,.T.);
#5072=ORIENTED_EDGE('',*,*,#3687,.F.);
#5073=ORIENTED_EDGE('',*,*,#3036,.T.);
#5074=ORIENTED_EDGE('',*,*,#3688,.T.);
#5075=ORIENTED_EDGE('',*,*,#3689,.T.);
#5076=ORIENTED_EDGE('',*,*,#3690,.T.);
#5077=ORIENTED_EDGE('',*,*,#3046,.T.);
#5078=ORIENTED_EDGE('',*,*,#3690,.F.);
#5079=ORIENTED_EDGE('',*,*,#3691,.T.);
#5080=ORIENTED_EDGE('',*,*,#3683,.F.);
#5081=ORIENTED_EDGE('',*,*,#3047,.F.);
#5082=ORIENTED_EDGE('',*,*,#3042,.F.);
#5083=ORIENTED_EDGE('',*,*,#3041,.F.);
#5084=ORIENTED_EDGE('',*,*,#3692,.T.);
#5085=ORIENTED_EDGE('',*,*,#3693,.T.);
#5086=ORIENTED_EDGE('',*,*,#3694,.T.);
#5087=ORIENTED_EDGE('',*,*,#3044,.T.);
#5088=ORIENTED_EDGE('',*,*,#3043,.F.);
#5089=ORIENTED_EDGE('',*,*,#3694,.F.);
#5090=ORIENTED_EDGE('',*,*,#3695,.T.);
#5091=ORIENTED_EDGE('',*,*,#3688,.F.);
#5092=ORIENTED_EDGE('',*,*,#3045,.T.);
#5093=ORIENTED_EDGE('',*,*,#3696,.F.);
#5094=ORIENTED_EDGE('',*,*,#3697,.T.);
#5095=ORIENTED_EDGE('',*,*,#3692,.F.);
#5096=ORIENTED_EDGE('',*,*,#3040,.F.);
#5097=ORIENTED_EDGE('',*,*,#3684,.F.);
#5098=ORIENTED_EDGE('',*,*,#3698,.T.);
#5099=ORIENTED_EDGE('',*,*,#3699,.F.);
#5100=ORIENTED_EDGE('',*,*,#3700,.T.);
#5101=ORIENTED_EDGE('',*,*,#3691,.F.);
#5102=ORIENTED_EDGE('',*,*,#3689,.F.);
#5103=ORIENTED_EDGE('',*,*,#3695,.F.);
#5104=ORIENTED_EDGE('',*,*,#3701,.F.);
#5105=ORIENTED_EDGE('',*,*,#3702,.F.);
#5106=ORIENTED_EDGE('',*,*,#3703,.F.);
#5107=ORIENTED_EDGE('',*,*,#3704,.F.);
#5108=ORIENTED_EDGE('',*,*,#3698,.F.);
#5109=ORIENTED_EDGE('',*,*,#3693,.F.);
#5110=ORIENTED_EDGE('',*,*,#3705,.T.);
#5111=ORIENTED_EDGE('',*,*,#3706,.T.);
#5112=ORIENTED_EDGE('',*,*,#3701,.T.);
#5113=ORIENTED_EDGE('',*,*,#3707,.F.);
#5114=ORIENTED_EDGE('',*,*,#3708,.F.);
#5115=ORIENTED_EDGE('',*,*,#3709,.F.);
#5116=ORIENTED_EDGE('',*,*,#3708,.T.);
#5117=ORIENTED_EDGE('',*,*,#3702,.T.);
#5118=ORIENTED_EDGE('',*,*,#3706,.F.);
#5119=ORIENTED_EDGE('',*,*,#3710,.T.);
#5120=ORIENTED_EDGE('',*,*,#3560,.T.);
#5121=ORIENTED_EDGE('',*,*,#3567,.T.);
#5122=ORIENTED_EDGE('',*,*,#3709,.T.);
#5123=ORIENTED_EDGE('',*,*,#3711,.T.);
#5124=ORIENTED_EDGE('',*,*,#3712,.F.);
#5125=ORIENTED_EDGE('',*,*,#3713,.F.);
#5126=ORIENTED_EDGE('',*,*,#3714,.F.);
#5127=ORIENTED_EDGE('',*,*,#3579,.T.);
#5128=ORIENTED_EDGE('',*,*,#3715,.T.);
#5129=ORIENTED_EDGE('',*,*,#3713,.T.);
#5130=ORIENTED_EDGE('',*,*,#3565,.T.);
#5131=ORIENTED_EDGE('',*,*,#3699,.T.);
#5132=ORIENTED_EDGE('',*,*,#3704,.T.);
#5133=ORIENTED_EDGE('',*,*,#3714,.T.);
#5134=ORIENTED_EDGE('',*,*,#3716,.T.);
#5135=ORIENTED_EDGE('',*,*,#3712,.T.);
#5136=ORIENTED_EDGE('',*,*,#3703,.T.);
#5137=ORIENTED_EDGE('',*,*,#3707,.T.);
#5138=ORIENTED_EDGE('',*,*,#3566,.T.);
#5139=ORIENTED_EDGE('',*,*,#3619,.F.);
#5140=ORIENTED_EDGE('',*,*,#3717,.F.);
#5141=ORIENTED_EDGE('',*,*,#3718,.T.);
#5142=ORIENTED_EDGE('',*,*,#3719,.T.);
#5143=ORIENTED_EDGE('',*,*,#3620,.F.);
#5144=ORIENTED_EDGE('',*,*,#3719,.F.);
#5145=ORIENTED_EDGE('',*,*,#3720,.T.);
#5146=ORIENTED_EDGE('',*,*,#3721,.T.);
#5147=ORIENTED_EDGE('',*,*,#3621,.F.);
#5148=ORIENTED_EDGE('',*,*,#3721,.F.);
#5149=ORIENTED_EDGE('',*,*,#3722,.T.);
#5150=ORIENTED_EDGE('',*,*,#3723,.T.);
#5151=ORIENTED_EDGE('',*,*,#3622,.F.);
#5152=ORIENTED_EDGE('',*,*,#3723,.F.);
#5153=ORIENTED_EDGE('',*,*,#3724,.T.);
#5154=ORIENTED_EDGE('',*,*,#3725,.F.);
#5155=ORIENTED_EDGE('',*,*,#3724,.F.);
#5156=ORIENTED_EDGE('',*,*,#3722,.F.);
#5157=ORIENTED_EDGE('',*,*,#3720,.F.);
#5158=ORIENTED_EDGE('',*,*,#3718,.F.);
#5159=ORIENTED_EDGE('',*,*,#3726,.F.);
#5160=ORIENTED_EDGE('',*,*,#3727,.F.);
#5161=ORIENTED_EDGE('',*,*,#3728,.F.);
#5162=ORIENTED_EDGE('',*,*,#3729,.F.);
#5163=ORIENTED_EDGE('',*,*,#3615,.F.);
#5164=ORIENTED_EDGE('',*,*,#3725,.T.);
#5165=ORIENTED_EDGE('',*,*,#3729,.T.);
#5166=ORIENTED_EDGE('',*,*,#3730,.T.);
#5167=ORIENTED_EDGE('',*,*,#3616,.F.);
#5168=ORIENTED_EDGE('',*,*,#3730,.F.);
#5169=ORIENTED_EDGE('',*,*,#3728,.T.);
#5170=ORIENTED_EDGE('',*,*,#3731,.T.);
#5171=ORIENTED_EDGE('',*,*,#3617,.F.);
#5172=ORIENTED_EDGE('',*,*,#3731,.F.);
#5173=ORIENTED_EDGE('',*,*,#3727,.T.);
#5174=ORIENTED_EDGE('',*,*,#3732,.T.);
#5175=ORIENTED_EDGE('',*,*,#3618,.F.);
#5176=ORIENTED_EDGE('',*,*,#3732,.F.);
#5177=ORIENTED_EDGE('',*,*,#3726,.T.);
#5178=ORIENTED_EDGE('',*,*,#3717,.T.);
#5179=ORIENTED_EDGE('',*,*,#3625,.F.);
#5180=ORIENTED_EDGE('',*,*,#3733,.T.);
#5181=ORIENTED_EDGE('',*,*,#3572,.F.);
#5182=ORIENTED_EDGE('',*,*,#3734,.T.);
#5183=ORIENTED_EDGE('',*,*,#3626,.F.);
#5184=ORIENTED_EDGE('',*,*,#3734,.F.);
#5185=ORIENTED_EDGE('',*,*,#3571,.F.);
#5186=ORIENTED_EDGE('',*,*,#3735,.T.);
#5187=ORIENTED_EDGE('',*,*,#3623,.F.);
#5188=ORIENTED_EDGE('',*,*,#3735,.F.);
#5189=ORIENTED_EDGE('',*,*,#3570,.F.);
#5190=ORIENTED_EDGE('',*,*,#3736,.T.);
#5191=ORIENTED_EDGE('',*,*,#3624,.F.);
#5192=ORIENTED_EDGE('',*,*,#3736,.F.);
#5193=ORIENTED_EDGE('',*,*,#3573,.F.);
#5194=ORIENTED_EDGE('',*,*,#3733,.F.);
#5195=ORIENTED_EDGE('',*,*,#3629,.F.);
#5196=ORIENTED_EDGE('',*,*,#3737,.T.);
#5197=ORIENTED_EDGE('',*,*,#3576,.F.);
#5198=ORIENTED_EDGE('',*,*,#3738,.T.);
#5199=ORIENTED_EDGE('',*,*,#3630,.F.);
#5200=ORIENTED_EDGE('',*,*,#3738,.F.);
#5201=ORIENTED_EDGE('',*,*,#3575,.F.);
#5202=ORIENTED_EDGE('',*,*,#3739,.T.);
#5203=ORIENTED_EDGE('',*,*,#3627,.F.);
#5204=ORIENTED_EDGE('',*,*,#3739,.F.);
#5205=ORIENTED_EDGE('',*,*,#3574,.F.);
#5206=ORIENTED_EDGE('',*,*,#3740,.T.);
#5207=ORIENTED_EDGE('',*,*,#3628,.F.);
#5208=ORIENTED_EDGE('',*,*,#3740,.F.);
#5209=ORIENTED_EDGE('',*,*,#3577,.F.);
#5210=ORIENTED_EDGE('',*,*,#3737,.F.);
#5211=ORIENTED_EDGE('',*,*,#3067,.T.);
#5212=ORIENTED_EDGE('',*,*,#3741,.F.);
#5213=ORIENTED_EDGE('',*,*,#3610,.F.);
#5214=ORIENTED_EDGE('',*,*,#3742,.F.);
#5215=ORIENTED_EDGE('',*,*,#3611,.T.);
#5216=ORIENTED_EDGE('',*,*,#3741,.T.);
#5217=ORIENTED_EDGE('',*,*,#3066,.T.);
#5218=ORIENTED_EDGE('',*,*,#3072,.F.);
#5219=ORIENTED_EDGE('',*,*,#3743,.F.);
#5220=ORIENTED_EDGE('',*,*,#3649,.F.);
#5221=ORIENTED_EDGE('',*,*,#3742,.T.);
#5222=ORIENTED_EDGE('',*,*,#3609,.T.);
#5223=ORIENTED_EDGE('',*,*,#3744,.F.);
#5224=ORIENTED_EDGE('',*,*,#3745,.F.);
#5225=ORIENTED_EDGE('',*,*,#3593,.F.);
#5226=ORIENTED_EDGE('',*,*,#3068,.T.);
#5227=ORIENTED_EDGE('',*,*,#3634,.T.);
#5228=ORIENTED_EDGE('',*,*,#3746,.F.);
#5229=ORIENTED_EDGE('',*,*,#3744,.T.);
#5230=ORIENTED_EDGE('',*,*,#3608,.T.);
#5231=ORIENTED_EDGE('',*,*,#3682,.T.);
#5232=ORIENTED_EDGE('',*,*,#3678,.T.);
#5233=ORIENTED_EDGE('',*,*,#3637,.T.);
#5234=ORIENTED_EDGE('',*,*,#3039,.T.);
#5235=ORIENTED_EDGE('',*,*,#3054,.F.);
#5236=ORIENTED_EDGE('',*,*,#3747,.T.);
#5237=ORIENTED_EDGE('',*,*,#3696,.T.);
#5238=ORIENTED_EDGE('',*,*,#3748,.T.);
#5239=ORIENTED_EDGE('',*,*,#3055,.T.);
#5240=ORIENTED_EDGE('',*,*,#3037,.T.);
#5241=ORIENTED_EDGE('',*,*,#3687,.T.);
#5242=ORIENTED_EDGE('',*,*,#3749,.F.);
#5243=ORIENTED_EDGE('',*,*,#3750,.F.);
#5244=ORIENTED_EDGE('',*,*,#3751,.F.);
#5245=ORIENTED_EDGE('',*,*,#3752,.F.);
#5246=ORIENTED_EDGE('',*,*,#3753,.F.);
#5247=ORIENTED_EDGE('',*,*,#3748,.F.);
#5248=ORIENTED_EDGE('',*,*,#3686,.F.);
#5249=ORIENTED_EDGE('',*,*,#3700,.F.);
#5250=ORIENTED_EDGE('',*,*,#3592,.F.);
#5251=ORIENTED_EDGE('',*,*,#3754,.F.);
#5252=ORIENTED_EDGE('',*,*,#3755,.T.);
#5253=ORIENTED_EDGE('',*,*,#3103,.T.);
#5254=ORIENTED_EDGE('',*,*,#3100,.T.);
#5255=ORIENTED_EDGE('',*,*,#3088,.F.);
#5256=ORIENTED_EDGE('',*,*,#3098,.F.);
#5257=ORIENTED_EDGE('',*,*,#3111,.T.);
#5258=ORIENTED_EDGE('',*,*,#3756,.F.);
#5259=ORIENTED_EDGE('',*,*,#3757,.F.);
#5260=ORIENTED_EDGE('',*,*,#3104,.F.);
#5261=ORIENTED_EDGE('',*,*,#3755,.F.);
#5262=ORIENTED_EDGE('',*,*,#3757,.T.);
#5263=ORIENTED_EDGE('',*,*,#3758,.T.);
#5264=ORIENTED_EDGE('',*,*,#3759,.T.);
#5265=ORIENTED_EDGE('',*,*,#3105,.F.);
#5266=ORIENTED_EDGE('',*,*,#3760,.F.);
#5267=ORIENTED_EDGE('',*,*,#3761,.F.);
#5268=ORIENTED_EDGE('',*,*,#3106,.F.);
#5269=ORIENTED_EDGE('',*,*,#3759,.F.);
#5270=ORIENTED_EDGE('',*,*,#3586,.F.);
#5271=ORIENTED_EDGE('',*,*,#3108,.F.);
#5272=ORIENTED_EDGE('',*,*,#3096,.T.);
#5273=ORIENTED_EDGE('',*,*,#3093,.F.);
#5274=ORIENTED_EDGE('',*,*,#3102,.F.);
#5275=ORIENTED_EDGE('',*,*,#3107,.F.);
#5276=ORIENTED_EDGE('',*,*,#3761,.T.);
#5277=ORIENTED_EDGE('',*,*,#3762,.T.);
#5278=ORIENTED_EDGE('',*,*,#3591,.F.);
#5279=ORIENTED_EDGE('',*,*,#3587,.F.);
#5280=ORIENTED_EDGE('',*,*,#3762,.F.);
#5281=ORIENTED_EDGE('',*,*,#3760,.T.);
#5282=ORIENTED_EDGE('',*,*,#3758,.F.);
#5283=ORIENTED_EDGE('',*,*,#3756,.T.);
#5284=ORIENTED_EDGE('',*,*,#3754,.T.);
#5285=ORIENTED_EDGE('',*,*,#3073,.T.);
#5286=ORIENTED_EDGE('',*,*,#3076,.T.);
#5287=ORIENTED_EDGE('',*,*,#3079,.T.);
#5288=ORIENTED_EDGE('',*,*,#3082,.T.);
#5289=ORIENTED_EDGE('',*,*,#3763,.T.);
#5290=ORIENTED_EDGE('',*,*,#3307,.F.);
#5291=ORIENTED_EDGE('',*,*,#3763,.F.);
#5292=ORIENTED_EDGE('',*,*,#3547,.F.);
#5293=ORIENTED_EDGE('',*,*,#3764,.F.);
#5294=ORIENTED_EDGE('',*,*,#3765,.F.);
#5295=ORIENTED_EDGE('',*,*,#3766,.T.);
#5296=ORIENTED_EDGE('',*,*,#3767,.F.);
#5297=ORIENTED_EDGE('',*,*,#3768,.T.);
#5298=ORIENTED_EDGE('',*,*,#3551,.F.);
#5299=ORIENTED_EDGE('',*,*,#3552,.F.);
#5300=ORIENTED_EDGE('',*,*,#3768,.F.);
#5301=ORIENTED_EDGE('',*,*,#3769,.F.);
#5302=ORIENTED_EDGE('',*,*,#3180,.T.);
#5303=ORIENTED_EDGE('',*,*,#3162,.T.);
#5304=ORIENTED_EDGE('',*,*,#3179,.T.);
#5305=ORIENTED_EDGE('',*,*,#3164,.F.);
#5306=ORIENTED_EDGE('',*,*,#3188,.T.);
#5307=ORIENTED_EDGE('',*,*,#3765,.T.);
#5308=ORIENTED_EDGE('',*,*,#3770,.T.);
#5309=ORIENTED_EDGE('',*,*,#3183,.T.);
#5310=ORIENTED_EDGE('',*,*,#3771,.T.);
#5311=ORIENTED_EDGE('',*,*,#3771,.F.);
#5312=ORIENTED_EDGE('',*,*,#3182,.T.);
#5313=ORIENTED_EDGE('',*,*,#3772,.F.);
#5314=ORIENTED_EDGE('',*,*,#3766,.F.);
#5315=ORIENTED_EDGE('',*,*,#3767,.T.);
#5316=ORIENTED_EDGE('',*,*,#3772,.T.);
#5317=ORIENTED_EDGE('',*,*,#3181,.T.);
#5318=ORIENTED_EDGE('',*,*,#3769,.T.);
#5319=ORIENTED_EDGE('',*,*,#3546,.F.);
#5320=ORIENTED_EDGE('',*,*,#3185,.F.);
#5321=ORIENTED_EDGE('',*,*,#3170,.T.);
#5322=ORIENTED_EDGE('',*,*,#3177,.T.);
#5323=ORIENTED_EDGE('',*,*,#3156,.F.);
#5324=ORIENTED_EDGE('',*,*,#3184,.F.);
#5325=ORIENTED_EDGE('',*,*,#3770,.F.);
#5326=ORIENTED_EDGE('',*,*,#3764,.T.);
#5327=ORIENTED_EDGE('',*,*,#3304,.F.);
#5328=ORIENTED_EDGE('',*,*,#3773,.T.);
#5329=ORIENTED_EDGE('',*,*,#3171,.T.);
#5330=ORIENTED_EDGE('',*,*,#3173,.T.);
#5331=ORIENTED_EDGE('',*,*,#3174,.T.);
#5332=ORIENTED_EDGE('',*,*,#3175,.T.);
#5333=ORIENTED_EDGE('',*,*,#3773,.F.);
#5334=ORIENTED_EDGE('',*,*,#3774,.T.);
#5335=ORIENTED_EDGE('',*,*,#3038,.T.);
#5336=ORIENTED_EDGE('',*,*,#3775,.T.);
#5337=ORIENTED_EDGE('',*,*,#3776,.T.);
#5338=ORIENTED_EDGE('',*,*,#3775,.F.);
#5339=ORIENTED_EDGE('',*,*,#3030,.T.);
#5340=ORIENTED_EDGE('',*,*,#3057,.F.);
#5341=ORIENTED_EDGE('',*,*,#3777,.T.);
#5342=ORIENTED_EDGE('',*,*,#3052,.F.);
#5343=ORIENTED_EDGE('',*,*,#3026,.T.);
#5344=ORIENTED_EDGE('',*,*,#3774,.F.);
#5345=ORIENTED_EDGE('',*,*,#3778,.T.);
#5346=ORIENTED_EDGE('',*,*,#3747,.F.);
#5347=ORIENTED_EDGE('',*,*,#3779,.F.);
#5348=ORIENTED_EDGE('',*,*,#3780,.F.);
#5349=ORIENTED_EDGE('',*,*,#3781,.F.);
#5350=ORIENTED_EDGE('',*,*,#3782,.F.);
#5351=ORIENTED_EDGE('',*,*,#3783,.F.);
#5352=ORIENTED_EDGE('',*,*,#3705,.F.);
#5353=ORIENTED_EDGE('',*,*,#3697,.F.);
#5354=ORIENTED_EDGE('',*,*,#3053,.F.);
#5355=ORIENTED_EDGE('',*,*,#3784,.T.);
#5356=ORIENTED_EDGE('',*,*,#3785,.F.);
#5357=ORIENTED_EDGE('',*,*,#3779,.T.);
#5358=ORIENTED_EDGE('',*,*,#3786,.T.);
#5359=ORIENTED_EDGE('',*,*,#3787,.T.);
#5360=ORIENTED_EDGE('',*,*,#3583,.T.);
#5361=ORIENTED_EDGE('',*,*,#3589,.T.);
#5362=ORIENTED_EDGE('',*,*,#3788,.T.);
#5363=ORIENTED_EDGE('',*,*,#3789,.T.);
#5364=ORIENTED_EDGE('',*,*,#3787,.F.);
#5365=ORIENTED_EDGE('',*,*,#3790,.T.);
#5366=ORIENTED_EDGE('',*,*,#3788,.F.);
#5367=ORIENTED_EDGE('',*,*,#3430,.T.);
#5368=ORIENTED_EDGE('',*,*,#3791,.T.);
#5369=ORIENTED_EDGE('',*,*,#3792,.T.);
#5370=ORIENTED_EDGE('',*,*,#3793,.T.);
#5371=ORIENTED_EDGE('',*,*,#3751,.T.);
#5372=ORIENTED_EDGE('',*,*,#3794,.T.);
#5373=ORIENTED_EDGE('',*,*,#3795,.T.);
#5374=ORIENTED_EDGE('',*,*,#3796,.T.);
#5375=ORIENTED_EDGE('',*,*,#3797,.T.);
#5376=ORIENTED_EDGE('',*,*,#3752,.T.);
#5377=ORIENTED_EDGE('',*,*,#3793,.F.);
#5378=ORIENTED_EDGE('',*,*,#3371,.T.);
#5379=ORIENTED_EDGE('',*,*,#3798,.T.);
#5380=ORIENTED_EDGE('',*,*,#3799,.T.);
#5381=ORIENTED_EDGE('',*,*,#3056,.F.);
#5382=ORIENTED_EDGE('',*,*,#3753,.T.);
#5383=ORIENTED_EDGE('',*,*,#3799,.F.);
#5384=ORIENTED_EDGE('',*,*,#3800,.T.);
#5385=ORIENTED_EDGE('',*,*,#3794,.F.);
#5386=ORIENTED_EDGE('',*,*,#3750,.T.);
#5387=ORIENTED_EDGE('',*,*,#3791,.F.);
#5388=ORIENTED_EDGE('',*,*,#3429,.T.);
#5389=ORIENTED_EDGE('',*,*,#3789,.F.);
#5390=ORIENTED_EDGE('',*,*,#3792,.F.);
#5391=ORIENTED_EDGE('',*,*,#3749,.T.);
#5392=ORIENTED_EDGE('',*,*,#3716,.F.);
#5393=ORIENTED_EDGE('',*,*,#3715,.F.);
#5394=ORIENTED_EDGE('',*,*,#3584,.T.);
#5395=ORIENTED_EDGE('',*,*,#3470,.F.);
#5396=ORIENTED_EDGE('',*,*,#3404,.F.);
#5397=ORIENTED_EDGE('',*,*,#3801,.F.);
#5398=ORIENTED_EDGE('',*,*,#3784,.F.);
#5399=ORIENTED_EDGE('',*,*,#3778,.F.);
#5400=ORIENTED_EDGE('',*,*,#3776,.F.);
#5401=ORIENTED_EDGE('',*,*,#3777,.F.);
#5402=ORIENTED_EDGE('',*,*,#3800,.F.);
#5403=ORIENTED_EDGE('',*,*,#3798,.F.);
#5404=ORIENTED_EDGE('',*,*,#3370,.F.);
#5405=ORIENTED_EDGE('',*,*,#3403,.T.);
#5406=ORIENTED_EDGE('',*,*,#3802,.T.);
#5407=ORIENTED_EDGE('',*,*,#3780,.T.);
#5408=ORIENTED_EDGE('',*,*,#3785,.T.);
#5409=ORIENTED_EDGE('',*,*,#3801,.T.);
#5410=ORIENTED_EDGE('',*,*,#3803,.T.);
#5411=ORIENTED_EDGE('',*,*,#3781,.T.);
#5412=ORIENTED_EDGE('',*,*,#3802,.F.);
#5413=ORIENTED_EDGE('',*,*,#3804,.T.);
#5414=ORIENTED_EDGE('',*,*,#3805,.T.);
#5415=ORIENTED_EDGE('',*,*,#3806,.T.);
#5416=ORIENTED_EDGE('',*,*,#3807,.T.);
#5417=ORIENTED_EDGE('',*,*,#3466,.T.);
#5418=ORIENTED_EDGE('',*,*,#3808,.T.);
#5419=ORIENTED_EDGE('',*,*,#3809,.T.);
#5420=ORIENTED_EDGE('',*,*,#3807,.F.);
#5421=ORIENTED_EDGE('',*,*,#3810,.T.);
#5422=ORIENTED_EDGE('',*,*,#3811,.T.);
#5423=ORIENTED_EDGE('',*,*,#3460,.T.);
#5424=ORIENTED_EDGE('',*,*,#3555,.T.);
#5425=ORIENTED_EDGE('',*,*,#3808,.F.);
#5426=ORIENTED_EDGE('',*,*,#3465,.T.);
#5427=ORIENTED_EDGE('',*,*,#3550,.T.);
#5428=ORIENTED_EDGE('',*,*,#3811,.F.);
#5429=ORIENTED_EDGE('',*,*,#3782,.T.);
#5430=ORIENTED_EDGE('',*,*,#3803,.F.);
#5431=ORIENTED_EDGE('',*,*,#3461,.T.);
#5432=ORIENTED_EDGE('',*,*,#3810,.F.);
#5433=ORIENTED_EDGE('',*,*,#3809,.F.);
#5434=ORIENTED_EDGE('',*,*,#3554,.T.);
#5435=ORIENTED_EDGE('',*,*,#3711,.F.);
#5436=ORIENTED_EDGE('',*,*,#3710,.F.);
#5437=ORIENTED_EDGE('',*,*,#3783,.T.);
#5438=ORIENTED_EDGE('',*,*,#3812,.F.);
#5439=ORIENTED_EDGE('',*,*,#3813,.F.);
#5440=ORIENTED_EDGE('',*,*,#3814,.F.);
#5441=ORIENTED_EDGE('',*,*,#3815,.F.);
#5442=ORIENTED_EDGE('',*,*,#3816,.F.);
#5443=ORIENTED_EDGE('',*,*,#3815,.T.);
#5444=ORIENTED_EDGE('',*,*,#3817,.F.);
#5445=ORIENTED_EDGE('',*,*,#3818,.F.);
#5446=ORIENTED_EDGE('',*,*,#3819,.F.);
#5447=ORIENTED_EDGE('',*,*,#3820,.T.);
#5448=ORIENTED_EDGE('',*,*,#3821,.T.);
#5449=ORIENTED_EDGE('',*,*,#3813,.T.);
#5450=ORIENTED_EDGE('',*,*,#3822,.F.);
#5451=ORIENTED_EDGE('',*,*,#3817,.T.);
#5452=ORIENTED_EDGE('',*,*,#3814,.T.);
#5453=ORIENTED_EDGE('',*,*,#3821,.F.);
#5454=ORIENTED_EDGE('',*,*,#3595,.T.);
#5455=ORIENTED_EDGE('',*,*,#3823,.F.);
#5456=ORIENTED_EDGE('',*,*,#3819,.T.);
#5457=ORIENTED_EDGE('',*,*,#3812,.T.);
#5458=ORIENTED_EDGE('',*,*,#3816,.T.);
#5459=ORIENTED_EDGE('',*,*,#3824,.F.);
#5460=ORIENTED_EDGE('',*,*,#3070,.T.);
#5461=ORIENTED_EDGE('',*,*,#3061,.F.);
#5462=ORIENTED_EDGE('',*,*,#3644,.T.);
#5463=ORIENTED_EDGE('',*,*,#3642,.T.);
#5464=ORIENTED_EDGE('',*,*,#3650,.T.);
#5465=ORIENTED_EDGE('',*,*,#3743,.T.);
#5466=ORIENTED_EDGE('',*,*,#3071,.T.);
#5467=ORIENTED_EDGE('',*,*,#3824,.T.);
#5468=ORIENTED_EDGE('',*,*,#3818,.T.);
#5469=ORIENTED_EDGE('',*,*,#3822,.T.);
#5470=ORIENTED_EDGE('',*,*,#3820,.F.);
#5471=ORIENTED_EDGE('',*,*,#3823,.T.);
#5472=ORIENTED_EDGE('',*,*,#3594,.T.);
#5473=ORIENTED_EDGE('',*,*,#3745,.T.);
#5474=ORIENTED_EDGE('',*,*,#3746,.T.);
#5475=ORIENTED_EDGE('',*,*,#3633,.T.);
#5476=ORIENTED_EDGE('',*,*,#3636,.T.);
#5477=ORIENTED_EDGE('',*,*,#3328,.T.);
#5478=ORIENTED_EDGE('',*,*,#3326,.T.);
#5479=ORIENTED_EDGE('',*,*,#3317,.T.);
#5480=ORIENTED_EDGE('',*,*,#3825,.T.);
#5481=ORIENTED_EDGE('',*,*,#3826,.T.);
#5482=ORIENTED_EDGE('',*,*,#3473,.T.);
#5483=ORIENTED_EDGE('',*,*,#3476,.T.);
#5484=ORIENTED_EDGE('',*,*,#3827,.T.);
#5485=ORIENTED_EDGE('',*,*,#3321,.T.);
#5486=ORIENTED_EDGE('',*,*,#3325,.T.);
#5487=ORIENTED_EDGE('',*,*,#3322,.T.);
#5488=ORIENTED_EDGE('',*,*,#3361,.F.);
#5489=ORIENTED_EDGE('',*,*,#3261,.F.);
#5490=ORIENTED_EDGE('',*,*,#3319,.F.);
#5491=ORIENTED_EDGE('',*,*,#3827,.F.);
#5492=ORIENTED_EDGE('',*,*,#3475,.T.);
#5493=ORIENTED_EDGE('',*,*,#3367,.F.);
#5494=ORIENTED_EDGE('',*,*,#3359,.F.);
#5495=ORIENTED_EDGE('',*,*,#3828,.F.);
#5496=ORIENTED_EDGE('',*,*,#3829,.F.);
#5497=ORIENTED_EDGE('',*,*,#3515,.T.);
#5498=ORIENTED_EDGE('',*,*,#3331,.T.);
#5499=ORIENTED_EDGE('',*,*,#3830,.F.);
#5500=ORIENTED_EDGE('',*,*,#3409,.F.);
#5501=ORIENTED_EDGE('',*,*,#3516,.T.);
#5502=ORIENTED_EDGE('',*,*,#3829,.T.);
#5503=ORIENTED_EDGE('',*,*,#3831,.T.);
#5504=ORIENTED_EDGE('',*,*,#3832,.T.);
#5505=ORIENTED_EDGE('',*,*,#3513,.T.);
#5506=ORIENTED_EDGE('',*,*,#3510,.F.);
#5507=ORIENTED_EDGE('',*,*,#3009,.T.);
#5508=ORIENTED_EDGE('',*,*,#3833,.T.);
#5509=ORIENTED_EDGE('',*,*,#3834,.T.);
#5510=ORIENTED_EDGE('',*,*,#3435,.T.);
#5511=ORIENTED_EDGE('',*,*,#3010,.T.);
#5512=ORIENTED_EDGE('',*,*,#3835,.T.);
#5513=ORIENTED_EDGE('',*,*,#3496,.T.);
#5514=ORIENTED_EDGE('',*,*,#3493,.T.);
#5515=ORIENTED_EDGE('',*,*,#3834,.F.);
#5516=ORIENTED_EDGE('',*,*,#3836,.F.);
#5517=ORIENTED_EDGE('',*,*,#3837,.F.);
#5518=ORIENTED_EDGE('',*,*,#3497,.T.);
#5519=ORIENTED_EDGE('',*,*,#3835,.F.);
#5520=ORIENTED_EDGE('',*,*,#3838,.F.);
#5521=ORIENTED_EDGE('',*,*,#3836,.T.);
#5522=ORIENTED_EDGE('',*,*,#3833,.F.);
#5523=ORIENTED_EDGE('',*,*,#3018,.T.);
#5524=ORIENTED_EDGE('',*,*,#3838,.T.);
#5525=ORIENTED_EDGE('',*,*,#3017,.T.);
#5526=ORIENTED_EDGE('',*,*,#3257,.T.);
#5527=ORIENTED_EDGE('',*,*,#3498,.F.);
#5528=ORIENTED_EDGE('',*,*,#3837,.T.);
#5529=ORIENTED_EDGE('',*,*,#3337,.T.);
#5530=ORIENTED_EDGE('',*,*,#3839,.T.);
#5531=ORIENTED_EDGE('',*,*,#3339,.T.);
#5532=ORIENTED_EDGE('',*,*,#3338,.T.);
#5533=ORIENTED_EDGE('',*,*,#3340,.T.);
#5534=ORIENTED_EDGE('',*,*,#3839,.F.);
#5535=ORIENTED_EDGE('',*,*,#3454,.F.);
#5536=ORIENTED_EDGE('',*,*,#3840,.F.);
#5537=ORIENTED_EDGE('',*,*,#3841,.F.);
#5538=ORIENTED_EDGE('',*,*,#3842,.F.);
#5539=ORIENTED_EDGE('',*,*,#3840,.T.);
#5540=ORIENTED_EDGE('',*,*,#3514,.F.);
#5541=ORIENTED_EDGE('',*,*,#3832,.F.);
#5542=ORIENTED_EDGE('',*,*,#3842,.T.);
#5543=ORIENTED_EDGE('',*,*,#3831,.F.);
#5544=ORIENTED_EDGE('',*,*,#3828,.T.);
#5545=ORIENTED_EDGE('',*,*,#3843,.T.);
#5546=ORIENTED_EDGE('',*,*,#3830,.T.);
#5547=ORIENTED_EDGE('',*,*,#3330,.T.);
#5548=ORIENTED_EDGE('',*,*,#3841,.T.);
#5549=ORIENTED_EDGE('',*,*,#3843,.F.);
#5550=ORIENTED_EDGE('',*,*,#3379,.F.);
#5551=ORIENTED_EDGE('',*,*,#3469,.F.);
#5552=ORIENTED_EDGE('',*,*,#3474,.F.);
#5553=ORIENTED_EDGE('',*,*,#3826,.F.);
#5554=ORIENTED_EDGE('',*,*,#3844,.T.);
#5555=ORIENTED_EDGE('',*,*,#3387,.F.);
#5556=ORIENTED_EDGE('',*,*,#3844,.F.);
#5557=ORIENTED_EDGE('',*,*,#3825,.F.);
#5558=ORIENTED_EDGE('',*,*,#3316,.T.);
#5559=ORIENTED_EDGE('',*,*,#3845,.T.);
#5560=ORIENTED_EDGE('',*,*,#3393,.F.);
#5561=ORIENTED_EDGE('',*,*,#3385,.F.);
#5562=ORIENTED_EDGE('',*,*,#3267,.F.);
#5563=ORIENTED_EDGE('',*,*,#3518,.T.);
#5564=ORIENTED_EDGE('',*,*,#3399,.F.);
#5565=ORIENTED_EDGE('',*,*,#3389,.F.);
#5566=ORIENTED_EDGE('',*,*,#3845,.F.);
#5567=ORIENTED_EDGE('',*,*,#3413,.F.);
#5568=ORIENTED_EDGE('',*,*,#3431,.F.);
#5569=ORIENTED_EDGE('',*,*,#3790,.F.);
#5570=ORIENTED_EDGE('',*,*,#3786,.F.);
#5571=ORIENTED_EDGE('',*,*,#3590,.T.);
#5572=ORIENTED_EDGE('',*,*,#3416,.F.);
#5573=ORIENTED_EDGE('',*,*,#3502,.F.);
#5574=ORIENTED_EDGE('',*,*,#3462,.T.);
#5575=ORIENTED_EDGE('',*,*,#3806,.F.);
#5576=ORIENTED_EDGE('',*,*,#3805,.F.);
#5577=ORIENTED_EDGE('',*,*,#3804,.F.);
#5578=ORIENTED_EDGE('',*,*,#3402,.F.);
#5579=ORIENTED_EDGE('',*,*,#3511,.F.);
#5580=ORIENTED_EDGE('',*,*,#3507,.F.);
#5581=ORIENTED_EDGE('',*,*,#3503,.F.);
#5582=ORIENTED_EDGE('',*,*,#3490,.F.);
#5583=ORIENTED_EDGE('',*,*,#3372,.F.);
#5584=ORIENTED_EDGE('',*,*,#3797,.F.);
#5585=ORIENTED_EDGE('',*,*,#3796,.F.);
#5586=ORIENTED_EDGE('',*,*,#3795,.F.);
#5587=ORIENTED_EDGE('',*,*,#3428,.T.);
#5588=ORIENTED_EDGE('',*,*,#3484,.F.);
#5589=ORIENTED_EDGE('',*,*,#3481,.F.);
#5590=ORIENTED_EDGE('',*,*,#3480,.F.);
#5591=ORIENTED_EDGE('',*,*,#3846,.T.);
#5592=ORIENTED_EDGE('',*,*,#3847,.T.);
#5593=ORIENTED_EDGE('',*,*,#3848,.F.);
#5594=ORIENTED_EDGE('',*,*,#3849,.T.);
#5595=ORIENTED_EDGE('',*,*,#3848,.T.);
#5596=ORIENTED_EDGE('',*,*,#3850,.T.);
#5597=ORIENTED_EDGE('',*,*,#3851,.F.);
#5598=ORIENTED_EDGE('',*,*,#3852,.T.);
#5599=ORIENTED_EDGE('',*,*,#3853,.T.);
#5600=ORIENTED_EDGE('',*,*,#3854,.T.);
#5601=ORIENTED_EDGE('',*,*,#3855,.T.);
#5602=ORIENTED_EDGE('',*,*,#3856,.F.);
#5603=ORIENTED_EDGE('',*,*,#3852,.F.);
#5604=ORIENTED_EDGE('',*,*,#3855,.F.);
#5605=ORIENTED_EDGE('',*,*,#3857,.T.);
#5606=ORIENTED_EDGE('',*,*,#3858,.T.);
#5607=ORIENTED_EDGE('',*,*,#3859,.T.);
#5608=ORIENTED_EDGE('',*,*,#3849,.F.);
#5609=ORIENTED_EDGE('',*,*,#3858,.F.);
#5610=ORIENTED_EDGE('',*,*,#3860,.T.);
#5611=ORIENTED_EDGE('',*,*,#3861,.T.);
#5612=ORIENTED_EDGE('',*,*,#3860,.F.);
#5613=ORIENTED_EDGE('',*,*,#3857,.F.);
#5614=ORIENTED_EDGE('',*,*,#3854,.F.);
#5615=ORIENTED_EDGE('',*,*,#3862,.T.);
#5616=ORIENTED_EDGE('',*,*,#3863,.F.);
#5617=ORIENTED_EDGE('',*,*,#3850,.F.);
#5618=ORIENTED_EDGE('',*,*,#3847,.F.);
#5619=ORIENTED_EDGE('',*,*,#3864,.T.);
#5620=ORIENTED_EDGE('',*,*,#3856,.T.);
#5621=ORIENTED_EDGE('',*,*,#3851,.T.);
#5622=ORIENTED_EDGE('',*,*,#3863,.T.);
#5623=ORIENTED_EDGE('',*,*,#3864,.F.);
#5624=ORIENTED_EDGE('',*,*,#3862,.F.);
#5625=ORIENTED_EDGE('',*,*,#3853,.F.);
#5626=ORIENTED_EDGE('',*,*,#3861,.F.);
#5627=ORIENTED_EDGE('',*,*,#3846,.F.);
#5628=ORIENTED_EDGE('',*,*,#3859,.F.);
#5629=ORIENTED_EDGE('',*,*,#3865,.T.);
#5630=ORIENTED_EDGE('',*,*,#3866,.T.);
#5631=ORIENTED_EDGE('',*,*,#3867,.T.);
#5632=ORIENTED_EDGE('',*,*,#3868,.F.);
#5633=ORIENTED_EDGE('',*,*,#3868,.T.);
#5634=ORIENTED_EDGE('',*,*,#3867,.F.);
#5635=ORIENTED_EDGE('',*,*,#3866,.F.);
#5636=ORIENTED_EDGE('',*,*,#3865,.F.);
#5637=CYLINDRICAL_SURFACE('',#6042,2.);
#5638=CYLINDRICAL_SURFACE('',#6046,2.);
#5639=CYLINDRICAL_SURFACE('',#6052,2.);
#5640=CYLINDRICAL_SURFACE('',#6055,2.);
#5641=CYLINDRICAL_SURFACE('',#6144,0.2);
#5642=CYLINDRICAL_SURFACE('',#6150,0.2);
#5643=CYLINDRICAL_SURFACE('',#6152,0.2);
#5644=CYLINDRICAL_SURFACE('',#6157,0.2);
#5645=CYLINDRICAL_SURFACE('',#6160,11.3584999999999);
#5646=CYLINDRICAL_SURFACE('',#6162,1.77);
#5647=CYLINDRICAL_SURFACE('',#6165,0.2);
#5648=CYLINDRICAL_SURFACE('',#6171,0.2);
#5649=CYLINDRICAL_SURFACE('',#6173,0.2);
#5650=CYLINDRICAL_SURFACE('',#6178,0.2);
#5651=CYLINDRICAL_SURFACE('',#6195,20.75);
#5652=CYLINDRICAL_SURFACE('',#6199,20.75);
#5653=CYLINDRICAL_SURFACE('',#6202,11.3584999999999);
#5654=CYLINDRICAL_SURFACE('',#6239,11.3585);
#5655=CYLINDRICAL_SURFACE('',#6253,1.76999999999997);
#5656=CYLINDRICAL_SURFACE('',#6263,0.750000000000002);
#5657=CYLINDRICAL_SURFACE('',#6265,0.750000000000011);
#5658=CYLINDRICAL_SURFACE('',#6269,2.);
#5659=CYLINDRICAL_SURFACE('',#6273,2.);
#5660=CYLINDRICAL_SURFACE('',#6283,2.);
#5661=CYLINDRICAL_SURFACE('',#6287,2.);
#5662=CYLINDRICAL_SURFACE('',#6313,2.25);
#5663=CYLINDRICAL_SURFACE('',#6314,0.5);
#5664=CYLINDRICAL_SURFACE('',#6319,1.75);
#5665=CYLINDRICAL_SURFACE('',#6326,2.25);
#5666=CYLINDRICAL_SURFACE('',#6327,0.5);
#5667=CYLINDRICAL_SURFACE('',#6333,1.75);
#5668=CYLINDRICAL_SURFACE('',#6341,2.);
#5669=CYLINDRICAL_SURFACE('',#6346,2.);
#5670=CYLINDRICAL_SURFACE('',#6362,2.);
#5671=CYLINDRICAL_SURFACE('',#6364,0.699999999999988);
#5672=CYLINDRICAL_SURFACE('',#6367,0.699999999999987);
#5673=CYLINDRICAL_SURFACE('',#6373,0.699999999999988);
#5674=CYLINDRICAL_SURFACE('',#6375,0.699999999999987);
#5675=CYLINDRICAL_SURFACE('',#6376,3.85);
#5676=CYLINDRICAL_SURFACE('',#6378,3.85);
#5677=CYLINDRICAL_SURFACE('',#6381,6.5);
#5678=CYLINDRICAL_SURFACE('',#6383,6.5);
#5679=CYLINDRICAL_SURFACE('',#6385,23.75);
#5680=CYLINDRICAL_SURFACE('',#6387,23.75);
#5681=CYLINDRICAL_SURFACE('',#6394,0.5);
#5682=CYLINDRICAL_SURFACE('',#6397,0.5);
#5683=CYLINDRICAL_SURFACE('',#6401,2.25);
#5684=CYLINDRICAL_SURFACE('',#6406,0.5);
#5685=CYLINDRICAL_SURFACE('',#6408,0.5);
#5686=CYLINDRICAL_SURFACE('',#6410,2.25);
#5687=CYLINDRICAL_SURFACE('',#6413,2.);
#5688=CYLINDRICAL_SURFACE('',#6415,2.);
#5689=CYLINDRICAL_SURFACE('',#6426,2.);
#5690=CYLINDRICAL_SURFACE('',#6429,2.);
#5691=CYLINDRICAL_SURFACE('',#6430,2.);
#5692=CYLINDRICAL_SURFACE('',#6431,25.);
#5693=CYLINDRICAL_SURFACE('',#6434,2.);
#5694=CYLINDRICAL_SURFACE('',#6443,2.);
#5695=CYLINDRICAL_SURFACE('',#6444,2.);
#5696=CYLINDRICAL_SURFACE('',#6445,25.);
#5697=CYLINDRICAL_SURFACE('',#6454,1.00799999999998);
#5698=CYLINDRICAL_SURFACE('',#6468,1.008);
#5699=CYLINDRICAL_SURFACE('',#6471,5.58000547736189);
#5700=CYLINDRICAL_SURFACE('',#6472,5.58000547736189);
#5701=CYLINDRICAL_SURFACE('',#6477,6.022);
#5702=CYLINDRICAL_SURFACE('',#6481,6.022);
#5703=ADVANCED_FACE('',(#440),#5637,.F.);
#5704=ADVANCED_FACE('',(#441),#250,.F.);
#5705=ADVANCED_FACE('',(#442),#5638,.F.);
#5706=ADVANCED_FACE('',(#443),#251,.T.);
#5707=ADVANCED_FACE('',(#444),#5639,.F.);
#5708=ADVANCED_FACE('',(#445),#252,.F.);
#5709=ADVANCED_FACE('',(#446),#5640,.F.);
#5710=ADVANCED_FACE('',(#447),#253,.F.);
#5711=ADVANCED_FACE('',(#448),#254,.F.);
#5712=ADVANCED_FACE('',(#449),#255,.F.);
#5713=ADVANCED_FACE('',(#450),#92,.T.);
#5714=ADVANCED_FACE('',(#451),#93,.T.);
#5715=ADVANCED_FACE('',(#452),#94,.T.);
#5716=ADVANCED_FACE('',(#453),#95,.T.);
#5717=ADVANCED_FACE('',(#454),#96,.T.);
#5718=ADVANCED_FACE('',(#455),#256,.F.);
#5719=ADVANCED_FACE('',(#456),#97,.T.);
#5720=ADVANCED_FACE('',(#457),#98,.T.);
#5721=ADVANCED_FACE('',(#458),#257,.T.);
#5722=ADVANCED_FACE('',(#459),#258,.F.);
#5723=ADVANCED_FACE('',(#460),#259,.F.);
#5724=ADVANCED_FACE('',(#461),#260,.F.);
#5725=ADVANCED_FACE('',(#462),#261,.T.);
#5726=ADVANCED_FACE('',(#463),#262,.T.);
#5727=ADVANCED_FACE('',(#464),#263,.T.);
#5728=ADVANCED_FACE('',(#465),#264,.T.);
#5729=ADVANCED_FACE('',(#466),#265,.T.);
#5730=ADVANCED_FACE('',(#467),#266,.T.);
#5731=ADVANCED_FACE('',(#468),#267,.T.);
#5732=ADVANCED_FACE('',(#469),#268,.T.);
#5733=ADVANCED_FACE('',(#470),#269,.T.);
#5734=ADVANCED_FACE('',(#471),#270,.T.);
#5735=ADVANCED_FACE('',(#472),#271,.F.);
#5736=ADVANCED_FACE('',(#473),#272,.F.);
#5737=ADVANCED_FACE('',(#474),#273,.T.);
#5738=ADVANCED_FACE('',(#475),#274,.T.);
#5739=ADVANCED_FACE('',(#476),#275,.T.);
#5740=ADVANCED_FACE('',(#477),#276,.T.);
#5741=ADVANCED_FACE('',(#478),#277,.T.);
#5742=ADVANCED_FACE('',(#479),#278,.T.);
#5743=ADVANCED_FACE('',(#480),#279,.T.);
#5744=ADVANCED_FACE('',(#481),#280,.T.);
#5745=ADVANCED_FACE('',(#482),#281,.T.);
#5746=ADVANCED_FACE('',(#483),#282,.T.);
#5747=ADVANCED_FACE('',(#484),#283,.F.);
#5748=ADVANCED_FACE('',(#485),#284,.F.);
#5749=ADVANCED_FACE('',(#486),#285,.F.);
#5750=ADVANCED_FACE('',(#487),#286,.F.);
#5751=ADVANCED_FACE('',(#488),#287,.F.);
#5752=ADVANCED_FACE('',(#489),#288,.F.);
#5753=ADVANCED_FACE('',(#490),#289,.F.);
#5754=ADVANCED_FACE('',(#491),#290,.F.);
#5755=ADVANCED_FACE('',(#492),#291,.F.);
#5756=ADVANCED_FACE('',(#493),#292,.F.);
#5757=ADVANCED_FACE('',(#494),#293,.F.);
#5758=ADVANCED_FACE('',(#495),#294,.F.);
#5759=ADVANCED_FACE('',(#496),#295,.T.);
#5760=ADVANCED_FACE('',(#497),#296,.T.);
#5761=ADVANCED_FACE('',(#498),#297,.F.);
#5762=ADVANCED_FACE('',(#499),#298,.F.);
#5763=ADVANCED_FACE('',(#500),#299,.F.);
#5764=ADVANCED_FACE('',(#501),#300,.F.);
#5765=ADVANCED_FACE('',(#502),#301,.F.);
#5766=ADVANCED_FACE('',(#503),#302,.F.);
#5767=ADVANCED_FACE('',(#504),#303,.F.);
#5768=ADVANCED_FACE('',(#505),#304,.F.);
#5769=ADVANCED_FACE('',(#506),#305,.F.);
#5770=ADVANCED_FACE('',(#507),#306,.F.);
#5771=ADVANCED_FACE('',(#508),#307,.T.);
#5772=ADVANCED_FACE('',(#509),#308,.T.);
#5773=ADVANCED_FACE('',(#510),#5641,.T.);
#5774=ADVANCED_FACE('',(#511),#34,.T.);
#5775=ADVANCED_FACE('',(#512),#5642,.T.);
#5776=ADVANCED_FACE('',(#513),#5643,.T.);
#5777=ADVANCED_FACE('',(#514),#35,.T.);
#5778=ADVANCED_FACE('',(#515),#5644,.T.);
#5779=ADVANCED_FACE('',(#516),#309,.F.);
#5780=ADVANCED_FACE('',(#517),#5645,.F.);
#5781=ADVANCED_FACE('',(#518),#310,.F.);
#5782=ADVANCED_FACE('',(#519),#5646,.F.);
#5783=ADVANCED_FACE('',(#520),#311,.F.);
#5784=ADVANCED_FACE('',(#521),#5647,.T.);
#5785=ADVANCED_FACE('',(#522),#36,.T.);
#5786=ADVANCED_FACE('',(#523),#5648,.T.);
#5787=ADVANCED_FACE('',(#524),#5649,.T.);
#5788=ADVANCED_FACE('',(#525),#37,.T.);
#5789=ADVANCED_FACE('',(#526),#5650,.T.);
#5790=ADVANCED_FACE('',(#527,#24,#25,#26,#27),#312,.T.);
#5791=ADVANCED_FACE('',(#528),#313,.F.);
#5792=ADVANCED_FACE('',(#529),#314,.F.);
#5793=ADVANCED_FACE('',(#530),#315,.F.);
#5794=ADVANCED_FACE('',(#531),#316,.F.);
#5795=ADVANCED_FACE('',(#532),#5651,.F.);
#5796=ADVANCED_FACE('',(#533),#317,.F.);
#5797=ADVANCED_FACE('',(#534),#318,.F.);
#5798=ADVANCED_FACE('',(#535),#5652,.F.);
#5799=ADVANCED_FACE('',(#536),#319,.F.);
#5800=ADVANCED_FACE('',(#537),#5653,.F.);
#5801=ADVANCED_FACE('',(#538),#320,.F.);
#5802=ADVANCED_FACE('',(#539),#99,.T.);
#5803=ADVANCED_FACE('',(#540),#321,.T.);
#5804=ADVANCED_FACE('',(#541),#100,.T.);
#5805=ADVANCED_FACE('',(#542),#101,.T.);
#5806=ADVANCED_FACE('',(#543),#102,.T.);
#5807=ADVANCED_FACE('',(#544),#322,.T.);
#5808=ADVANCED_FACE('',(#545),#103,.T.);
#5809=ADVANCED_FACE('',(#546),#323,.F.);
#5810=ADVANCED_FACE('',(#547),#104,.T.);
#5811=ADVANCED_FACE('',(#548),#324,.T.);
#5812=ADVANCED_FACE('',(#549),#105,.T.);
#5813=ADVANCED_FACE('',(#550),#106,.T.);
#5814=ADVANCED_FACE('',(#551),#325,.T.);
#5815=ADVANCED_FACE('',(#552),#107,.T.);
#5816=ADVANCED_FACE('',(#553),#108,.T.);
#5817=ADVANCED_FACE('',(#554),#109,.T.);
#5818=ADVANCED_FACE('',(#555),#326,.F.);
#5819=ADVANCED_FACE('',(#556),#327,.T.);
#5820=ADVANCED_FACE('',(#557),#110,.T.);
#5821=ADVANCED_FACE('',(#558),#111,.T.);
#5822=ADVANCED_FACE('',(#559),#112,.T.);
#5823=ADVANCED_FACE('',(#560),#328,.T.);
#5824=ADVANCED_FACE('',(#561),#113,.T.);
#5825=ADVANCED_FACE('',(#562),#329,.F.);
#5826=ADVANCED_FACE('',(#563),#330,.T.);
#5827=ADVANCED_FACE('',(#564),#331,.T.);
#5828=ADVANCED_FACE('',(#565),#332,.F.);
#5829=ADVANCED_FACE('',(#566),#333,.T.);
#5830=ADVANCED_FACE('',(#567),#114,.T.);
#5831=ADVANCED_FACE('',(#568),#115,.T.);
#5832=ADVANCED_FACE('',(#569),#116,.T.);
#5833=ADVANCED_FACE('',(#570),#117,.T.);
#5834=ADVANCED_FACE('',(#571),#334,.F.);
#5835=ADVANCED_FACE('',(#572),#335,.T.);
#5836=ADVANCED_FACE('',(#573),#336,.F.);
#5837=ADVANCED_FACE('',(#574),#337,.F.);
#5838=ADVANCED_FACE('',(#575),#338,.F.);
#5839=ADVANCED_FACE('',(#576),#118,.T.);
#5840=ADVANCED_FACE('',(#577),#21,.F.);
#5841=ADVANCED_FACE('',(#578),#5654,.F.);
#5842=ADVANCED_FACE('',(#579),#339,.F.);
#5843=ADVANCED_FACE('',(#580),#119,.T.);
#5844=ADVANCED_FACE('',(#581),#120,.T.);
#5845=ADVANCED_FACE('',(#582),#121,.T.);
#5846=ADVANCED_FACE('',(#583),#340,.T.);
#5847=ADVANCED_FACE('',(#584),#122,.T.);
#5848=ADVANCED_FACE('',(#585),#123,.T.);
#5849=ADVANCED_FACE('',(#586),#341,.T.);
#5850=ADVANCED_FACE('',(#587),#342,.T.);
#5851=ADVANCED_FACE('',(#588),#343,.F.);
#5852=ADVANCED_FACE('',(#589),#124,.T.);
#5853=ADVANCED_FACE('',(#590),#125,.T.);
#5854=ADVANCED_FACE('',(#591),#344,.T.);
#5855=ADVANCED_FACE('',(#592),#126,.T.);
#5856=ADVANCED_FACE('',(#593),#127,.T.);
#5857=ADVANCED_FACE('',(#594),#128,.T.);
#5858=ADVANCED_FACE('',(#595),#345,.F.);
#5859=ADVANCED_FACE('',(#596),#346,.F.);
#5860=ADVANCED_FACE('',(#597),#5655,.F.);
#5861=ADVANCED_FACE('',(#598),#347,.T.);
#5862=ADVANCED_FACE('',(#599),#348,.F.);
#5863=ADVANCED_FACE('',(#600),#129,.F.);
#5864=ADVANCED_FACE('',(#601),#349,.F.);
#5865=ADVANCED_FACE('',(#602),#5656,.T.);
#5866=ADVANCED_FACE('',(#603),#350,.F.);
#5867=ADVANCED_FACE('',(#604),#5657,.T.);
#5868=ADVANCED_FACE('',(#605),#351,.F.);
#5869=ADVANCED_FACE('',(#606),#130,.F.);
#5870=ADVANCED_FACE('',(#607),#352,.F.);
#5871=ADVANCED_FACE('',(#608),#353,.F.);
#5872=ADVANCED_FACE('',(#609),#5658,.T.);
#5873=ADVANCED_FACE('',(#610),#354,.T.);
#5874=ADVANCED_FACE('',(#611),#5659,.T.);
#5875=ADVANCED_FACE('',(#612,#28,#29),#355,.T.);
#5876=ADVANCED_FACE('',(#613),#5660,.T.);
#5877=ADVANCED_FACE('',(#614),#356,.T.);
#5878=ADVANCED_FACE('',(#615),#5661,.T.);
#5879=ADVANCED_FACE('',(#616),#357,.F.);
#5880=ADVANCED_FACE('',(#617),#358,.F.);
#5881=ADVANCED_FACE('',(#618),#359,.T.);
#5882=ADVANCED_FACE('',(#619),#360,.T.);
#5883=ADVANCED_FACE('',(#620),#361,.T.);
#5884=ADVANCED_FACE('',(#621,#30,#31,#32,#33),#362,.F.);
#5885=ADVANCED_FACE('',(#622),#363,.F.);
#5886=ADVANCED_FACE('',(#623),#364,.F.);
#5887=ADVANCED_FACE('',(#624),#365,.F.);
#5888=ADVANCED_FACE('',(#625),#366,.T.);
#5889=ADVANCED_FACE('',(#626),#367,.T.);
#5890=ADVANCED_FACE('',(#627),#368,.F.);
#5891=ADVANCED_FACE('',(#628),#369,.T.);
#5892=ADVANCED_FACE('',(#629),#5662,.F.);
#5893=ADVANCED_FACE('',(#630),#5663,.F.);
#5894=ADVANCED_FACE('',(#631),#370,.T.);
#5895=ADVANCED_FACE('',(#632),#371,.T.);
#5896=ADVANCED_FACE('',(#633),#372,.T.);
#5897=ADVANCED_FACE('',(#634),#5664,.T.);
#5898=ADVANCED_FACE('',(#635),#373,.T.);
#5899=ADVANCED_FACE('',(#636),#374,.T.);
#5900=ADVANCED_FACE('',(#637),#375,.T.);
#5901=ADVANCED_FACE('',(#638),#376,.F.);
#5902=ADVANCED_FACE('',(#639),#5665,.F.);
#5903=ADVANCED_FACE('',(#640),#5666,.F.);
#5904=ADVANCED_FACE('',(#641),#377,.F.);
#5905=ADVANCED_FACE('',(#642),#378,.F.);
#5906=ADVANCED_FACE('',(#643),#379,.F.);
#5907=ADVANCED_FACE('',(#644),#380,.F.);
#5908=ADVANCED_FACE('',(#645),#5667,.T.);
#5909=ADVANCED_FACE('',(#646),#381,.F.);
#5910=ADVANCED_FACE('',(#647),#382,.F.);
#5911=ADVANCED_FACE('',(#648),#383,.F.);
#5912=ADVANCED_FACE('',(#649),#384,.F.);
#5913=ADVANCED_FACE('',(#650),#131,.T.);
#5914=ADVANCED_FACE('',(#651),#132,.T.);
#5915=ADVANCED_FACE('',(#652),#385,.T.);
#5916=ADVANCED_FACE('',(#653),#133,.T.);
#5917=ADVANCED_FACE('',(#654),#134,.T.);
#5918=ADVANCED_FACE('',(#655),#135,.T.);
#5919=ADVANCED_FACE('',(#656),#136,.T.);
#5920=ADVANCED_FACE('',(#657),#5668,.T.);
#5921=ADVANCED_FACE('',(#658),#386,.T.);
#5922=ADVANCED_FACE('',(#659),#5669,.T.);
#5923=ADVANCED_FACE('',(#660),#19,.T.);
#5924=ADVANCED_FACE('',(#661),#137,.F.);
#5925=ADVANCED_FACE('',(#662),#38,.T.);
#5926=ADVANCED_FACE('',(#663),#20,.T.);
#5927=ADVANCED_FACE('',(#664),#39,.T.);
#5928=ADVANCED_FACE('',(#665),#138,.F.);
#5929=ADVANCED_FACE('',(#666),#5670,.T.);
#5930=ADVANCED_FACE('',(#667),#387,.F.);
#5931=ADVANCED_FACE('',(#668),#5671,.F.);
#5932=ADVANCED_FACE('',(#669),#388,.F.);
#5933=ADVANCED_FACE('',(#670),#5672,.F.);
#5934=ADVANCED_FACE('',(#671),#389,.T.);
#5935=ADVANCED_FACE('',(#672),#390,.F.);
#5936=ADVANCED_FACE('',(#673),#5673,.F.);
#5937=ADVANCED_FACE('',(#674),#391,.F.);
#5938=ADVANCED_FACE('',(#675),#5674,.F.);
#5939=ADVANCED_FACE('',(#676),#5675,.F.);
#5940=ADVANCED_FACE('',(#677),#392,.F.);
#5941=ADVANCED_FACE('',(#678),#5676,.F.);
#5942=ADVANCED_FACE('',(#679),#393,.F.);
#5943=ADVANCED_FACE('',(#680),#394,.F.);
#5944=ADVANCED_FACE('',(#681),#5677,.F.);
#5945=ADVANCED_FACE('',(#682),#395,.F.);
#5946=ADVANCED_FACE('',(#683),#5678,.F.);
#5947=ADVANCED_FACE('',(#684),#396,.T.);
#5948=ADVANCED_FACE('',(#685),#5679,.F.);
#5949=ADVANCED_FACE('',(#686),#5680,.F.);
#5950=ADVANCED_FACE('',(#687),#397,.F.);
#5951=ADVANCED_FACE('',(#688),#398,.T.);
#5952=ADVANCED_FACE('',(#689),#399,.T.);
#5953=ADVANCED_FACE('',(#690),#400,.T.);
#5954=ADVANCED_FACE('',(#691),#401,.F.);
#5955=ADVANCED_FACE('',(#692),#5681,.F.);
#5956=ADVANCED_FACE('',(#693),#402,.F.);
#5957=ADVANCED_FACE('',(#694),#5682,.F.);
#5958=ADVANCED_FACE('',(#695),#403,.F.);
#5959=ADVANCED_FACE('',(#696),#404,.F.);
#5960=ADVANCED_FACE('',(#697),#5683,.F.);
#5961=ADVANCED_FACE('',(#698),#405,.T.);
#5962=ADVANCED_FACE('',(#699),#406,.T.);
#5963=ADVANCED_FACE('',(#700),#5684,.F.);
#5964=ADVANCED_FACE('',(#701),#407,.T.);
#5965=ADVANCED_FACE('',(#702),#5685,.F.);
#5966=ADVANCED_FACE('',(#703),#408,.T.);
#5967=ADVANCED_FACE('',(#704),#5686,.F.);
#5968=ADVANCED_FACE('',(#705),#409,.T.);
#5969=ADVANCED_FACE('',(#706),#139,.T.);
#5970=ADVANCED_FACE('',(#707),#140,.T.);
#5971=ADVANCED_FACE('',(#708),#410,.T.);
#5972=ADVANCED_FACE('',(#709),#5687,.T.);
#5973=ADVANCED_FACE('',(#710),#5688,.T.);
#5974=ADVANCED_FACE('',(#711),#141,.F.);
#5975=ADVANCED_FACE('',(#712),#142,.F.);
#5976=ADVANCED_FACE('',(#713),#143,.F.);
#5977=ADVANCED_FACE('',(#714),#5689,.T.);
#5978=ADVANCED_FACE('',(#715),#5690,.T.);
#5979=ADVANCED_FACE('',(#716),#5691,.T.);
#5980=ADVANCED_FACE('',(#717),#5692,.T.);
#5981=ADVANCED_FACE('',(#718),#411,.F.);
#5982=ADVANCED_FACE('',(#719),#5693,.T.);
#5983=ADVANCED_FACE('',(#720),#144,.F.);
#5984=ADVANCED_FACE('',(#721),#145,.F.);
#5985=ADVANCED_FACE('',(#722),#146,.F.);
#5986=ADVANCED_FACE('',(#723),#5694,.T.);
#5987=ADVANCED_FACE('',(#724),#5695,.T.);
#5988=ADVANCED_FACE('',(#725),#5696,.T.);
#5989=ADVANCED_FACE('',(#726),#412,.T.);
#5990=ADVANCED_FACE('',(#727),#413,.F.);
#5991=ADVANCED_FACE('',(#728),#414,.F.);
#5992=ADVANCED_FACE('',(#729),#415,.F.);
#5993=ADVANCED_FACE('',(#730),#416,.T.);
#5994=ADVANCED_FACE('',(#731),#417,.F.);
#5995=ADVANCED_FACE('',(#732),#5697,.F.);
#5996=ADVANCED_FACE('',(#733),#418,.T.);
#5997=ADVANCED_FACE('',(#734),#419,.F.);
#5998=ADVANCED_FACE('',(#735),#420,.T.);
#5999=ADVANCED_FACE('',(#736),#421,.T.);
#6000=ADVANCED_FACE('',(#737),#422,.T.);
#6001=ADVANCED_FACE('',(#738),#423,.T.);
#6002=ADVANCED_FACE('',(#739),#424,.T.);
#6003=ADVANCED_FACE('',(#740),#425,.T.);
#6004=ADVANCED_FACE('',(#741),#426,.F.);
#6005=ADVANCED_FACE('',(#742),#427,.F.);
#6006=ADVANCED_FACE('',(#743),#428,.F.);
#6007=ADVANCED_FACE('',(#744),#429,.F.);
#6008=ADVANCED_FACE('',(#745),#430,.F.);
#6009=ADVANCED_FACE('',(#746),#5698,.F.);
#6010=ADVANCED_FACE('',(#747),#431,.F.);
#6011=ADVANCED_FACE('',(#748),#432,.F.);
#6012=ADVANCED_FACE('',(#749),#5699,.F.);
#6013=ADVANCED_FACE('',(#750),#5700,.F.);
#6014=ADVANCED_FACE('',(#751),#22,.T.);
#6015=ADVANCED_FACE('',(#752),#433,.T.);
#6016=ADVANCED_FACE('',(#753),#5701,.F.);
#6017=ADVANCED_FACE('',(#754),#434,.F.);
#6018=ADVANCED_FACE('',(#755),#5702,.F.);
#6019=ADVANCED_FACE('',(#756),#435,.T.);
#6020=ADVANCED_FACE('',(#757),#23,.T.);
#6021=ADVANCED_FACE('',(#758),#436,.T.);
#6022=ADVANCED_FACE('',(#759),#437,.T.);
#6023=ADVANCED_FACE('',(#760),#438,.F.);
#6024=ADVANCED_FACE('',(#761),#439,.F.);
#6025=CLOSED_SHELL('',(#5703,#5704,#5705,#5706,#5707,#5708,#5709,#5710,
#5711,#5712,#5713,#5714,#5715,#5716,#5717,#5718,#5719,#5720,#5721,#5722,
#5723,#5724,#5725,#5726,#5727,#5728,#5729,#5730,#5731,#5732,#5733,#5734,
#5735,#5736,#5737,#5738,#5739,#5740,#5741,#5742,#5743,#5744,#5745,#5746,
#5747,#5748,#5749,#5750,#5751,#5752,#5753,#5754,#5755,#5756,#5757,#5758,
#5759,#5760,#5761,#5762,#5763,#5764,#5765,#5766,#5767,#5768,#5769,#5770,
#5771,#5772,#5773,#5774,#5775,#5776,#5777,#5778,#5779,#5780,#5781,#5782,
#5783,#5784,#5785,#5786,#5787,#5788,#5789,#5790,#5791,#5792,#5793,#5794,
#5795,#5796,#5797,#5798,#5799,#5800,#5801,#5802,#5803,#5804,#5805,#5806,
#5807,#5808,#5809,#5810,#5811,#5812,#5813,#5814,#5815,#5816,#5817,#5818,
#5819,#5820,#5821,#5822,#5823,#5824,#5825,#5826,#5827,#5828,#5829,#5830,
#5831,#5832,#5833,#5834,#5835,#5836,#5837,#5838,#5839,#5840,#5841,#5842,
#5843,#5844,#5845,#5846,#5847,#5848,#5849,#5850,#5851,#5852,#5853,#5854,
#5855,#5856,#5857,#5858,#5859,#5860,#5861,#5862,#5863,#5864,#5865,#5866,
#5867,#5868,#5869,#5870,#5871,#5872,#5873,#5874,#5875,#5876,#5877,#5878,
#5879,#5880,#5881,#5882,#5883,#5884,#5885,#5886,#5887,#5888,#5889,#5890,
#5891,#5892,#5893,#5894,#5895,#5896,#5897,#5898,#5899,#5900,#5901,#5902,
#5903,#5904,#5905,#5906,#5907,#5908,#5909,#5910,#5911,#5912,#5913,#5914,
#5915,#5916,#5917,#5918,#5919,#5920,#5921,#5922,#5923,#5924,#5925,#5926,
#5927,#5928,#5929,#5930,#5931,#5932,#5933,#5934,#5935,#5936,#5937,#5938,
#5939,#5940,#5941,#5942,#5943,#5944,#5945,#5946,#5947,#5948,#5949,#5950,
#5951,#5952,#5953,#5954,#5955,#5956,#5957,#5958,#5959,#5960,#5961,#5962,
#5963,#5964,#5965,#5966,#5967,#5968,#5969,#5970,#5971,#5972,#5973,#5974,
#5975,#5976,#5977,#5978,#5979,#5980,#5981,#5982,#5983,#5984,#5985,#5986,
#5987,#5988,#5989,#5990,#5991,#5992,#5993,#5994,#5995,#5996,#5997,#5998,
#5999,#6000,#6001,#6002,#6003,#6004,#6005,#6006,#6007,#6008,#6009,#6010,
#6011,#6012,#6013));
#6026=CLOSED_SHELL('',(#6014,#6015,#6016,#6017,#6018,#6019,#6020,#6021,
#6022));
#6027=CLOSED_SHELL('',(#6023,#6024));
#6028=BREP_WITH_VOIDS('Body1',#6025,(#16));
#6029=DERIVED_UNIT_ELEMENT(#6031,1.);
#6030=DERIVED_UNIT_ELEMENT(#11735,-3.);
#6031=(
MASS_UNIT()
NAMED_UNIT(*)
SI_UNIT(.KILO.,.GRAM.)
);
#6032=DERIVED_UNIT((#6029,#6030));
#6033=MEASURE_REPRESENTATION_ITEM('density measure',
POSITIVE_RATIO_MEASURE(7850.),#6032);
#6034=PROPERTY_DEFINITION_REPRESENTATION(#6039,#6036);
#6035=PROPERTY_DEFINITION_REPRESENTATION(#6040,#6037);
#6036=REPRESENTATION('material name',(#6038),#11732);
#6037=REPRESENTATION('density',(#6033),#11732);
#6038=DESCRIPTIVE_REPRESENTATION_ITEM('Steel','Steel');
#6039=PROPERTY_DEFINITION('material property','material name',#11742);
#6040=PROPERTY_DEFINITION('material property','density of part',#11742);
#6041=AXIS2_PLACEMENT_3D('',#7986,#6490,#6491);
#6042=AXIS2_PLACEMENT_3D('',#7987,#6492,#6493);
#6043=AXIS2_PLACEMENT_3D('',#7990,#6494,#6495);
#6044=AXIS2_PLACEMENT_3D('',#7994,#6497,#6498);
#6045=AXIS2_PLACEMENT_3D('',#7996,#6500,#6501);
#6046=AXIS2_PLACEMENT_3D('',#8002,#6505,#6506);
#6047=AXIS2_PLACEMENT_3D('',#8004,#6507,#6508);
#6048=AXIS2_PLACEMENT_3D('',#8007,#6510,#6511);
#6049=AXIS2_PLACEMENT_3D('',#8008,#6512,#6513);
#6050=AXIS2_PLACEMENT_3D('',#8012,#6515,#6516);
#6051=AXIS2_PLACEMENT_3D('',#8016,#6518,#6519);
#6052=AXIS2_PLACEMENT_3D('',#8018,#6521,#6522);
#6053=AXIS2_PLACEMENT_3D('',#8022,#6524,#6525);
#6054=AXIS2_PLACEMENT_3D('',#8024,#6527,#6528);
#6055=AXIS2_PLACEMENT_3D('',#8028,#6531,#6532);
#6056=AXIS2_PLACEMENT_3D('',#8031,#6534,#6535);
#6057=AXIS2_PLACEMENT_3D('',#8032,#6536,#6537);
#6058=AXIS2_PLACEMENT_3D('',#8034,#6539,#6540);
#6059=AXIS2_PLACEMENT_3D('',#8036,#6542,#6543);
#6060=AXIS2_PLACEMENT_3D('',#8367,#6555,#6556);
#6061=AXIS2_PLACEMENT_3D('',#8438,#6560,#6561);
#6062=AXIS2_PLACEMENT_3D('',#8442,#6563,#6564);
#6063=AXIS2_PLACEMENT_3D('',#8482,#6565,#6566);
#6064=AXIS2_PLACEMENT_3D('',#8551,#6571,#6572);
#6065=AXIS2_PLACEMENT_3D('',#8560,#6577,#6578);
#6066=AXIS2_PLACEMENT_3D('',#8566,#6582,#6583);
#6067=AXIS2_PLACEMENT_3D('',#8570,#6585,#6586);
#6068=AXIS2_PLACEMENT_3D('',#8574,#6588,#6589);
#6069=AXIS2_PLACEMENT_3D('',#8576,#6591,#6592);
#6070=AXIS2_PLACEMENT_3D('',#8582,#6596,#6597);
#6071=AXIS2_PLACEMENT_3D('',#8585,#6598,#6599);
#6072=AXIS2_PLACEMENT_3D('',#8589,#6602,#6603);
#6073=AXIS2_PLACEMENT_3D('',#8591,#6604,#6605);
#6074=AXIS2_PLACEMENT_3D('',#8595,#6608,#6609);
#6075=AXIS2_PLACEMENT_3D('',#8597,#6610,#6611);
#6076=AXIS2_PLACEMENT_3D('',#8601,#6614,#6615);
#6077=AXIS2_PLACEMENT_3D('',#8602,#6616,#6617);
#6078=AXIS2_PLACEMENT_3D('',#8606,#6620,#6621);
#6079=AXIS2_PLACEMENT_3D('',#8615,#6626,#6627);
#6080=AXIS2_PLACEMENT_3D('',#8618,#6630,#6631);
#6081=AXIS2_PLACEMENT_3D('',#8627,#6636,#6637);
#6082=AXIS2_PLACEMENT_3D('',#8634,#6642,#6643);
#6083=AXIS2_PLACEMENT_3D('',#8636,#6645,#6646);
#6084=AXIS2_PLACEMENT_3D('',#8642,#6650,#6651);
#6085=AXIS2_PLACEMENT_3D('',#8646,#6653,#6654);
#6086=AXIS2_PLACEMENT_3D('',#8650,#6656,#6657);
#6087=AXIS2_PLACEMENT_3D('',#8652,#6659,#6660);
#6088=AXIS2_PLACEMENT_3D('',#8656,#6662,#6663);
#6089=AXIS2_PLACEMENT_3D('',#8660,#6666,#6667);
#6090=AXIS2_PLACEMENT_3D('',#8671,#6673,#6674);
#6091=AXIS2_PLACEMENT_3D('',#8687,#6683,#6684);
#6092=AXIS2_PLACEMENT_3D('',#8703,#6693,#6694);
#6093=AXIS2_PLACEMENT_3D('',#8705,#6695,#6696);
#6094=AXIS2_PLACEMENT_3D('',#8707,#6698,#6699);
#6095=AXIS2_PLACEMENT_3D('',#8708,#6700,#6701);
#6096=AXIS2_PLACEMENT_3D('',#8709,#6702,#6703);
#6097=AXIS2_PLACEMENT_3D('',#8710,#6704,#6705);
#6098=AXIS2_PLACEMENT_3D('',#8711,#6706,#6707);
#6099=AXIS2_PLACEMENT_3D('',#8712,#6708,#6709);
#6100=AXIS2_PLACEMENT_3D('',#8714,#6711,#6712);
#6101=AXIS2_PLACEMENT_3D('',#8716,#6714,#6715);
#6102=AXIS2_PLACEMENT_3D('',#8719,#6718,#6719);
#6103=AXIS2_PLACEMENT_3D('',#8720,#6720,#6721);
#6104=AXIS2_PLACEMENT_3D('',#8726,#6724,#6725);
#6105=AXIS2_PLACEMENT_3D('',#8728,#6727,#6728);
#6106=AXIS2_PLACEMENT_3D('',#8734,#6731,#6732);
#6107=AXIS2_PLACEMENT_3D('',#8736,#6734,#6735);
#6108=AXIS2_PLACEMENT_3D('',#8747,#6741,#6742);
#6109=AXIS2_PLACEMENT_3D('',#8763,#6751,#6752);
#6110=AXIS2_PLACEMENT_3D('',#8779,#6761,#6762);
#6111=AXIS2_PLACEMENT_3D('',#8781,#6763,#6764);
#6112=AXIS2_PLACEMENT_3D('',#8783,#6766,#6767);
#6113=AXIS2_PLACEMENT_3D('',#8784,#6768,#6769);
#6114=AXIS2_PLACEMENT_3D('',#8785,#6770,#6771);
#6115=AXIS2_PLACEMENT_3D('',#8786,#6772,#6773);
#6116=AXIS2_PLACEMENT_3D('',#8787,#6774,#6775);
#6117=AXIS2_PLACEMENT_3D('',#8788,#6776,#6777);
#6118=AXIS2_PLACEMENT_3D('',#8790,#6779,#6780);
#6119=AXIS2_PLACEMENT_3D('',#8792,#6782,#6783);
#6120=AXIS2_PLACEMENT_3D('',#8795,#6786,#6787);
#6121=AXIS2_PLACEMENT_3D('',#8796,#6788,#6789);
#6122=AXIS2_PLACEMENT_3D('',#8800,#6791,#6792);
#6123=AXIS2_PLACEMENT_3D('',#8804,#6794,#6795);
#6124=AXIS2_PLACEMENT_3D('',#8806,#6797,#6798);
#6125=AXIS2_PLACEMENT_3D('',#8812,#6801,#6802);
#6126=AXIS2_PLACEMENT_3D('',#8814,#6804,#6805);
#6127=AXIS2_PLACEMENT_3D('',#8817,#6806,#6807);
#6128=AXIS2_PLACEMENT_3D('',#8821,#6810,#6811);
#6129=AXIS2_PLACEMENT_3D('',#8823,#6812,#6813);
#6130=AXIS2_PLACEMENT_3D('',#8827,#6816,#6817);
#6131=AXIS2_PLACEMENT_3D('',#8829,#6818,#6819);
#6132=AXIS2_PLACEMENT_3D('',#8833,#6822,#6823);
#6133=AXIS2_PLACEMENT_3D('',#8834,#6824,#6825);
#6134=AXIS2_PLACEMENT_3D('',#8838,#6828,#6829);
#6135=AXIS2_PLACEMENT_3D('',#8847,#6834,#6835);
#6136=AXIS2_PLACEMENT_3D('',#8850,#6838,#6839);
#6137=AXIS2_PLACEMENT_3D('',#8859,#6844,#6845);
#6138=AXIS2_PLACEMENT_3D('',#8862,#6848,#6849);
#6139=AXIS2_PLACEMENT_3D('',#8868,#6853,#6854);
#6140=AXIS2_PLACEMENT_3D('',#8874,#6858,#6859);
#6141=AXIS2_PLACEMENT_3D('',#8878,#6861,#6862);
#6142=AXIS2_PLACEMENT_3D('',#8882,#6865,#6866);
#6143=AXIS2_PLACEMENT_3D('',#8886,#6868,#6869);
#6144=AXIS2_PLACEMENT_3D('',#8890,#6872,#6873);
#6145=AXIS2_PLACEMENT_3D('',#8895,#6875,#6876);
#6146=AXIS2_PLACEMENT_3D('',#8912,#6878,#6879);
#6147=AXIS2_PLACEMENT_3D('',#8914,#6880,#6881);
#6148=AXIS2_PLACEMENT_3D('',#8915,#6882,#6883);
#6149=AXIS2_PLACEMENT_3D('',#8916,#6884,#6885);
#6150=AXIS2_PLACEMENT_3D('',#8917,#6886,#6887);
#6151=AXIS2_PLACEMENT_3D('',#8920,#6889,#6890);
#6152=AXIS2_PLACEMENT_3D('',#8921,#6891,#6892);
#6153=AXIS2_PLACEMENT_3D('',#8942,#6895,#6896);
#6154=AXIS2_PLACEMENT_3D('',#8944,#6897,#6898);
#6155=AXIS2_PLACEMENT_3D('',#8946,#6899,#6900);
#6156=AXIS2_PLACEMENT_3D('',#8947,#6901,#6902);
#6157=AXIS2_PLACEMENT_3D('',#8948,#6903,#6904);
#6158=AXIS2_PLACEMENT_3D('',#8951,#6905,#6906);
#6159=AXIS2_PLACEMENT_3D('',#8954,#6909,#6910);
#6160=AXIS2_PLACEMENT_3D('',#8971,#6916,#6917);
#6161=AXIS2_PLACEMENT_3D('',#8992,#6918,#6919);
#6162=AXIS2_PLACEMENT_3D('',#9000,#6924,#6925);
#6163=AXIS2_PLACEMENT_3D('',#9012,#6927,#6928);
#6164=AXIS2_PLACEMENT_3D('',#9013,#6929,#6930);
#6165=AXIS2_PLACEMENT_3D('',#9022,#6933,#6934);
#6166=AXIS2_PLACEMENT_3D('',#9025,#6935,#6936);
#6167=AXIS2_PLACEMENT_3D('',#9029,#6938,#6939);
#6168=AXIS2_PLACEMENT_3D('',#9031,#6941,#6942);
#6169=AXIS2_PLACEMENT_3D('',#9033,#6943,#6944);
#6170=AXIS2_PLACEMENT_3D('',#9035,#6945,#6946);
#6171=AXIS2_PLACEMENT_3D('',#9058,#6947,#6948);
#6172=AXIS2_PLACEMENT_3D('',#9062,#6950,#6951);
#6173=AXIS2_PLACEMENT_3D('',#9064,#6953,#6954);
#6174=AXIS2_PLACEMENT_3D('',#9068,#6956,#6957);
#6175=AXIS2_PLACEMENT_3D('',#9070,#6959,#6960);
#6176=AXIS2_PLACEMENT_3D('',#9072,#6961,#6962);
#6177=AXIS2_PLACEMENT_3D('',#9074,#6963,#6964);
#6178=AXIS2_PLACEMENT_3D('',#9089,#6965,#6966);
#6179=AXIS2_PLACEMENT_3D('',#9093,#6968,#6969);
#6180=AXIS2_PLACEMENT_3D('',#9095,#6971,#6972);
#6181=AXIS2_PLACEMENT_3D('',#9108,#6975,#6976);
#6182=AXIS2_PLACEMENT_3D('',#9112,#6978,#6979);
#6183=AXIS2_PLACEMENT_3D('',#9132,#6986,#6987);
#6184=AXIS2_PLACEMENT_3D('',#9140,#6991,#6992);
#6185=AXIS2_PLACEMENT_3D('',#9147,#6996,#6997);
#6186=AXIS2_PLACEMENT_3D('',#9149,#6998,#6999);
#6187=AXIS2_PLACEMENT_3D('',#9151,#7000,#7001);
#6188=AXIS2_PLACEMENT_3D('',#9153,#7002,#7003);
#6189=AXIS2_PLACEMENT_3D('',#9154,#7004,#7005);
#6190=AXIS2_PLACEMENT_3D('',#9160,#7008,#7009);
#6191=AXIS2_PLACEMENT_3D('',#9162,#7011,#7012);
#6192=AXIS2_PLACEMENT_3D('',#9166,#7014,#7015);
#6193=AXIS2_PLACEMENT_3D('',#9170,#7018,#7019);
#6194=AXIS2_PLACEMENT_3D('',#9176,#7023,#7024);
#6195=AXIS2_PLACEMENT_3D('',#9182,#7028,#7029);
#6196=AXIS2_PLACEMENT_3D('',#9185,#7030,#7031);
#6197=AXIS2_PLACEMENT_3D('',#9188,#7034,#7035);
#6198=AXIS2_PLACEMENT_3D('',#9190,#7037,#7038);
#6199=AXIS2_PLACEMENT_3D('',#9194,#7041,#7042);
#6200=AXIS2_PLACEMENT_3D('',#9196,#7043,#7044);
#6201=AXIS2_PLACEMENT_3D('',#9198,#7046,#7047);
#6202=AXIS2_PLACEMENT_3D('',#9223,#7058,#7059);
#6203=AXIS2_PLACEMENT_3D('',#9246,#7061,#7062);
#6204=AXIS2_PLACEMENT_3D('',#9284,#7067,#7068);
#6205=AXIS2_PLACEMENT_3D('',#9285,#7069,#7070);
#6206=AXIS2_PLACEMENT_3D('',#9307,#7074,#7075);
#6207=AXIS2_PLACEMENT_3D('',#9449,#7079,#7080);
#6208=AXIS2_PLACEMENT_3D('',#9484,#7085,#7086);
#6209=AXIS2_PLACEMENT_3D('',#9486,#7087,#7088);
#6210=AXIS2_PLACEMENT_3D('',#9580,#7094,#7095);
#6211=AXIS2_PLACEMENT_3D('',#9675,#7102,#7103);
#6212=AXIS2_PLACEMENT_3D('',#9732,#7109,#7110);
#6213=AXIS2_PLACEMENT_3D('',#9759,#7112,#7113);
#6214=AXIS2_PLACEMENT_3D('',#9764,#7114,#7115);
#6215=AXIS2_PLACEMENT_3D('',#9789,#7121,#7122);
#6216=AXIS2_PLACEMENT_3D('',#9790,#7123,#7124);
#6217=AXIS2_PLACEMENT_3D('',#9792,#7125,#7126);
#6218=AXIS2_PLACEMENT_3D('',#9865,#7130,#7131);
#6219=AXIS2_PLACEMENT_3D('',#9890,#7133,#7134);
#6220=AXIS2_PLACEMENT_3D('',#9916,#7140,#7141);
#6221=AXIS2_PLACEMENT_3D('',#9917,#7142,#7143);
#6222=AXIS2_PLACEMENT_3D('',#9929,#7149,#7150);
#6223=AXIS2_PLACEMENT_3D('',#9931,#7152,#7153);
#6224=AXIS2_PLACEMENT_3D('',#9936,#7157,#7158);
#6225=AXIS2_PLACEMENT_3D('',#9942,#7162,#7163);
#6226=AXIS2_PLACEMENT_3D('',#9943,#7164,#7165);
#6227=AXIS2_PLACEMENT_3D('',#10030,#7173,#7174);
#6228=AXIS2_PLACEMENT_3D('',#10047,#7175,#7176);
#6229=AXIS2_PLACEMENT_3D('',#10048,#7177,#7178);
#6230=AXIS2_PLACEMENT_3D('',#10056,#7183,#7184);
#6231=AXIS2_PLACEMENT_3D('',#10062,#7188,#7189);
#6232=AXIS2_PLACEMENT_3D('',#10064,#7191,#7192);
#6233=AXIS2_PLACEMENT_3D('',#10068,#7194,#7195);
#6234=AXIS2_PLACEMENT_3D('',#10074,#7199,#7200);
#6235=AXIS2_PLACEMENT_3D('',#10079,#7203,#7204);
#6236=AXIS2_PLACEMENT_3D('',#10129,#7205,#7206);
#6237=AXIS2_PLACEMENT_3D('',#10130,#7207,#7208);
#6238=AXIS2_PLACEMENT_3D('',#10131,#7209,#7210);
#6239=AXIS2_PLACEMENT_3D('',#10132,#7211,#7212);
#6240=AXIS2_PLACEMENT_3D('',#10136,#7214,#7215);
#6241=AXIS2_PLACEMENT_3D('',#10138,#7217,#7218);
#6242=AXIS2_PLACEMENT_3D('',#10162,#7222,#7223);
#6243=AXIS2_PLACEMENT_3D('',#10165,#7225,#7226);
#6244=AXIS2_PLACEMENT_3D('',#10288,#7230,#7231);
#6245=AXIS2_PLACEMENT_3D('',#10360,#7234,#7235);
#6246=AXIS2_PLACEMENT_3D('',#10364,#7238,#7239);
#6247=AXIS2_PLACEMENT_3D('',#10366,#7241,#7242);
#6248=AXIS2_PLACEMENT_3D('',#10479,#7250,#7251);
#6249=AXIS2_PLACEMENT_3D('',#10506,#7253,#7254);
#6250=AXIS2_PLACEMENT_3D('',#10509,#7256,#7257);
#6251=AXIS2_PLACEMENT_3D('',#10565,#7259,#7260);
#6252=AXIS2_PLACEMENT_3D('',#10569,#7263,#7264);
#6253=AXIS2_PLACEMENT_3D('',#10574,#7268,#7269);
#6254=AXIS2_PLACEMENT_3D('',#10576,#7271,#7272);
#6255=AXIS2_PLACEMENT_3D('',#10591,#7276,#7277);
#6256=AXIS2_PLACEMENT_3D('',#10595,#7279,#7280);
#6257=AXIS2_PLACEMENT_3D('',#10609,#7284,#7285);
#6258=AXIS2_PLACEMENT_3D('',#10613,#7287,#7288);
#6259=AXIS2_PLACEMENT_3D('',#10617,#7290,#7291);
#6260=AXIS2_PLACEMENT_3D('',#10620,#7293,#7294);
#6261=AXIS2_PLACEMENT_3D('',#10621,#7295,#7296);
#6262=AXIS2_PLACEMENT_3D('',#10638,#7299,#7300);
#6263=AXIS2_PLACEMENT_3D('',#10640,#7302,#7303);
#6264=AXIS2_PLACEMENT_3D('',#10642,#7305,#7306);
#6265=AXIS2_PLACEMENT_3D('',#10644,#7308,#7309);
#6266=AXIS2_PLACEMENT_3D('',#10646,#7311,#7312);
#6267=AXIS2_PLACEMENT_3D('',#10663,#7315,#7316);
#6268=AXIS2_PLACEMENT_3D('',#10664,#7317,#7318);
#6269=AXIS2_PLACEMENT_3D('',#10671,#7323,#7324);
#6270=AXIS2_PLACEMENT_3D('',#10674,#7326,#7327);
#6271=AXIS2_PLACEMENT_3D('',#10676,#7328,#7329);
#6272=AXIS2_PLACEMENT_3D('',#10678,#7331,#7332);
#6273=AXIS2_PLACEMENT_3D('',#10684,#7336,#7337);
#6274=AXIS2_PLACEMENT_3D('',#10689,#7340,#7341);
#6275=AXIS2_PLACEMENT_3D('',#10692,#7343,#7344);
#6276=AXIS2_PLACEMENT_3D('',#10693,#7345,#7346);
#6277=AXIS2_PLACEMENT_3D('',#10702,#7351,#7352);
#6278=AXIS2_PLACEMENT_3D('',#10705,#7354,#7355);
#6279=AXIS2_PLACEMENT_3D('',#10711,#7358,#7359);
#6280=AXIS2_PLACEMENT_3D('',#10715,#7361,#7362);
#6281=AXIS2_PLACEMENT_3D('',#10721,#7365,#7366);
#6282=AXIS2_PLACEMENT_3D('',#10724,#7368,#7369);
#6283=AXIS2_PLACEMENT_3D('',#10725,#7370,#7371);
#6284=AXIS2_PLACEMENT_3D('',#10728,#7373,#7374);
#6285=AXIS2_PLACEMENT_3D('',#10730,#7375,#7376);
#6286=AXIS2_PLACEMENT_3D('',#10732,#7378,#7379);
#6287=AXIS2_PLACEMENT_3D('',#10738,#7383,#7384);
#6288=AXIS2_PLACEMENT_3D('',#10743,#7387,#7388);
#6289=AXIS2_PLACEMENT_3D('',#10746,#7390,#7391);
#6290=AXIS2_PLACEMENT_3D('',#10747,#7392,#7393);
#6291=AXIS2_PLACEMENT_3D('',#10752,#7397,#7398);
#6292=AXIS2_PLACEMENT_3D('',#10758,#7402,#7403);
#6293=AXIS2_PLACEMENT_3D('',#10764,#7407,#7408);
#6294=AXIS2_PLACEMENT_3D('',#10770,#7412,#7413);
#6295=AXIS2_PLACEMENT_3D('',#10776,#7417,#7418);
#6296=AXIS2_PLACEMENT_3D('',#10786,#7423,#7424);
#6297=AXIS2_PLACEMENT_3D('',#10790,#7426,#7427);
#6298=AXIS2_PLACEMENT_3D('',#10800,#7432,#7433);
#6299=AXIS2_PLACEMENT_3D('',#10804,#7435,#7436);
#6300=AXIS2_PLACEMENT_3D('',#10808,#7438,#7439);
#6301=AXIS2_PLACEMENT_3D('',#10811,#7441,#7442);
#6302=AXIS2_PLACEMENT_3D('',#10814,#7443,#7444);
#6303=AXIS2_PLACEMENT_3D('',#10818,#7446,#7447);
#6304=AXIS2_PLACEMENT_3D('',#10824,#7450,#7451);
#6305=AXIS2_PLACEMENT_3D('',#10827,#7453,#7454);
#6306=AXIS2_PLACEMENT_3D('',#10828,#7455,#7456);
#6307=AXIS2_PLACEMENT_3D('',#10837,#7461,#7462);
#6308=AXIS2_PLACEMENT_3D('',#10840,#7465,#7466);
#6309=AXIS2_PLACEMENT_3D('',#10846,#7470,#7471);
#6310=AXIS2_PLACEMENT_3D('',#10855,#7476,#7477);
#6311=AXIS2_PLACEMENT_3D('',#10858,#7480,#7481);
#6312=AXIS2_PLACEMENT_3D('',#10867,#7487,#7488);
#6313=AXIS2_PLACEMENT_3D('',#10871,#7491,#7492);
#6314=AXIS2_PLACEMENT_3D('',#10873,#7494,#7495);
#6315=AXIS2_PLACEMENT_3D('',#10876,#7496,#7497);
#6316=AXIS2_PLACEMENT_3D('',#10879,#7500,#7501);
#6317=AXIS2_PLACEMENT_3D('',#10884,#7505,#7506);
#6318=AXIS2_PLACEMENT_3D('',#10886,#7508,#7509);
#6319=AXIS2_PLACEMENT_3D('',#10887,#7510,#7511);
#6320=AXIS2_PLACEMENT_3D('',#10889,#7512,#7513);
#6321=AXIS2_PLACEMENT_3D('',#10890,#7514,#7515);
#6322=AXIS2_PLACEMENT_3D('',#10891,#7516,#7517);
#6323=AXIS2_PLACEMENT_3D('',#10895,#7520,#7521);
#6324=AXIS2_PLACEMENT_3D('',#10897,#7523,#7524);
#6325=AXIS2_PLACEMENT_3D('',#10898,#7525,#7526);
#6326=AXIS2_PLACEMENT_3D('',#10899,#7527,#7528);
#6327=AXIS2_PLACEMENT_3D('',#10901,#7530,#7531);
#6328=AXIS2_PLACEMENT_3D('',#10904,#7532,#7533);
#6329=AXIS2_PLACEMENT_3D('',#10907,#7536,#7537);
#6330=AXIS2_PLACEMENT_3D('',#10912,#7541,#7542);
#6331=AXIS2_PLACEMENT_3D('',#10914,#7544,#7545);
#6332=AXIS2_PLACEMENT_3D('',#10918,#7548,#7549);
#6333=AXIS2_PLACEMENT_3D('',#10919,#7550,#7551);
#6334=AXIS2_PLACEMENT_3D('',#10921,#7552,#7553);
#6335=AXIS2_PLACEMENT_3D('',#10922,#7554,#7555);
#6336=AXIS2_PLACEMENT_3D('',#10923,#7556,#7557);
#6337=AXIS2_PLACEMENT_3D('',#10929,#7561,#7562);
#6338=AXIS2_PLACEMENT_3D('',#10931,#7564,#7565);
#6339=AXIS2_PLACEMENT_3D('',#10933,#7567,#7568);
#6340=AXIS2_PLACEMENT_3D('',#10985,#7572,#7573);
#6341=AXIS2_PLACEMENT_3D('',#11082,#7580,#7581);
#6342=AXIS2_PLACEMENT_3D('',#11086,#7583,#7584);
#6343=AXIS2_PLACEMENT_3D('',#11088,#7586,#7587);
#6344=AXIS2_PLACEMENT_3D('',#11092,#7589,#7590);
#6345=AXIS2_PLACEMENT_3D('',#11095,#7592,#7593);
#6346=AXIS2_PLACEMENT_3D('',#11096,#7594,#7595);
#6347=AXIS2_PLACEMENT_3D('',#11099,#7597,#7598);
#6348=AXIS2_PLACEMENT_3D('',#11100,#7599,#7600);
#6349=AXIS2_PLACEMENT_3D('',#11101,#7601,#7602);
#6350=AXIS2_PLACEMENT_3D('',#11103,#7603,#7604);
#6351=AXIS2_PLACEMENT_3D('',#11104,#7605,#7606);
#6352=AXIS2_PLACEMENT_3D('',#11125,#7607,#7608);
#6353=AXIS2_PLACEMENT_3D('',#11126,#7609,#7610);
#6354=AXIS2_PLACEMENT_3D('',#11127,#7611,#7612);
#6355=AXIS2_PLACEMENT_3D('',#11128,#7613,#7614);
#6356=AXIS2_PLACEMENT_3D('',#11129,#7615,#7616);
#6357=AXIS2_PLACEMENT_3D('',#11131,#7617,#7618);
#6358=AXIS2_PLACEMENT_3D('',#11132,#7619,#7620);
#6359=AXIS2_PLACEMENT_3D('',#11133,#7621,#7622);
#6360=AXIS2_PLACEMENT_3D('',#11134,#7623,#7624);
#6361=AXIS2_PLACEMENT_3D('',#11155,#7625,#7626);
#6362=AXIS2_PLACEMENT_3D('',#11156,#7627,#7628);
#6363=AXIS2_PLACEMENT_3D('',#11157,#7629,#7630);
#6364=AXIS2_PLACEMENT_3D('',#11163,#7634,#7635);
#6365=AXIS2_PLACEMENT_3D('',#11165,#7636,#7637);
#6366=AXIS2_PLACEMENT_3D('',#11167,#7639,#7640);
#6367=AXIS2_PLACEMENT_3D('',#11171,#7643,#7644);
#6368=AXIS2_PLACEMENT_3D('',#11173,#7645,#7646);
#6369=AXIS2_PLACEMENT_3D('',#11175,#7648,#7649);
#6370=AXIS2_PLACEMENT_3D('',#11177,#7650,#7651);
#6371=AXIS2_PLACEMENT_3D('',#11181,#7653,#7654);
#6372=AXIS2_PLACEMENT_3D('',#11183,#7656,#7657);
#6373=AXIS2_PLACEMENT_3D('',#11185,#7659,#7660);
#6374=AXIS2_PLACEMENT_3D('',#11187,#7662,#7663);
#6375=AXIS2_PLACEMENT_3D('',#11189,#7665,#7666);
#6376=AXIS2_PLACEMENT_3D('',#11190,#7667,#7668);
#6377=AXIS2_PLACEMENT_3D('',#11193,#7671,#7672);
#6378=AXIS2_PLACEMENT_3D('',#11195,#7674,#7675);
#6379=AXIS2_PLACEMENT_3D('',#11197,#7677,#7678);
#6380=AXIS2_PLACEMENT_3D('',#11198,#7679,#7680);
#6381=AXIS2_PLACEMENT_3D('',#11201,#7683,#7684);
#6382=AXIS2_PLACEMENT_3D('',#11203,#7686,#7687);
#6383=AXIS2_PLACEMENT_3D('',#11205,#7689,#7690);
#6384=AXIS2_PLACEMENT_3D('',#11206,#7691,#7692);
#6385=AXIS2_PLACEMENT_3D('',#11209,#7695,#7696);
#6386=AXIS2_PLACEMENT_3D('',#11210,#7697,#7698);
#6387=AXIS2_PLACEMENT_3D('',#11211,#7699,#7700);
#6388=AXIS2_PLACEMENT_3D('',#11214,#7702,#7703);
#6389=AXIS2_PLACEMENT_3D('',#11215,#7704,#7705);
#6390=AXIS2_PLACEMENT_3D('',#11217,#7707,#7708);
#6391=AXIS2_PLACEMENT_3D('',#11219,#7710,#7711);
#6392=AXIS2_PLACEMENT_3D('',#11221,#7713,#7714);
#6393=AXIS2_PLACEMENT_3D('',#11238,#7719,#7720);
#6394=AXIS2_PLACEMENT_3D('',#11242,#7723,#7724);
#6395=AXIS2_PLACEMENT_3D('',#11244,#7725,#7726);
#6396=AXIS2_PLACEMENT_3D('',#11246,#7728,#7729);
#6397=AXIS2_PLACEMENT_3D('',#11250,#7732,#7733);
#6398=AXIS2_PLACEMENT_3D('',#11252,#7734,#7735);
#6399=AXIS2_PLACEMENT_3D('',#11254,#7737,#7738);
#6400=AXIS2_PLACEMENT_3D('',#11256,#7740,#7741);
#6401=AXIS2_PLACEMENT_3D('',#11257,#7742,#7743);
#6402=AXIS2_PLACEMENT_3D('',#11259,#7745,#7746);
#6403=AXIS2_PLACEMENT_3D('',#11263,#7748,#7749);
#6404=AXIS2_PLACEMENT_3D('',#11267,#7751,#7752);
#6405=AXIS2_PLACEMENT_3D('',#11269,#7754,#7755);
#6406=AXIS2_PLACEMENT_3D('',#11271,#7757,#7758);
#6407=AXIS2_PLACEMENT_3D('',#11274,#7761,#7762);
#6408=AXIS2_PLACEMENT_3D('',#11276,#7764,#7765);
#6409=AXIS2_PLACEMENT_3D('',#11277,#7766,#7767);
#6410=AXIS2_PLACEMENT_3D('',#11278,#7768,#7769);
#6411=AXIS2_PLACEMENT_3D('',#11280,#7771,#7772);
#6412=AXIS2_PLACEMENT_3D('',#11326,#7776,#7777);
#6413=AXIS2_PLACEMENT_3D('',#11343,#7782,#7783);
#6414=AXIS2_PLACEMENT_3D('',#11346,#7785,#7786);
#6415=AXIS2_PLACEMENT_3D('',#11347,#7787,#7788);
#6416=AXIS2_PLACEMENT_3D('',#11350,#7790,#7791);
#6417=AXIS2_PLACEMENT_3D('',#11379,#7792,#7793);
#6418=AXIS2_PLACEMENT_3D('',#11380,#7794,#7795);
#6419=AXIS2_PLACEMENT_3D('',#11411,#7796,#7797);
#6420=AXIS2_PLACEMENT_3D('',#11412,#7798,#7799);
#6421=AXIS2_PLACEMENT_3D('',#11461,#7800,#7801);
#6422=AXIS2_PLACEMENT_3D('',#11462,#7802,#7803);
#6423=AXIS2_PLACEMENT_3D('',#11464,#7804,#7805);
#6424=AXIS2_PLACEMENT_3D('',#11466,#7806,#7807);
#6425=AXIS2_PLACEMENT_3D('',#11467,#7808,#7809);
#6426=AXIS2_PLACEMENT_3D('',#11468,#7810,#7811);
#6427=AXIS2_PLACEMENT_3D('',#11470,#7812,#7813);
#6428=AXIS2_PLACEMENT_3D('',#11471,#7814,#7815);
#6429=AXIS2_PLACEMENT_3D('',#11472,#7816,#7817);
#6430=AXIS2_PLACEMENT_3D('',#11474,#7819,#7820);
#6431=AXIS2_PLACEMENT_3D('',#11475,#7821,#7822);
#6432=AXIS2_PLACEMENT_3D('',#11476,#7823,#7824);
#6433=AXIS2_PLACEMENT_3D('',#11477,#7825,#7826);
#6434=AXIS2_PLACEMENT_3D('',#11478,#7827,#7828);
#6435=AXIS2_PLACEMENT_3D('',#11479,#7829,#7830);
#6436=AXIS2_PLACEMENT_3D('',#11528,#7831,#7832);
#6437=AXIS2_PLACEMENT_3D('',#11530,#7833,#7834);
#6438=AXIS2_PLACEMENT_3D('',#11532,#7835,#7836);
#6439=AXIS2_PLACEMENT_3D('',#11565,#7837,#7838);
#6440=AXIS2_PLACEMENT_3D('',#11566,#7839,#7840);
#6441=AXIS2_PLACEMENT_3D('',#11597,#7841,#7842);
#6442=AXIS2_PLACEMENT_3D('',#11598,#7843,#7844);
#6443=AXIS2_PLACEMENT_3D('',#11599,#7845,#7846);
#6444=AXIS2_PLACEMENT_3D('',#11600,#7847,#7848);
#6445=AXIS2_PLACEMENT_3D('',#11601,#7849,#7850);
#6446=AXIS2_PLACEMENT_3D('',#11602,#7851,#7852);
#6447=AXIS2_PLACEMENT_3D('',#11611,#7857,#7858);
#6448=AXIS2_PLACEMENT_3D('',#11617,#7862,#7863);
#6449=AXIS2_PLACEMENT_3D('',#11623,#7867,#7868);
#6450=AXIS2_PLACEMENT_3D('',#11625,#7870,#7871);
#6451=AXIS2_PLACEMENT_3D('',#11628,#7874,#7875);
#6452=AXIS2_PLACEMENT_3D('',#11630,#7876,#7877);
#6453=AXIS2_PLACEMENT_3D('',#11632,#7879,#7880);
#6454=AXIS2_PLACEMENT_3D('',#11633,#7881,#7882);
#6455=AXIS2_PLACEMENT_3D('',#11634,#7883,#7884);
#6456=AXIS2_PLACEMENT_3D('',#11640,#7888,#7889);
#6457=AXIS2_PLACEMENT_3D('',#11644,#7892,#7893);
#6458=AXIS2_PLACEMENT_3D('',#11648,#7896,#7897);
#6459=AXIS2_PLACEMENT_3D('',#11650,#7899,#7900);
#6460=AXIS2_PLACEMENT_3D('',#11654,#7903,#7904);
#6461=AXIS2_PLACEMENT_3D('',#11656,#7906,#7907);
#6462=AXIS2_PLACEMENT_3D('',#11657,#7908,#7909);
#6463=AXIS2_PLACEMENT_3D('',#11659,#7911,#7912);
#6464=AXIS2_PLACEMENT_3D('',#11663,#7915,#7916);
#6465=AXIS2_PLACEMENT_3D('',#11665,#7918,#7919);
#6466=AXIS2_PLACEMENT_3D('',#11667,#7921,#7922);
#6467=AXIS2_PLACEMENT_3D('',#11668,#7923,#7924);
#6468=AXIS2_PLACEMENT_3D('',#11670,#7926,#7927);
#6469=AXIS2_PLACEMENT_3D('',#11672,#7929,#7930);
#6470=AXIS2_PLACEMENT_3D('',#11673,#7931,#7932);
#6471=AXIS2_PLACEMENT_3D('',#11674,#7933,#7934);
#6472=AXIS2_PLACEMENT_3D('',#11675,#7935,#7936);
#6473=AXIS2_PLACEMENT_3D('',#11676,#7937,#7938);
#6474=AXIS2_PLACEMENT_3D('',#11683,#7939,#7940);
#6475=AXIS2_PLACEMENT_3D('',#11686,#7942,#7943);
#6476=AXIS2_PLACEMENT_3D('',#11687,#7944,#7945);
#6477=AXIS2_PLACEMENT_3D('',#11693,#7949,#7950);
#6478=AXIS2_PLACEMENT_3D('',#11698,#7952,#7953);
#6479=AXIS2_PLACEMENT_3D('',#11700,#7955,#7956);
#6480=AXIS2_PLACEMENT_3D('',#11701,#7957,#7958);
#6481=AXIS2_PLACEMENT_3D('',#11705,#7961,#7962);
#6482=AXIS2_PLACEMENT_3D('',#11708,#7964,#7965);
#6483=AXIS2_PLACEMENT_3D('',#11709,#7966,#7967);
#6484=AXIS2_PLACEMENT_3D('',#11713,#7970,#7971);
#6485=AXIS2_PLACEMENT_3D('',#11714,#7972,#7973);
#6486=AXIS2_PLACEMENT_3D('',#11718,#7974,#7975);
#6487=AXIS2_PLACEMENT_3D('',#11719,#7976,#7977);
#6488=AXIS2_PLACEMENT_3D('',#11720,#7978,#7979);
#6489=AXIS2_PLACEMENT_3D('',#11729,#7984,#7985);
#6490=DIRECTION('axis',(0.,0.,1.));
#6491=DIRECTION('refdir',(1.,0.,0.));
#6492=DIRECTION('center_axis',(0.,1.,0.));
#6493=DIRECTION('ref_axis',(0.707106781186547,0.,0.707106781186548));
#6494=DIRECTION('center_axis',(0.,1.,0.));
#6495=DIRECTION('ref_axis',(0.707106781186547,0.,0.707106781186548));
#6496=DIRECTION('',(0.,1.,0.));
#6497=DIRECTION('center_axis',(0.,1.,0.));
#6498=DIRECTION('ref_axis',(0.707106781186547,0.,0.707106781186548));
#6499=DIRECTION('',(0.,-1.,0.));
#6500=DIRECTION('center_axis',(-5.55111512312578E-16,0.,1.));
#6501=DIRECTION('ref_axis',(1.,0.,5.55111512312578E-16));
#6502=DIRECTION('',(1.,0.,3.44789759200359E-16));
#6503=DIRECTION('',(0.,-1.,0.));
#6504=DIRECTION('',(-1.,0.,-5.55111512312578E-16));
#6505=DIRECTION('center_axis',(0.,-1.,0.));
#6506=DIRECTION('ref_axis',(-0.707106781186547,0.,0.707106781186548));
#6507=DIRECTION('center_axis',(0.,1.,0.));
#6508=DIRECTION('ref_axis',(-0.707106781186547,0.,0.707106781186548));
#6509=DIRECTION('',(0.,1.,0.));
#6510=DIRECTION('center_axis',(0.,1.,0.));
#6511=DIRECTION('ref_axis',(-0.707106781186547,0.,0.707106781186548));
#6512=DIRECTION('center_axis',(0.,1.,0.));
#6513=DIRECTION('ref_axis',(1.,0.,0.));
#6514=DIRECTION('',(9.25185853854297E-17,0.,-1.));
#6515=DIRECTION('center_axis',(0.,1.,0.));
#6516=DIRECTION('ref_axis',(0.707106781186548,0.,-0.707106781186547));
#6517=DIRECTION('',(-1.,0.,-8.61974398000897E-17));
#6518=DIRECTION('center_axis',(0.,1.,0.));
#6519=DIRECTION('ref_axis',(-0.707106781186548,0.,-0.707106781186547));
#6520=DIRECTION('',(-5.55111512312578E-16,0.,1.));
#6521=DIRECTION('center_axis',(0.,1.,0.));
#6522=DIRECTION('ref_axis',(-0.707106781186548,0.,-0.707106781186547));
#6523=DIRECTION('',(0.,1.,0.));
#6524=DIRECTION('center_axis',(0.,1.,0.));
#6525=DIRECTION('ref_axis',(-0.707106781186548,0.,-0.707106781186547));
#6526=DIRECTION('',(0.,-1.,0.));
#6527=DIRECTION('center_axis',(9.25185853854297E-17,0.,-1.));
#6528=DIRECTION('ref_axis',(-1.,0.,-9.25185853854297E-17));
#6529=DIRECTION('',(0.,-1.,0.));
#6530=DIRECTION('',(1.,0.,9.25185853854297E-17));
#6531=DIRECTION('center_axis',(0.,-1.,0.));
#6532=DIRECTION('ref_axis',(0.707106781186548,0.,-0.707106781186547));
#6533=DIRECTION('',(0.,1.,0.));
#6534=DIRECTION('center_axis',(0.,1.,0.));
#6535=DIRECTION('ref_axis',(0.707106781186548,0.,-0.707106781186547));
#6536=DIRECTION('center_axis',(1.,0.,3.90923600220126E-16));
#6537=DIRECTION('ref_axis',(3.90923600220126E-16,0.,-1.));
#6538=DIRECTION('',(-5.55111512312578E-16,0.,1.));
#6539=DIRECTION('center_axis',(-1.,0.,1.5636944008805E-15));
#6540=DIRECTION('ref_axis',(1.5636944008805E-15,0.,1.));
#6541=DIRECTION('',(9.25185853854297E-17,0.,-1.));
#6542=DIRECTION('center_axis',(-0.837151124977619,0.,-0.546971657354115));
#6543=DIRECTION('ref_axis',(-0.546971657354115,0.,0.837151124977619));
#6544=DIRECTION('',(-0.357205895016781,-0.757305249386153,0.546710808213481));
#6545=DIRECTION('',(0.,-0.642204732114413,0.766533157828059));
#6546=DIRECTION('',(0.,1.,0.));
#6547=DIRECTION('',(0.526813308671471,0.268980819968902,-0.806298366794498));
#6548=DIRECTION('',(0.,1.,0.));
#6549=DIRECTION('',(-0.546971657354115,0.,0.837151124977619));
#6550=DIRECTION('',(0.,1.,0.));
#6551=DIRECTION('',(0.546971657354115,0.,-0.837151124977619));
#6552=DIRECTION('',(0.,-1.,0.));
#6553=DIRECTION('',(0.,0.,-1.));
#6554=DIRECTION('',(0.,0.,-1.));
#6555=DIRECTION('center_axis',(0.,0.,1.));
#6556=DIRECTION('ref_axis',(1.,0.,0.));
#6557=DIRECTION('',(0.,-1.,0.));
#6558=DIRECTION('',(-1.,0.,0.));
#6559=DIRECTION('',(0.,1.,0.));
#6560=DIRECTION('center_axis',(0.,0.,1.));
#6561=DIRECTION('ref_axis',(0.944438428197112,-0.328688386385293,0.));
#6562=DIRECTION('',(1.,0.,0.));
#6563=DIRECTION('center_axis',(0.,0.,-1.));
#6564=DIRECTION('ref_axis',(0.944438428194195,0.328688386393677,0.));
#6565=DIRECTION('center_axis',(0.,0.,1.));
#6566=DIRECTION('ref_axis',(-0.0887528702449379,-0.996053677280138,0.));
#6567=DIRECTION('',(0.178935095187316,0.719358804383831,0.671196798462099));
#6568=DIRECTION('',(-0.903875869049178,-4.9131659009463E-15,-0.42779482623168));
#6569=DIRECTION('',(0.903875869049178,0.,-0.42779482623168));
#6570=DIRECTION('',(0.178935095187315,-0.719358804383834,-0.671196798462096));
#6571=DIRECTION('center_axis',(0.,-1.,0.));
#6572=DIRECTION('ref_axis',(0.,0.,-1.));
#6573=DIRECTION('',(0.633983173298814,0.,-0.773346840669803));
#6574=DIRECTION('',(1.,0.,0.));
#6575=DIRECTION('',(0.633983173298814,0.,0.773346840669804));
#6576=DIRECTION('',(-1.,0.,-9.44940511620049E-16));
#6577=DIRECTION('center_axis',(0.,0.,-1.));
#6578=DIRECTION('ref_axis',(-1.,0.,0.));
#6579=DIRECTION('',(0.,-1.,0.));
#6580=DIRECTION('',(-1.,0.,0.));
#6581=DIRECTION('',(0.,1.,0.));
#6582=DIRECTION('center_axis',(0.,-0.707106781186548,-0.707106781186547));
#6583=DIRECTION('ref_axis',(-1.,0.,0.));
#6584=DIRECTION('',(-0.501511002953006,-0.611754327290404,0.611754327290404));
#6585=DIRECTION('center_axis',(0.,0.707106781186548,0.707106781186547));
#6586=DIRECTION('ref_axis',(0.,0.707106781186547,-0.707106781186548));
#6587=DIRECTION('',(1.,0.,0.));
#6588=DIRECTION('center_axis',(0.,0.707106781186548,0.707106781186547));
#6589=DIRECTION('ref_axis',(9.91637342326596E-17,0.707106781186547,-0.707106781186548));
#6590=DIRECTION('',(-0.501511002953006,0.611754327290404,-0.611754327290404));
#6591=DIRECTION('center_axis',(-0.773346840669804,0.,-0.633983173298814));
#6592=DIRECTION('ref_axis',(0.633983173298814,0.,-0.773346840669804));
#6593=DIRECTION('',(0.,-1.,0.));
#6594=DIRECTION('',(0.633983173298814,0.,-0.773346840669804));
#6595=DIRECTION('',(0.,-1.,0.));
#6596=DIRECTION('center_axis',(0.,0.,-1.));
#6597=DIRECTION('ref_axis',(-1.,0.,0.));
#6598=DIRECTION('center_axis',(0.,0.,-1.));
#6599=DIRECTION('ref_axis',(1.,0.,0.));
#6600=DIRECTION('',(0.,1.,0.));
#6601=DIRECTION('',(1.,0.,0.));
#6602=DIRECTION('center_axis',(0.,0.,-1.));
#6603=DIRECTION('ref_axis',(-1.,0.,0.));
#6604=DIRECTION('center_axis',(0.,0.,-1.));
#6605=DIRECTION('ref_axis',(1.,0.,0.));
#6606=DIRECTION('',(1.,0.,0.));
#6607=DIRECTION('',(0.,-1.,0.));
#6608=DIRECTION('center_axis',(0.,0.,-1.));
#6609=DIRECTION('ref_axis',(-1.,0.,0.));
#6610=DIRECTION('center_axis',(0.,0.,-1.));
#6611=DIRECTION('ref_axis',(1.,0.,0.));
#6612=DIRECTION('',(0.,-1.,0.));
#6613=DIRECTION('',(-1.,3.08395284618099E-15,0.));
#6614=DIRECTION('center_axis',(0.,0.,-1.));
#6615=DIRECTION('ref_axis',(-1.,0.,0.));
#6616=DIRECTION('center_axis',(0.,0.,-1.));
#6617=DIRECTION('ref_axis',(1.,0.,0.));
#6618=DIRECTION('',(-1.,3.08395284618099E-15,0.));
#6619=DIRECTION('',(0.,1.,0.));
#6620=DIRECTION('center_axis',(0.,0.,-1.));
#6621=DIRECTION('ref_axis',(-1.,0.,0.));
#6622=DIRECTION('',(-1.,3.08395284618099E-15,0.));
#6623=DIRECTION('',(0.,-1.,0.));
#6624=DIRECTION('',(1.,0.,0.));
#6625=DIRECTION('',(0.,-1.,0.));
#6626=DIRECTION('center_axis',(-1.,0.,0.));
#6627=DIRECTION('ref_axis',(0.,-1.,0.));
#6628=DIRECTION('',(0.,0.,1.));
#6629=DIRECTION('',(0.,0.,1.));
#6630=DIRECTION('center_axis',(0.,0.,-1.));
#6631=DIRECTION('ref_axis',(-1.,0.,0.));
#6632=DIRECTION('',(0.,1.,0.));
#6633=DIRECTION('',(-1.,3.08395284618099E-15,0.));
#6634=DIRECTION('',(-9.65938778262509E-16,1.,0.));
#6635=DIRECTION('',(1.,0.,0.));
#6636=DIRECTION('center_axis',(0.,-1.,0.));
#6637=DIRECTION('ref_axis',(1.,0.,0.));
#6638=DIRECTION('',(0.,0.,1.));
#6639=DIRECTION('',(0.,0.,1.));
#6640=DIRECTION('',(-1.,0.,0.));
#6641=DIRECTION('',(0.,0.,1.));
#6642=DIRECTION('center_axis',(1.,0.,0.));
#6643=DIRECTION('ref_axis',(0.,1.,0.));
#6644=DIRECTION('',(0.,0.,1.));
#6645=DIRECTION('center_axis',(3.08395284618099E-15,1.,0.));
#6646=DIRECTION('ref_axis',(-1.,3.08395284618099E-15,0.));
#6647=DIRECTION('',(0.,0.,1.));
#6648=DIRECTION('',(1.,-3.08395284618099E-15,0.));
#6649=DIRECTION('',(0.,0.,1.));
#6650=DIRECTION('center_axis',(0.,0.,1.));
#6651=DIRECTION('ref_axis',(1.,0.,0.));
#6652=DIRECTION('',(0.,1.,0.));
#6653=DIRECTION('center_axis',(0.,0.,-1.));
#6654=DIRECTION('ref_axis',(0.707106781186548,-0.707106781186548,0.));
#6655=DIRECTION('',(-1.,0.,0.));
#6656=DIRECTION('center_axis',(0.,0.,-1.));
#6657=DIRECTION('ref_axis',(-0.707106781186548,-0.707106781186548,0.));
#6658=DIRECTION('',(-6.16790569236198E-16,1.,0.));
#6659=DIRECTION('center_axis',(0.,0.,1.));
#6660=DIRECTION('ref_axis',(1.,0.,0.));
#6661=DIRECTION('',(-6.16790569236198E-16,1.,0.));
#6662=DIRECTION('center_axis',(0.,0.,1.));
#6663=DIRECTION('ref_axis',(-6.01791783804393E-16,1.,0.));
#6664=DIRECTION('',(-1.,0.,0.));
#6665=DIRECTION('',(0.,1.,0.));
#6666=DIRECTION('center_axis',(-1.,0.,0.));
#6667=DIRECTION('ref_axis',(0.,-1.,0.));
#6668=DIRECTION('',(0.,-1.,0.));
#6669=DIRECTION('',(0.,0.,1.));
#6670=DIRECTION('',(0.,-1.,0.));
#6671=DIRECTION('',(0.,-1.,0.));
#6672=DIRECTION('',(0.,0.,1.));
#6673=DIRECTION('center_axis',(0.,-1.,0.));
#6674=DIRECTION('ref_axis',(1.,0.,0.));
#6675=DIRECTION('',(-1.,0.,0.));
#6676=DIRECTION('',(0.,0.,1.));
#6677=DIRECTION('',(1.,0.,0.));
#6678=DIRECTION('',(1.,0.,0.));
#6679=DIRECTION('',(1.,0.,0.));
#6680=DIRECTION('',(0.,0.,1.));
#6681=DIRECTION('',(1.,0.,0.));
#6682=DIRECTION('',(0.,0.,1.));
#6683=DIRECTION('center_axis',(0.,1.,0.));
#6684=DIRECTION('ref_axis',(-1.,0.,0.));
#6685=DIRECTION('',(1.,0.,0.));
#6686=DIRECTION('',(0.,0.,1.));
#6687=DIRECTION('',(-1.,0.,0.));
#6688=DIRECTION('',(0.,0.,1.));
#6689=DIRECTION('',(-1.,0.,0.));
#6690=DIRECTION('',(-1.,0.,0.));
#6691=DIRECTION('',(-1.,0.,0.));
#6692=DIRECTION('',(0.,0.,1.));
#6693=DIRECTION('center_axis',(0.,0.,-1.));
#6694=DIRECTION('ref_axis',(-1.,0.,0.));
#6695=DIRECTION('center_axis',(0.,0.,-1.));
#6696=DIRECTION('ref_axis',(1.,0.,0.));
#6697=DIRECTION('',(0.,1.,0.));
#6698=DIRECTION('center_axis',(0.,0.,-1.));
#6699=DIRECTION('ref_axis',(-1.,0.,0.));
#6700=DIRECTION('center_axis',(0.,0.,-1.));
#6701=DIRECTION('ref_axis',(1.,0.,0.));
#6702=DIRECTION('center_axis',(0.,0.,-1.));
#6703=DIRECTION('ref_axis',(-1.,0.,0.));
#6704=DIRECTION('center_axis',(0.,0.,-1.));
#6705=DIRECTION('ref_axis',(1.,0.,0.));
#6706=DIRECTION('center_axis',(0.,0.,-1.));
#6707=DIRECTION('ref_axis',(-1.,0.,0.));
#6708=DIRECTION('center_axis',(0.,0.,-1.));
#6709=DIRECTION('ref_axis',(1.,0.,0.));
#6710=DIRECTION('',(0.,1.,0.));
#6711=DIRECTION('center_axis',(0.,0.,-1.));
#6712=DIRECTION('ref_axis',(-1.,0.,0.));
#6713=DIRECTION('',(0.,-1.,0.));
#6714=DIRECTION('center_axis',(0.,0.,-1.));
#6715=DIRECTION('ref_axis',(-1.,0.,0.));
#6716=DIRECTION('',(0.,1.,0.));
#6717=DIRECTION('',(0.,1.,0.));
#6718=DIRECTION('center_axis',(1.,0.,0.));
#6719=DIRECTION('ref_axis',(0.,1.,0.));
#6720=DIRECTION('center_axis',(0.,0.,1.));
#6721=DIRECTION('ref_axis',(1.,0.,0.));
#6722=DIRECTION('',(0.,-1.,0.));
#6723=DIRECTION('',(-1.,0.,0.));
#6724=DIRECTION('center_axis',(0.,0.,1.));
#6725=DIRECTION('ref_axis',(0.707106781186541,0.707106781186554,0.));
#6726=DIRECTION('',(0.,-1.,0.));
#6727=DIRECTION('center_axis',(0.,0.,1.));
#6728=DIRECTION('ref_axis',(1.,0.,0.));
#6729=DIRECTION('',(0.,-1.,0.));
#6730=DIRECTION('',(1.,0.,0.));
#6731=DIRECTION('center_axis',(0.,0.,1.));
#6732=DIRECTION('ref_axis',(-0.707106781186549,-0.707106781186546,0.));
#6733=DIRECTION('',(0.,-1.,0.));
#6734=DIRECTION('center_axis',(-1.,0.,0.));
#6735=DIRECTION('ref_axis',(0.,-1.,0.));
#6736=DIRECTION('',(0.,-1.,0.));
#6737=DIRECTION('',(0.,0.,1.));
#6738=DIRECTION('',(0.,-1.,0.));
#6739=DIRECTION('',(0.,-1.,0.));
#6740=DIRECTION('',(0.,0.,1.));
#6741=DIRECTION('center_axis',(3.08395284618099E-15,-1.,0.));
#6742=DIRECTION('ref_axis',(1.,3.08395284618099E-15,0.));
#6743=DIRECTION('',(1.,3.08395284618099E-15,0.));
#6744=DIRECTION('',(0.,0.,1.));
#6745=DIRECTION('',(1.,3.08395284618099E-15,0.));
#6746=DIRECTION('',(1.,3.08395284618099E-15,0.));
#6747=DIRECTION('',(1.,3.08395284618099E-15,0.));
#6748=DIRECTION('',(0.,0.,1.));
#6749=DIRECTION('',(1.,3.08395284618099E-15,0.));
#6750=DIRECTION('',(0.,0.,1.));
#6751=DIRECTION('center_axis',(0.,1.,0.));
#6752=DIRECTION('ref_axis',(-1.,0.,0.));
#6753=DIRECTION('',(-1.,0.,0.));
#6754=DIRECTION('',(0.,0.,1.));
#6755=DIRECTION('',(-1.,0.,0.));
#6756=DIRECTION('',(0.,0.,1.));
#6757=DIRECTION('',(-1.,0.,0.));
#6758=DIRECTION('',(-1.,0.,0.));
#6759=DIRECTION('',(-1.,0.,0.));
#6760=DIRECTION('',(0.,0.,1.));
#6761=DIRECTION('center_axis',(0.,0.,1.));
#6762=DIRECTION('ref_axis',(1.,0.,0.));
#6763=DIRECTION('center_axis',(0.,0.,-1.));
#6764=DIRECTION('ref_axis',(-1.,0.,0.));
#6765=DIRECTION('',(0.,1.,0.));
#6766=DIRECTION('center_axis',(0.,0.,1.));
#6767=DIRECTION('ref_axis',(1.,0.,0.));
#6768=DIRECTION('center_axis',(0.,0.,-1.));
#6769=DIRECTION('ref_axis',(-1.,0.,0.));
#6770=DIRECTION('center_axis',(0.,0.,1.));
#6771=DIRECTION('ref_axis',(1.,0.,0.));
#6772=DIRECTION('center_axis',(0.,0.,-1.));
#6773=DIRECTION('ref_axis',(-1.,0.,0.));
#6774=DIRECTION('center_axis',(0.,0.,1.));
#6775=DIRECTION('ref_axis',(1.,0.,0.));
#6776=DIRECTION('center_axis',(0.,0.,-1.));
#6777=DIRECTION('ref_axis',(-1.,0.,0.));
#6778=DIRECTION('',(0.,1.,0.));
#6779=DIRECTION('center_axis',(0.,0.,1.));
#6780=DIRECTION('ref_axis',(1.,0.,0.));
#6781=DIRECTION('',(0.,-1.,0.));
#6782=DIRECTION('center_axis',(0.,0.,1.));
#6783=DIRECTION('ref_axis',(1.,0.,0.));
#6784=DIRECTION('',(0.,1.,0.));
#6785=DIRECTION('',(9.65938778262509E-16,1.,0.));
#6786=DIRECTION('center_axis',(1.,0.,0.));
#6787=DIRECTION('ref_axis',(0.,1.,0.));
#6788=DIRECTION('center_axis',(0.,0.,-1.));
#6789=DIRECTION('ref_axis',(-1.,0.,0.));
#6790=DIRECTION('',(6.16790569236198E-16,1.,0.));
#6791=DIRECTION('center_axis',(0.,0.,1.));
#6792=DIRECTION('ref_axis',(0.707106781186548,-0.707106781186548,0.));
#6793=DIRECTION('',(1.,0.,0.));
#6794=DIRECTION('center_axis',(0.,0.,1.));
#6795=DIRECTION('ref_axis',(-0.707106781186548,-0.707106781186548,0.));
#6796=DIRECTION('',(0.,1.,0.));
#6797=DIRECTION('center_axis',(0.,0.,-1.));
#6798=DIRECTION('ref_axis',(-1.,0.,0.));
#6799=DIRECTION('',(0.,1.,0.));
#6800=DIRECTION('',(-1.,0.,0.));
#6801=DIRECTION('center_axis',(0.,0.,1.));
#6802=DIRECTION('ref_axis',(6.01791783804393E-16,1.,0.));
#6803=DIRECTION('',(6.16790569236198E-16,1.,0.));
#6804=DIRECTION('center_axis',(0.,0.,1.));
#6805=DIRECTION('ref_axis',(1.,0.,0.));
#6806=DIRECTION('center_axis',(0.,0.,-1.));
#6807=DIRECTION('ref_axis',(-1.,0.,0.));
#6808=DIRECTION('',(0.,1.,0.));
#6809=DIRECTION('',(1.,0.,0.));
#6810=DIRECTION('center_axis',(0.,0.,1.));
#6811=DIRECTION('ref_axis',(1.,0.,0.));
#6812=DIRECTION('center_axis',(0.,0.,-1.));
#6813=DIRECTION('ref_axis',(-1.,0.,0.));
#6814=DIRECTION('',(1.,0.,0.));
#6815=DIRECTION('',(0.,-1.,0.));
#6816=DIRECTION('center_axis',(0.,0.,1.));
#6817=DIRECTION('ref_axis',(1.,0.,0.));
#6818=DIRECTION('center_axis',(0.,0.,-1.));
#6819=DIRECTION('ref_axis',(-1.,0.,0.));
#6820=DIRECTION('',(0.,-1.,0.));
#6821=DIRECTION('',(-1.,0.,0.));
#6822=DIRECTION('center_axis',(0.,0.,1.));
#6823=DIRECTION('ref_axis',(1.,0.,0.));
#6824=DIRECTION('center_axis',(0.,0.,-1.));
#6825=DIRECTION('ref_axis',(-1.,0.,0.));
#6826=DIRECTION('',(-1.,0.,0.));
#6827=DIRECTION('',(0.,1.,0.));
#6828=DIRECTION('center_axis',(0.,0.,1.));
#6829=DIRECTION('ref_axis',(1.,0.,0.));
#6830=DIRECTION('',(1.,0.,0.));
#6831=DIRECTION('',(0.,-1.,0.));
#6832=DIRECTION('',(-1.,0.,0.));
#6833=DIRECTION('',(0.,-1.,0.));
#6834=DIRECTION('center_axis',(-1.,0.,0.));
#6835=DIRECTION('ref_axis',(0.,-1.,0.));
#6836=DIRECTION('',(0.,0.,1.));
#6837=DIRECTION('',(0.,0.,1.));
#6838=DIRECTION('center_axis',(0.,0.,1.));
#6839=DIRECTION('ref_axis',(1.,0.,0.));
#6840=DIRECTION('',(-1.,0.,0.));
#6841=DIRECTION('',(0.,1.,0.));
#6842=DIRECTION('',(1.,0.,0.));
#6843=DIRECTION('',(0.,1.,0.));
#6844=DIRECTION('center_axis',(1.,0.,0.));
#6845=DIRECTION('ref_axis',(0.,1.,0.));
#6846=DIRECTION('',(0.,0.,1.));
#6847=DIRECTION('',(0.,0.,1.));
#6848=DIRECTION('center_axis',(0.,1.,0.));
#6849=DIRECTION('ref_axis',(-1.,0.,0.));
#6850=DIRECTION('',(0.,0.,1.));
#6851=DIRECTION('',(-1.,0.,0.));
#6852=DIRECTION('',(0.,0.,1.));
#6853=DIRECTION('center_axis',(0.,-1.,0.));
#6854=DIRECTION('ref_axis',(1.,0.,0.));
#6855=DIRECTION('',(0.,0.,1.));
#6856=DIRECTION('',(1.,0.,0.));
#6857=DIRECTION('',(0.,0.,1.));
#6858=DIRECTION('center_axis',(0.,0.,-1.));
#6859=DIRECTION('ref_axis',(-1.,0.,0.));
#6860=DIRECTION('',(0.,1.,0.));
#6861=DIRECTION('center_axis',(0.,0.,-1.));
#6862=DIRECTION('ref_axis',(-0.707106781186541,0.707106781186554,0.));
#6863=DIRECTION('',(1.,0.,0.));
#6864=DIRECTION('',(0.,-1.,0.));
#6865=DIRECTION('center_axis',(0.,0.,-1.));
#6866=DIRECTION('ref_axis',(-1.,0.,0.));
#6867=DIRECTION('',(0.,-1.,0.));
#6868=DIRECTION('center_axis',(0.,0.,1.));
#6869=DIRECTION('ref_axis',(0.707106781186549,-0.707106781186546,0.));
#6870=DIRECTION('',(1.,0.,0.));
#6871=DIRECTION('',(0.,1.,0.));
#6872=DIRECTION('center_axis',(2.44727559082367E-14,0.,-1.));
#6873=DIRECTION('ref_axis',(0.70710678118654,-0.707106781186555,1.73048516570371E-14));
#6874=DIRECTION('',(-2.44727559082367E-14,0.,1.));
#6875=DIRECTION('center_axis',(0.,0.,-1.));
#6876=DIRECTION('ref_axis',(0.70710678118654,-0.707106781186555,0.));
#6877=DIRECTION('',(2.44727559082367E-14,0.,-1.));
#6878=DIRECTION('center_axis',(0.,-1.,0.));
#6879=DIRECTION('ref_axis',(0.,0.,-1.));
#6880=DIRECTION('center_axis',(0.,-1.,0.));
#6881=DIRECTION('ref_axis',(-0.982158878983602,0.,0.188053014955023));
#6882=DIRECTION('center_axis',(-0.546971657354086,0.,0.837151124977637));
#6883=DIRECTION('ref_axis',(0.,-1.,0.));
#6884=DIRECTION('center_axis',(0.,1.,0.));
#6885=DIRECTION('ref_axis',(-0.982158878983602,0.,0.188053014955023));
#6886=DIRECTION('center_axis',(0.546971657354115,0.,-0.837151124977619));
#6887=DIRECTION('ref_axis',(0.591955237349616,-0.707106781186554,0.386767368031936));
#6888=DIRECTION('',(0.546971657354115,0.,-0.837151124977619));
#6889=DIRECTION('center_axis',(0.103144060949811,5.52150785010057E-15,0.994666427849448));
#6890=DIRECTION('ref_axis',(-0.994666427849448,-6.79912188059595E-15,0.103144060949811));
#6891=DIRECTION('center_axis',(-0.707106781186548,0.,-0.707106781186547));
#6892=DIRECTION('ref_axis',(0.499999999999995,-0.707106781186554,-0.499999999999996));
#6893=DIRECTION('',(0.707106781186548,0.,0.707106781186547));
#6894=DIRECTION('',(-0.707106781186548,0.,-0.707106781186547));
#6895=DIRECTION('center_axis',(0.,-1.,0.));
#6896=DIRECTION('ref_axis',(0.,0.,-1.));
#6897=DIRECTION('center_axis',(0.,-1.,0.));
#6898=DIRECTION('ref_axis',(-0.937487777142604,0.,0.348018200254266));
#6899=DIRECTION('center_axis',(-5.55111512312578E-14,0.,1.));
#6900=DIRECTION('ref_axis',(0.,-1.,0.));
#6901=DIRECTION('center_axis',(0.,1.,0.));
#6902=DIRECTION('ref_axis',(-0.937487777142605,0.,0.348018200254266));
#6903=DIRECTION('center_axis',(1.28374506573467E-13,0.,-1.));
#6904=DIRECTION('ref_axis',(0.70710678118654,-0.707106781186555,9.07744841295746E-14));
#6905=DIRECTION('center_axis',(-1.19287270342609E-13,0.,-1.));
#6906=DIRECTION('ref_axis',(0.70710678118654,-0.707106781186555,-8.43488377684909E-14));
#6907=DIRECTION('',(-1.28374506573467E-13,0.,1.));
#6908=DIRECTION('',(1.28374506573467E-13,0.,-1.));
#6909=DIRECTION('center_axis',(-1.,0.,-2.44727559082367E-14));
#6910=DIRECTION('ref_axis',(2.44727559082367E-14,0.,-1.));
#6911=DIRECTION('',(0.,-1.,0.));
#6912=DIRECTION('',(2.35828547453432E-14,0.267214523346705,-0.96363706783861));
#6913=DIRECTION('',(0.,-1.,0.));
#6914=DIRECTION('',(-2.44727559082367E-14,-1.67201339317053E-28,1.));
#6915=DIRECTION('',(0.,1.,0.));
#6916=DIRECTION('center_axis',(0.,1.,0.));
#6917=DIRECTION('ref_axis',(-0.837151124977628,0.,-0.546971657354101));
#6918=DIRECTION('center_axis',(-0.707106781186547,0.,0.707106781186548));
#6919=DIRECTION('ref_axis',(0.707106781186548,0.,0.707106781186547));
#6920=DIRECTION('',(0.,1.,0.));
#6921=DIRECTION('',(-0.211111173372785,0.954392028966259,-0.211111173372785));
#6922=DIRECTION('',(0.,1.,0.));
#6923=DIRECTION('',(-0.707106781186548,0.,-0.707106781186547));
#6924=DIRECTION('center_axis',(0.,1.,0.));
#6925=DIRECTION('ref_axis',(-1.,0.,-5.7706507494641E-14));
#6926=DIRECTION('',(0.,1.,0.));
#6927=DIRECTION('center_axis',(-3.04703444947669E-15,-0.215978893405477,
-0.976398032363516));
#6928=DIRECTION('ref_axis',(-1.24633876309874E-14,-0.976398032363516,0.215978893405477));
#6929=DIRECTION('center_axis',(-1.,0.,-1.28374506573467E-13));
#6930=DIRECTION('ref_axis',(-1.28374506573467E-13,0.,1.));
#6931=DIRECTION('',(0.,1.,0.));
#6932=DIRECTION('',(5.41435827536003E-14,0.90670623520669,-0.421762733106317));
#6933=DIRECTION('center_axis',(1.35925948136602E-13,0.,1.));
#6934=DIRECTION('ref_axis',(-0.707106781186532,-0.707106781186563,9.61141596666001E-14));
#6935=DIRECTION('center_axis',(-1.19287270342609E-13,0.,-1.));
#6936=DIRECTION('ref_axis',(-0.707106781186532,-0.707106781186563,8.43488377684899E-14));
#6937=DIRECTION('',(1.35925948136602E-13,0.,1.));
#6938=DIRECTION('center_axis',(-1.33226762955002E-13,0.,-1.));
#6939=DIRECTION('ref_axis',(0.,-1.,0.));
#6940=DIRECTION('',(-1.35925948136602E-13,0.,-1.));
#6941=DIRECTION('center_axis',(0.,-1.,0.));
#6942=DIRECTION('ref_axis',(0.,0.,-1.));
#6943=DIRECTION('center_axis',(0.,1.,0.));
#6944=DIRECTION('ref_axis',(0.937487777142654,0.,0.348018200254134));
#6945=DIRECTION('center_axis',(0.,-1.,0.));
#6946=DIRECTION('ref_axis',(0.937487777142653,0.,0.348018200254134));
#6947=DIRECTION('center_axis',(-0.707106781186548,0.,0.707106781186547));
#6948=DIRECTION('ref_axis',(-0.499999999999995,-0.707106781186554,-0.499999999999996));
#6949=DIRECTION('',(-0.707106781186548,0.,0.707106781186547));
#6950=DIRECTION('center_axis',(0.10314406094982,0.,-0.994666427849447));
#6951=DIRECTION('ref_axis',(0.994666427849447,0.,0.10314406094982));
#6952=DIRECTION('',(0.707106781186548,0.,-0.707106781186547));
#6953=DIRECTION('center_axis',(0.546971657354111,0.,0.837151124977621));
#6954=DIRECTION('ref_axis',(-0.591955237349617,-0.707106781186555,0.386767368031933));
#6955=DIRECTION('',(0.546971657354111,0.,0.837151124977621));
#6956=DIRECTION('center_axis',(-0.546971657354107,0.,-0.837151124977624));
#6957=DIRECTION('ref_axis',(0.,-1.,0.));
#6958=DIRECTION('',(-0.546971657354111,0.,-0.837151124977621));
#6959=DIRECTION('center_axis',(0.,-1.,0.));
#6960=DIRECTION('ref_axis',(0.,0.,-1.));
#6961=DIRECTION('center_axis',(0.,1.,0.));
#6962=DIRECTION('ref_axis',(0.982158878983596,0.,0.188053014955056));
#6963=DIRECTION('center_axis',(0.,-1.,0.));
#6964=DIRECTION('ref_axis',(0.982158878983596,0.,0.188053014955056));
#6965=DIRECTION('center_axis',(0.,0.,1.));
#6966=DIRECTION('ref_axis',(-0.70710678118654,-0.707106781186555,0.));
#6967=DIRECTION('',(0.,0.,1.));
#6968=DIRECTION('center_axis',(0.,0.,-1.));
#6969=DIRECTION('ref_axis',(-0.70710678118654,-0.707106781186555,0.));
#6970=DIRECTION('',(0.,0.,-1.));
#6971=DIRECTION('center_axis',(0.,0.,1.));
#6972=DIRECTION('ref_axis',(1.,0.,0.));
#6973=DIRECTION('',(-1.,-6.83214182922402E-15,0.));
#6974=DIRECTION('',(0.,-1.,0.));
#6975=DIRECTION('center_axis',(0.,0.,1.));
#6976=DIRECTION('ref_axis',(-1.,-1.18423789293348E-14,0.));
#6977=DIRECTION('',(1.,0.,0.));
#6978=DIRECTION('center_axis',(0.,0.,1.));
#6979=DIRECTION('ref_axis',(0.,-1.,0.));
#6980=DIRECTION('',(4.11930737724365E-17,1.,0.));
#6981=DIRECTION('',(-1.,-1.51825373982756E-15,0.));
#6982=DIRECTION('',(0.,-1.,0.));
#6983=DIRECTION('',(1.,0.,0.));
#6984=DIRECTION('',(0.,-1.,0.));
#6985=DIRECTION('',(1.,0.,0.));
#6986=DIRECTION('center_axis',(0.,0.,1.));
#6987=DIRECTION('ref_axis',(-0.707106781186546,0.707106781186549,0.));
#6988=DIRECTION('',(0.,1.,0.));
#6989=DIRECTION('',(-1.,0.,0.));
#6990=DIRECTION('',(0.,1.,0.));
#6991=DIRECTION('center_axis',(0.,0.,-1.));
#6992=DIRECTION('ref_axis',(0.707106781186546,0.707106781186549,0.));
#6993=DIRECTION('',(-1.,0.,0.));
#6994=DIRECTION('',(0.,1.,0.));
#6995=DIRECTION('',(1.,0.,0.));
#6996=DIRECTION('center_axis',(0.,0.,-1.));
#6997=DIRECTION('ref_axis',(-1.,0.,0.));
#6998=DIRECTION('center_axis',(0.,0.,1.));
#6999=DIRECTION('ref_axis',(-1.,0.,0.));
#7000=DIRECTION('center_axis',(0.,0.,-1.));
#7001=DIRECTION('ref_axis',(1.,0.,0.));
#7002=DIRECTION('center_axis',(0.,0.,-1.));
#7003=DIRECTION('ref_axis',(1.,0.,0.));
#7004=DIRECTION('center_axis',(0.,1.,0.));
#7005=DIRECTION('ref_axis',(1.,0.,0.));
#7006=DIRECTION('',(-1.,0.,1.19287270342609E-13));
#7007=DIRECTION('',(-0.633983173298813,0.,-0.773346840669804));
#7008=DIRECTION('center_axis',(0.,1.,0.));
#7009=DIRECTION('ref_axis',(1.,0.,3.21028344469925E-16));
#7010=DIRECTION('',(0.,0.,-1.));
#7011=DIRECTION('center_axis',(0.,1.,0.));
#7012=DIRECTION('ref_axis',(1.,0.,0.));
#7013=DIRECTION('',(0.,0.,1.));
#7014=DIRECTION('center_axis',(0.,1.,0.));
#7015=DIRECTION('ref_axis',(-0.773346840669803,0.,-0.633983173298814));
#7016=DIRECTION('',(-0.633983173298814,0.,0.773346840669803));
#7017=DIRECTION('',(-1.,0.,1.19287270342609E-13));
#7018=DIRECTION('center_axis',(-1.19287270342609E-13,0.,-1.));
#7019=DIRECTION('ref_axis',(-1.,0.,1.19287270342609E-13));
#7020=DIRECTION('',(0.,1.,0.));
#7021=DIRECTION('',(-1.,0.,1.19287270342609E-13));
#7022=DIRECTION('',(0.,1.,0.));
#7023=DIRECTION('center_axis',(-1.19287270342609E-13,0.,-1.));
#7024=DIRECTION('ref_axis',(-1.,0.,1.19287270342609E-13));
#7025=DIRECTION('',(0.,1.,0.));
#7026=DIRECTION('',(0.,1.,0.));
#7027=DIRECTION('',(-1.,0.,1.19287270342609E-13));
#7028=DIRECTION('center_axis',(0.,1.,0.));
#7029=DIRECTION('ref_axis',(-0.773346840669803,0.,-0.633983173298814));
#7030=DIRECTION('center_axis',(0.,1.,0.));
#7031=DIRECTION('ref_axis',(-0.773346840669803,0.,-0.633983173298814));
#7032=DIRECTION('',(0.,1.,0.));
#7033=DIRECTION('',(0.,1.,0.));
#7034=DIRECTION('center_axis',(-0.773346840669803,0.,-0.633983173298814));
#7035=DIRECTION('ref_axis',(-0.633983173298814,0.,0.773346840669803));
#7036=DIRECTION('',(-0.633983173298814,0.,0.773346840669803));
#7037=DIRECTION('center_axis',(0.773346840669804,0.,-0.633983173298813));
#7038=DIRECTION('ref_axis',(-0.633983173298813,0.,-0.773346840669804));
#7039=DIRECTION('',(-0.633983173298813,0.,-0.773346840669804));
#7040=DIRECTION('',(0.,1.,0.));
#7041=DIRECTION('center_axis',(0.,1.,0.));
#7042=DIRECTION('ref_axis',(1.,0.,3.21028344469925E-16));
#7043=DIRECTION('center_axis',(0.,1.,0.));
#7044=DIRECTION('ref_axis',(1.,0.,3.21028344469925E-16));
#7045=DIRECTION('',(0.,1.,0.));
#7046=DIRECTION('center_axis',(0.837151124977621,0.,-0.546971657354111));
#7047=DIRECTION('ref_axis',(-0.546971657354111,0.,-0.837151124977621));
#7048=DIRECTION('',(0.,1.,0.));
#7049=DIRECTION('',(0.546971657354111,0.,0.837151124977621));
#7050=DIRECTION('',(0.,1.,0.));
#7051=DIRECTION('',(0.,1.,0.));
#7052=DIRECTION('',(0.526813308671466,-0.268980819968903,0.806298366794501));
#7053=DIRECTION('',(0.,1.,0.));
#7054=DIRECTION('',(0.,1.,0.));
#7055=DIRECTION('',(0.,0.,-1.));
#7056=DIRECTION('',(0.,-1.,0.));
#7057=DIRECTION('',(-0.357205895016779,0.757305249386153,-0.546710808213483));
#7058=DIRECTION('center_axis',(0.,1.,0.));
#7059=DIRECTION('ref_axis',(-1.75938851461487E-15,0.,1.));
#7060=DIRECTION('',(0.,1.,0.));
#7061=DIRECTION('center_axis',(1.,0.,0.));
#7062=DIRECTION('ref_axis',(0.,0.,1.));
#7063=DIRECTION('',(0.,0.,-1.));
#7064=DIRECTION('',(0.,1.,0.));
#7065=DIRECTION('',(0.,-0.267214523346705,0.96363706783861));
#7066=DIRECTION('',(-0.670961869520642,0.258487308981262,0.694978043354601));
#7067=DIRECTION('center_axis',(6.65669298491514E-14,0.421762733106344,0.906706235206677));
#7068=DIRECTION('ref_axis',(0.00988790291995107,-0.906661909505943,0.42174211459953));
#7069=DIRECTION('center_axis',(0.707106781186505,0.298231288631232,0.64113812745883));
#7070=DIRECTION('ref_axis',(0.671704979710241,-1.94289029309402E-16,-0.740818749919618));
#7071=DIRECTION('',(-0.707106781186614,0.298231288631258,0.641138127458697));
#7072=DIRECTION('',(-5.41435827536003E-14,-0.90670623520669,0.421762733106317));
#7073=DIRECTION('',(0.707106781186592,-0.298231288631256,-0.641138127458723));
#7074=DIRECTION('center_axis',(2.72502925932732E-12,0.421762733106425,0.90670623520664));
#7075=DIRECTION('ref_axis',(0.00978352388297587,-0.906662840413916,0.421742547619992));
#7076=DIRECTION('',(0.456862924869446,0.8747405695458,-0.161571048985961));
#7077=DIRECTION('',(0.762911647226587,-0.272670770965707,-0.586188083456993));
#7078=DIRECTION('',(-1.16196848311358E-13,-0.906706235206688,0.421762733106321));
#7079=DIRECTION('center_axis',(-0.112448651880872,0.217228496848895,0.969622133022418));
#7080=DIRECTION('ref_axis',(0.993342372540614,-2.42861286636753E-17,0.115199526541497));
#7081=DIRECTION('',(-0.883409061770812,0.424884931039355,-0.197639128101945));
#7082=DIRECTION('',(-0.454910683839568,-0.878797232319525,0.144123884891292));
#7083=DIRECTION('',(0.883409061770812,-0.424884931039355,0.197639128101945));
#7084=DIRECTION('',(-0.883409061771152,0.424884931038828,-0.197639128101557));
#7085=DIRECTION('center_axis',(0.,-0.421762733106317,-0.90670623520669));
#7086=DIRECTION('ref_axis',(0.,0.90670623520669,-0.421762733106317));
#7087=DIRECTION('center_axis',(-8.83300080350405E-13,0.421762733106518,
0.906706235206597));
#7088=DIRECTION('ref_axis',(-0.0388183538015524,-0.906022835901473,0.421444843642903));
#7089=DIRECTION('',(0.628430958831598,-0.705295372377349,0.328074637369447));
#7090=DIRECTION('',(-1.,0.,0.));
#7091=DIRECTION('',(0.326776043446325,0.856929697395317,-0.398608719362153));
#7092=DIRECTION('',(1.,0.,0.));
#7093=DIRECTION('',(-1.,-1.27918292878891E-14,5.95023688202575E-15));
#7094=DIRECTION('center_axis',(0.112448651880876,0.217228496848898,0.969622133022417));
#7095=DIRECTION('ref_axis',(0.993342372540613,-2.08166817117217E-17,-0.115199526541501));
#7096=DIRECTION('',(0.883409061770801,0.424884931039373,-0.197639128101954));
#7097=DIRECTION('',(-0.454910683839596,0.878797232319512,-0.144123884891289));
#7098=DIRECTION('',(-0.883409061770801,-0.424884931039373,0.197639128101954));
#7099=DIRECTION('',(0.762911647226591,0.272670770965709,0.586188083456987));
#7100=DIRECTION('',(0.456862924869489,-0.874740569545778,0.161571048985958));
#7101=DIRECTION('',(-0.883409061770939,-0.424884931039293,0.197639128101509));
#7102=DIRECTION('center_axis',(-0.707106781186497,0.298231288631234,0.641138127458838));
#7103=DIRECTION('ref_axis',(0.67170497971025,2.4980018054066E-16,0.74081874991961));
#7104=DIRECTION('',(-0.707106781186597,-0.298231288631265,-0.641138127458713));
#7105=DIRECTION('',(5.73284993861609E-14,-0.90670623520669,0.421762733106317));
#7106=DIRECTION('',(0.707106781186598,0.298231288631266,0.641138127458711));
#7107=DIRECTION('',(-5.73284993861609E-14,0.90670623520669,-0.421762733106317));
#7108=DIRECTION('',(-1.16196848311358E-13,0.906706235206688,-0.421762733106321));
#7109=DIRECTION('center_axis',(1.28074773030141E-12,0.42176273310615,0.906706235206768));
#7110=DIRECTION('ref_axis',(-0.00988790292098693,-0.906661909506018,0.421742114599343));
#7111=DIRECTION('',(-0.670961869520601,-0.258487308981258,-0.694978043354643));
#7112=DIRECTION('center_axis',(-1.92186274078887E-12,0.421762733106393,
0.906706235206655));
#7113=DIRECTION('ref_axis',(-0.00978352386848909,-0.906662840414056,0.421742547620028));
#7114=DIRECTION('center_axis',(0.,-0.421762733106317,-0.90670623520669));
#7115=DIRECTION('ref_axis',(0.,0.90670623520669,-0.421762733106317));
#7116=DIRECTION('',(-1.,-1.27918292878891E-14,5.95023688202575E-15));
#7117=DIRECTION('',(1.,0.,0.));
#7118=DIRECTION('',(0.326776043446325,-0.856929697395317,0.398608719362153));
#7119=DIRECTION('',(-1.,0.,0.));
#7120=DIRECTION('',(0.628430951842212,0.705295380747872,-0.328074632762737));
#7121=DIRECTION('center_axis',(-4.64068823472994E-13,0.421762733106217,
0.906706235206737));
#7122=DIRECTION('ref_axis',(0.038818353738989,-0.906022835903794,0.421444843643675));
#7123=DIRECTION('center_axis',(3.0470344494767E-15,0.215978893405477,0.976398032363516));
#7124=DIRECTION('ref_axis',(1.,-1.97215226305253E-31,-3.1206888466386E-15));
#7125=DIRECTION('center_axis',(-3.0470344494767E-15,-0.215978893405477,
-0.976398032363516));
#7126=DIRECTION('ref_axis',(6.94291974008819E-16,-0.976398032363516,0.215978893405477));
#7127=DIRECTION('',(-0.211111173372786,-0.954392028966258,0.211111173372786));
#7128=DIRECTION('',(1.,1.27918292878891E-14,-5.95023688202575E-15));
#7129=DIRECTION('',(-0.709613045745511,0.670231891256852,0.217344282763642));
#7130=DIRECTION('center_axis',(-6.8909987600854E-11,-0.948648206911617,
-0.316333019970054));
#7131=DIRECTION('ref_axis',(-0.421578558560245,0.286848214841673,-0.860226493781964));
#7132=DIRECTION('',(-0.659359439820313,0.733775177078743,-0.163765437815498));
#7133=DIRECTION('center_axis',(0.546541113631005,0.619306335983934,0.563695372804439));
#7134=DIRECTION('ref_axis',(0.717946591265451,1.94289029309402E-16,-0.696098191414343));
#7135=DIRECTION('',(-0.437947929573116,0.785113508968762,-0.437947929573116));
#7136=DIRECTION('',(-0.782807767082797,0.616946214390418,0.0811749243558511));
#7137=DIRECTION('',(-0.749781185347771,0.661685857562704,0.));
#7138=DIRECTION('',(-0.526813308671471,-0.268980819968902,0.806298366794498));
#7139=DIRECTION('',(0.650968930838945,-0.73763743173663,0.179249743049717));
#7140=DIRECTION('center_axis',(-1.55615081010881E-11,0.94860749346363,0.31645508898523));
#7141=DIRECTION('ref_axis',(-0.86211000420486,0.16035449184483,-0.480679495709026));
#7142=DIRECTION('center_axis',(0.,-0.948607493460691,-0.316455088994039));
#7143=DIRECTION('ref_axis',(0.,0.316455088994039,-0.948607493460691));
#7144=DIRECTION('',(-1.,0.,0.));
#7145=DIRECTION('',(0.688218255531702,-0.229589341010864,0.688218255531702));
#7146=DIRECTION('',(-0.526813308671463,-0.268980819968903,0.806298366794503));
#7147=DIRECTION('',(1.,0.,0.));
#7148=DIRECTION('',(0.613882863404833,0.249808739259433,-0.748828033534733));
#7149=DIRECTION('center_axis',(0.,-0.948607493460691,-0.316455088994039));
#7150=DIRECTION('ref_axis',(2.28949104472178E-16,0.316455088994039,-0.948607493460691));
#7151=DIRECTION('',(1.,0.,0.));
#7152=DIRECTION('center_axis',(0.567510765328227,0.761334750186682,-0.313529790282762));
#7153=DIRECTION('ref_axis',(-0.483574359752522,-3.05311331771918E-16,-0.875303283776508));
#7154=DIRECTION('',(-0.688218255531702,0.229589341010864,-0.688218255531702));
#7155=DIRECTION('',(-0.782807767082797,0.616946214390418,0.0811749243558518));
#7156=DIRECTION('',(-0.80176084305573,0.597645003779471,0.));
#7157=DIRECTION('center_axis',(0.707106781186548,0.,-0.707106781186548));
#7158=DIRECTION('ref_axis',(-0.707106781186548,0.,-0.707106781186548));
#7159=DIRECTION('',(0.707106781186547,0.,0.707106781186547));
#7160=DIRECTION('',(0.,1.,0.));
#7161=DIRECTION('',(-0.437947929573118,0.78511350896876,-0.437947929573118));
#7162=DIRECTION('center_axis',(0.,0.,1.));
#7163=DIRECTION('ref_axis',(1.,0.,0.));
#7164=DIRECTION('center_axis',(-0.546541113631,0.619306335983943,0.563695372804434));
#7165=DIRECTION('ref_axis',(0.717946591265452,4.16333634234434E-16,0.696098191414343));
#7166=DIRECTION('',(0.650968930838952,0.737637431736623,-0.179249743049721));
#7167=DIRECTION('',(-0.526813308671466,0.268980819968903,-0.806298366794501));
#7168=DIRECTION('',(-0.749781185347779,-0.661685857562696,0.));
#7169=DIRECTION('',(-0.7828077670828,-0.616946214390416,-0.0811749243558405));
#7170=DIRECTION('',(-0.437947929573122,-0.785113508968755,0.437947929573122));
#7171=DIRECTION('',(-0.709613045745478,-0.670231891256886,-0.217344282763647));
#7172=DIRECTION('',(-0.659359439820314,-0.733775177078742,0.1637654378155));
#7173=DIRECTION('center_axis',(-8.6729036178983E-11,-0.948648206887382,
-0.316333020042731));
#7174=DIRECTION('ref_axis',(0.43480428964818,0.284865784772648,-0.854281402331459));
#7175=DIRECTION('center_axis',(1.43988103016362E-11,0.948607493463407,0.316455088985898));
#7176=DIRECTION('ref_axis',(0.84998430615954,0.166711075636081,-0.499734025800472));
#7177=DIRECTION('center_axis',(0.707106781186548,0.,0.707106781186548));
#7178=DIRECTION('ref_axis',(0.707106781186548,0.,-0.707106781186548));
#7179=DIRECTION('',(-0.688218255531702,-0.229589341010864,0.688218255531702));
#7180=DIRECTION('',(-0.437947929573118,-0.78511350896876,0.437947929573118));
#7181=DIRECTION('',(0.,1.,0.));
#7182=DIRECTION('',(-0.707106781186547,0.,0.707106781186547));
#7183=DIRECTION('center_axis',(-0.567510765328227,0.761334750186682,-0.313529790282762));
#7184=DIRECTION('ref_axis',(-0.483574359752522,3.05311331771918E-16,0.875303283776508));
#7185=DIRECTION('',(-0.80176084305573,-0.597645003779471,0.));
#7186=DIRECTION('',(0.688218255531702,0.229589341010864,-0.688218255531702));
#7187=DIRECTION('',(-0.782807767082797,-0.616946214390418,-0.0811749243558518));
#7188=DIRECTION('center_axis',(0.,0.,1.));
#7189=DIRECTION('ref_axis',(1.,0.,0.));
#7190=DIRECTION('',(-1.,0.,0.));
#7191=DIRECTION('center_axis',(0.,-0.948607493460691,-0.316455088994039));
#7192=DIRECTION('ref_axis',(0.,0.316455088994039,-0.948607493460691));
#7193=DIRECTION('',(1.,0.,0.));
#7194=DIRECTION('center_axis',(0.,-0.948607493460691,-0.316455088994039));
#7195=DIRECTION('ref_axis',(-2.28949104472178E-16,0.316455088994039,-0.948607493460691));
#7196=DIRECTION('',(0.613882863404833,-0.249808739259433,0.748828033534733));
#7197=DIRECTION('',(1.,0.,0.));
#7198=DIRECTION('',(-0.526813308671463,0.268980819968903,-0.806298366794503));
#7199=DIRECTION('center_axis',(0.,-0.948648206900877,-0.316333020002261));
#7200=DIRECTION('ref_axis',(0.,0.316333020002261,-0.948648206900877));
#7201=DIRECTION('',(1.,0.,0.));
#7202=DIRECTION('',(-1.40103570936759E-16,-0.316333020002261,0.948648206900877));
#7203=DIRECTION('center_axis',(0.,-0.948648206900877,-0.316333020002261));
#7204=DIRECTION('ref_axis',(-2.28958930776244E-16,0.316333020002261,-0.948648206900877));
#7205=DIRECTION('center_axis',(0.,1.,-1.33226762955002E-14));
#7206=DIRECTION('ref_axis',(0.898233823944531,-5.85555490634564E-15,-0.439517914904484));
#7207=DIRECTION('center_axis',(0.,1.,-1.35964316832284E-14));
#7208=DIRECTION('ref_axis',(0.898233823944531,-5.97587530355381E-15,-0.439517914904484));
#7209=DIRECTION('center_axis',(0.,-1.,1.35964316832284E-14));
#7210=DIRECTION('ref_axis',(0.898233823944531,-5.97587530355381E-15,-0.439517914904484));
#7211=DIRECTION('center_axis',(0.,1.,0.));
#7212=DIRECTION('ref_axis',(0.898233823944531,0.,-0.439517914904484));
#7213=DIRECTION('',(0.,1.,0.));
#7214=DIRECTION('center_axis',(0.,1.,0.));
#7215=DIRECTION('ref_axis',(0.898233823944531,0.,-0.439517914904484));
#7216=DIRECTION('',(0.,1.,0.));
#7217=DIRECTION('center_axis',(0.218326101038154,0.,-0.975875869978082));
#7218=DIRECTION('ref_axis',(-0.975875869978082,0.,-0.218326101038154));
#7219=DIRECTION('',(0.,1.,0.));
#7220=DIRECTION('',(-0.975875869978082,0.,-0.218326101038154));
#7221=DIRECTION('',(-0.784788078361799,0.571763278355449,0.23915356067896));
#7222=DIRECTION('center_axis',(0.837151124950041,4.43058844645602E-11,0.546971657396323));
#7223=DIRECTION('ref_axis',(0.414437471880246,-0.652609294454697,-0.634304887804637));
#7224=DIRECTION('',(-0.790813316640091,0.556404105229007,0.255007391871311));
#7225=DIRECTION('center_axis',(-0.823685178659163,0.0157497120871969,-0.566828609922253));
#7226=DIRECTION('ref_axis',(0.565429043201883,0.0982802980048512,-0.818920618941714));
#7227=DIRECTION('',(-0.64411194621219,0.745292930020292,-0.172215705464145));
#7228=DIRECTION('',(0.650968930855124,-0.737637431735468,0.179249742995741));
#7229=DIRECTION('',(0.526813308661427,0.268980820034774,-0.806298366779086));
#7230=DIRECTION('center_axis',(0.546541113631007,0.619306335983936,0.563695372804434));
#7231=DIRECTION('ref_axis',(0.717946591265447,-1.11022302462516E-16,-0.696098191414347));
#7232=DIRECTION('',(0.526813308671463,0.268980819968903,-0.806298366794503));
#7233=DIRECTION('',(-0.821522075979594,0.462094693353443,0.334020917088685));
#7234=DIRECTION('center_axis',(0.837151124977623,0.,0.546971657354108));
#7235=DIRECTION('ref_axis',(0.546971657354108,0.,-0.837151124977623));
#7236=DIRECTION('',(-0.546971657354108,0.,0.837151124977623));
#7237=DIRECTION('',(0.,1.,0.));
#7238=DIRECTION('center_axis',(3.04703444947669E-15,0.215978893405477,0.976398032363516));
#7239=DIRECTION('ref_axis',(1.,-1.97215226305253E-31,-3.12068884663859E-15));
#7240=DIRECTION('',(1.,1.27918292878891E-14,-5.95023688202575E-15));
#7241=DIRECTION('center_axis',(-5.95023688202575E-15,0.,-1.));
#7242=DIRECTION('ref_axis',(-1.,0.,5.95023688202575E-15));
#7243=DIRECTION('',(0.893606906722499,0.44885041635031,5.31717277441316E-15));
#7244=DIRECTION('',(0.,1.,0.));
#7245=DIRECTION('',(1.,0.,0.));
#7246=DIRECTION('',(0.644111946212229,0.745292930020261,-0.172215705464132));
#7247=DIRECTION('',(0.526813308661433,-0.268980820034778,0.80629836677908));
#7248=DIRECTION('',(-0.650968930838948,-0.737637431736628,0.179249743049713));
#7249=DIRECTION('',(0.784788078361846,0.571763278355379,0.239153560678969));
#7250=DIRECTION('center_axis',(-0.546541113631007,0.619306335983936,0.563695372804434));
#7251=DIRECTION('ref_axis',(0.717946591265447,1.11022302462516E-16,0.696098191414347));
#7252=DIRECTION('',(0.526813308671463,-0.268980819968903,0.806298366794503));
#7253=DIRECTION('center_axis',(0.823685587584592,0.0157502945979605,-0.566827999507349));
#7254=DIRECTION('ref_axis',(0.56704213269573,-0.0269263541408939,0.82324855979258));
#7255=DIRECTION('',(-0.790813316640071,-0.556404105229038,-0.255007391871303));
#7256=DIRECTION('center_axis',(-0.837151124972648,8.43983179321289E-12,
0.546971657361723));
#7257=DIRECTION('ref_axis',(-0.404869397848747,-0.672384797220242,-0.61966075811906));
#7258=DIRECTION('',(-0.821522075979594,-0.462094693353451,-0.334020917088674));
#7259=DIRECTION('center_axis',(0.837151124977623,0.,-0.546971657354108));
#7260=DIRECTION('ref_axis',(-0.546971657354108,0.,-0.837151124977623));
#7261=DIRECTION('',(0.,1.,0.));
#7262=DIRECTION('',(0.546971657354108,0.,0.837151124977623));
#7263=DIRECTION('center_axis',(0.707106781186547,0.,0.707106781186548));
#7264=DIRECTION('ref_axis',(0.707106781186548,0.,-0.707106781186547));
#7265=DIRECTION('',(-0.707106781186548,0.,0.707106781186547));
#7266=DIRECTION('',(0.,-1.,0.));
#7267=DIRECTION('',(0.,1.,0.));
#7268=DIRECTION('center_axis',(0.,1.,0.));
#7269=DIRECTION('ref_axis',(0.652525617922876,0.,0.757766664583742));
#7270=DIRECTION('',(0.,1.,0.));
#7271=DIRECTION('center_axis',(0.,0.,1.));
#7272=DIRECTION('ref_axis',(1.,0.,0.));
#7273=DIRECTION('',(1.,0.,0.));
#7274=DIRECTION('',(-1.,-1.51825373982756E-15,0.));
#7275=DIRECTION('',(4.11930737724365E-17,1.,0.));
#7276=DIRECTION('center_axis',(0.,0.,1.));
#7277=DIRECTION('ref_axis',(0.,-1.,0.));
#7278=DIRECTION('',(1.,0.,0.));
#7279=DIRECTION('center_axis',(0.,0.,1.));
#7280=DIRECTION('ref_axis',(-1.,-1.18423789293348E-14,0.));
#7281=DIRECTION('',(0.,-1.,0.));
#7282=DIRECTION('',(-1.,-6.83214182922402E-15,0.));
#7283=DIRECTION('',(1.,0.,0.));
#7284=DIRECTION('center_axis',(0.,0.,-1.));
#7285=DIRECTION('ref_axis',(-6.01791783804393E-16,1.,0.));
#7286=DIRECTION('',(0.,1.,0.));
#7287=DIRECTION('center_axis',(0.,0.,-1.));
#7288=DIRECTION('ref_axis',(-0.707106781186549,-0.707106781186546,0.));
#7289=DIRECTION('',(-1.,0.,0.));
#7290=DIRECTION('center_axis',(0.,0.,-1.));
#7291=DIRECTION('ref_axis',(0.707106781186549,-0.707106781186546,0.));
#7292=DIRECTION('',(0.,-1.,0.));
#7293=DIRECTION('center_axis',(0.,0.,-1.));
#7294=DIRECTION('ref_axis',(6.01791783804393E-16,1.,0.));
#7295=DIRECTION('center_axis',(1.51825373982756E-15,-1.,0.));
#7296=DIRECTION('ref_axis',(-1.,-1.51825373982756E-15,0.));
#7297=DIRECTION('',(0.,0.,-1.));
#7298=DIRECTION('',(0.,0.,-1.));
#7299=DIRECTION('center_axis',(-1.,4.11930737724365E-17,0.));
#7300=DIRECTION('ref_axis',(4.11930737724365E-17,1.,0.));
#7301=DIRECTION('',(0.,0.,-1.));
#7302=DIRECTION('center_axis',(0.,0.,-1.));
#7303=DIRECTION('ref_axis',(0.,-1.,0.));
#7304=DIRECTION('',(0.,0.,-1.));
#7305=DIRECTION('center_axis',(0.,1.,0.));
#7306=DIRECTION('ref_axis',(1.,0.,0.));
#7307=DIRECTION('',(0.,0.,-1.));
#7308=DIRECTION('center_axis',(0.,0.,-1.));
#7309=DIRECTION('ref_axis',(-1.,-1.18423789293348E-14,0.));
#7310=DIRECTION('',(0.,0.,-1.));
#7311=DIRECTION('center_axis',(1.,0.,0.));
#7312=DIRECTION('ref_axis',(0.,-1.,0.));
#7313=DIRECTION('',(0.,0.,-1.));
#7314=DIRECTION('',(0.,0.,-1.));
#7315=DIRECTION('center_axis',(6.83214182922402E-15,-1.,0.));
#7316=DIRECTION('ref_axis',(-1.,-6.83214182922402E-15,0.));
#7317=DIRECTION('center_axis',(0.,-0.96363706783861,-0.267214523346705));
#7318=DIRECTION('ref_axis',(0.,0.267214523346705,-0.96363706783861));
#7319=DIRECTION('',(-1.42317239740826E-16,-0.267214523346705,0.96363706783861));
#7320=DIRECTION('',(0.,0.267214523346705,-0.96363706783861));
#7321=DIRECTION('',(1.,0.,0.));
#7322=DIRECTION('',(-1.42317239740826E-16,-0.267214523346705,0.96363706783861));
#7323=DIRECTION('center_axis',(-1.42317239740826E-16,-0.267214523346705,
0.96363706783861));
#7324=DIRECTION('ref_axis',(0.707106781186548,0.681394305271402,0.188949201489986));
#7325=DIRECTION('',(1.42317239740826E-16,0.267214523346705,-0.96363706783861));
#7326=DIRECTION('center_axis',(-3.41992658315293E-15,0.291870005867707,
-0.956457996816789));
#7327=DIRECTION('ref_axis',(1.38601180223575E-13,0.956457996816789,0.291870005867707));
#7328=DIRECTION('center_axis',(0.,0.,-1.));
#7329=DIRECTION('ref_axis',(6.01791783804393E-16,1.,0.));
#7330=DIRECTION('',(-1.42317239740826E-16,-0.267214523346705,0.96363706783861));
#7331=DIRECTION('center_axis',(1.,0.,1.47687593691302E-16));
#7332=DIRECTION('ref_axis',(1.47687593691302E-16,0.,-1.));
#7333=DIRECTION('',(-1.47687593691302E-16,0.,1.));
#7334=DIRECTION('',(0.,-1.,0.));
#7335=DIRECTION('',(1.40103570936759E-16,0.316333020002261,-0.948648206900877));
#7336=DIRECTION('center_axis',(-1.47687593691302E-16,0.,1.));
#7337=DIRECTION('ref_axis',(0.707106781186549,-0.707106781186546,1.04430898996243E-16));
#7338=DIRECTION('',(1.47687593691302E-16,0.,-1.));
#7339=DIRECTION('',(1.47687593691302E-16,0.,-1.));
#7340=DIRECTION('center_axis',(0.,0.,-1.));
#7341=DIRECTION('ref_axis',(0.707106781186549,-0.707106781186546,0.));
#7342=DIRECTION('',(1.47687593691302E-16,0.,-1.));
#7343=DIRECTION('center_axis',(-5.55111512312576E-16,0.,-1.));
#7344=DIRECTION('ref_axis',(1.,0.,-5.55111512312576E-16));
#7345=DIRECTION('center_axis',(0.,-1.,0.));
#7346=DIRECTION('ref_axis',(0.,0.,-1.));
#7347=DIRECTION('',(2.95375187382604E-16,0.,1.));
#7348=DIRECTION('',(0.,0.,-1.));
#7349=DIRECTION('',(-1.,0.,0.));
#7350=DIRECTION('',(2.95375187382604E-16,0.,1.));
#7351=DIRECTION('center_axis',(0.,1.,0.));
#7352=DIRECTION('ref_axis',(-0.973054236729527,0.,-0.230576348272577));
#7353=DIRECTION('',(-1.,0.,0.));
#7354=DIRECTION('center_axis',(0.,1.,0.));
#7355=DIRECTION('ref_axis',(0.973054236729527,0.,-0.230576348272577));
#7356=DIRECTION('',(-1.,0.,0.));
#7357=DIRECTION('',(0.,0.,1.));
#7358=DIRECTION('center_axis',(0.,1.,0.));
#7359=DIRECTION('ref_axis',(1.,0.,0.));
#7360=DIRECTION('',(0.,0.,1.));
#7361=DIRECTION('center_axis',(0.,1.,0.));
#7362=DIRECTION('ref_axis',(-1.,0.,0.));
#7363=DIRECTION('',(0.,0.,-1.));
#7364=DIRECTION('',(0.,0.,-1.));
#7365=DIRECTION('center_axis',(0.,1.,0.));
#7366=DIRECTION('ref_axis',(1.,0.,0.));
#7367=DIRECTION('',(0.,0.,1.));
#7368=DIRECTION('center_axis',(0.,1.,0.));
#7369=DIRECTION('ref_axis',(-1.,0.,1.70803542250024E-16));
#7370=DIRECTION('center_axis',(-2.95375187382604E-16,0.,-1.));
#7371=DIRECTION('ref_axis',(-0.707106781186549,-0.707106781186546,2.08861797992487E-16));
#7372=DIRECTION('',(-2.95375187382604E-16,0.,-1.));
#7373=DIRECTION('center_axis',(5.55111512312578E-16,0.,-1.));
#7374=DIRECTION('ref_axis',(0.,-1.,0.));
#7375=DIRECTION('center_axis',(0.,0.,-1.));
#7376=DIRECTION('ref_axis',(-0.707106781186549,-0.707106781186546,0.));
#7377=DIRECTION('',(2.95375187382604E-16,0.,1.));
#7378=DIRECTION('center_axis',(-1.,0.,2.95375187382604E-16));
#7379=DIRECTION('ref_axis',(2.95375187382604E-16,0.,1.));
#7380=DIRECTION('',(2.84634479481653E-16,-0.267214523346705,0.96363706783861));
#7381=DIRECTION('',(2.80207141873518E-16,-0.316333020002261,0.948648206900877));
#7382=DIRECTION('',(0.,1.,0.));
#7383=DIRECTION('center_axis',(-2.84634479481653E-16,0.267214523346705,
-0.96363706783861));
#7384=DIRECTION('ref_axis',(-0.707106781186548,0.681394305271402,0.188949201489986));
#7385=DIRECTION('',(-2.84634479481653E-16,0.267214523346705,-0.96363706783861));
#7386=DIRECTION('',(-2.84634479481653E-16,0.267214523346705,-0.96363706783861));
#7387=DIRECTION('center_axis',(0.,0.,-1.));
#7388=DIRECTION('ref_axis',(-6.01791783804393E-16,1.,0.));
#7389=DIRECTION('',(-2.84634479481653E-16,0.267214523346705,-0.96363706783861));
#7390=DIRECTION('center_axis',(4.24752676061141E-15,0.291870005867715,-0.956457996816787));
#7391=DIRECTION('ref_axis',(1.76277699668324E-13,-0.956457996816786,-0.291870005867715));
#7392=DIRECTION('center_axis',(0.,-0.96363706783861,-0.267214523346705));
#7393=DIRECTION('ref_axis',(0.,0.267214523346705,-0.96363706783861));
#7394=DIRECTION('',(1.,0.,0.));
#7395=DIRECTION('',(1.,0.,0.));
#7396=DIRECTION('',(0.,-0.267214523346705,0.96363706783861));
#7397=DIRECTION('center_axis',(0.773346840669804,0.,-0.633983173298814));
#7398=DIRECTION('ref_axis',(0.633983173298814,0.,0.773346840669804));
#7399=DIRECTION('',(0.,1.,0.));
#7400=DIRECTION('',(0.633983173298814,0.,0.773346840669804));
#7401=DIRECTION('',(0.,1.,0.));
#7402=DIRECTION('center_axis',(0.,1.,0.));
#7403=DIRECTION('ref_axis',(1.,0.,0.));
#7404=DIRECTION('',(0.,0.,1.));
#7405=DIRECTION('',(1.,0.,0.));
#7406=DIRECTION('',(0.,0.,-1.));
#7407=DIRECTION('center_axis',(0.,0.707106781186548,-0.707106781186548));
#7408=DIRECTION('ref_axis',(-1.,0.,0.));
#7409=DIRECTION('',(0.,0.707106781186547,0.707106781186547));
#7410=DIRECTION('',(1.,0.,0.));
#7411=DIRECTION('',(0.,-0.707106781186547,-0.707106781186547));
#7412=DIRECTION('center_axis',(1.,0.,0.));
#7413=DIRECTION('ref_axis',(0.,-1.,0.));
#7414=DIRECTION('',(0.,0.,1.));
#7415=DIRECTION('',(0.,-1.,0.));
#7416=DIRECTION('',(0.,0.,-1.));
#7417=DIRECTION('center_axis',(0.,-1.,0.));
#7418=DIRECTION('ref_axis',(0.,0.,-1.));
#7419=DIRECTION('',(0.,0.,-1.));
#7420=DIRECTION('',(0.707106781186548,0.,-0.707106781186547));
#7421=DIRECTION('',(1.,0.,0.));
#7422=DIRECTION('',(-1.47687593691302E-16,0.,1.));
#7423=DIRECTION('center_axis',(0.,-1.,0.));
#7424=DIRECTION('ref_axis',(0.941633378940499,0.,-0.336640133770616));
#7425=DIRECTION('',(-1.,0.,0.));
#7426=DIRECTION('center_axis',(0.,-1.,0.));
#7427=DIRECTION('ref_axis',(-0.941633378940499,0.,-0.336640133770616));
#7428=DIRECTION('',(-2.95375187382604E-16,0.,-1.));
#7429=DIRECTION('',(1.,0.,0.));
#7430=DIRECTION('',(0.707106781186548,0.,0.707106781186547));
#7431=DIRECTION('',(-6.66133814773527E-14,0.,1.));
#7432=DIRECTION('center_axis',(0.,-1.,0.));
#7433=DIRECTION('ref_axis',(0.,0.,1.));
#7434=DIRECTION('',(-1.,0.,-4.92314522482155E-13));
#7435=DIRECTION('center_axis',(0.,-1.,0.));
#7436=DIRECTION('ref_axis',(-1.,0.,0.));
#7437=DIRECTION('',(-5.71764857680611E-13,0.,-1.));
#7438=DIRECTION('center_axis',(0.,-1.,0.));
#7439=DIRECTION('ref_axis',(0.,0.,-1.));
#7440=DIRECTION('',(1.,0.,4.92661467177275E-13));
#7441=DIRECTION('center_axis',(0.,-1.,0.));
#7442=DIRECTION('ref_axis',(1.,0.,0.));
#7443=DIRECTION('center_axis',(0.,-1.,0.));
#7444=DIRECTION('ref_axis',(1.,0.,0.));
#7445=DIRECTION('',(0.,0.,1.));
#7446=DIRECTION('center_axis',(0.,-1.,0.));
#7447=DIRECTION('ref_axis',(-1.,0.,0.));
#7448=DIRECTION('',(0.,0.,-1.));
#7449=DIRECTION('',(0.,0.,1.));
#7450=DIRECTION('center_axis',(0.,-1.,0.));
#7451=DIRECTION('ref_axis',(-1.,0.,1.70803542250024E-16));
#7452=DIRECTION('',(0.,0.,-1.));
#7453=DIRECTION('center_axis',(0.,-1.,0.));
#7454=DIRECTION('ref_axis',(1.,0.,0.));
#7455=DIRECTION('center_axis',(0.707106781186548,0.,0.707106781186547));
#7456=DIRECTION('ref_axis',(0.707106781186547,0.,-0.707106781186548));
#7457=DIRECTION('',(0.707106781186547,0.,-0.707106781186548));
#7458=DIRECTION('',(0.,-1.,0.));
#7459=DIRECTION('',(-0.707106781186547,0.,0.707106781186548));
#7460=DIRECTION('',(0.,1.,0.));
#7461=DIRECTION('center_axis',(1.,0.,0.));
#7462=DIRECTION('ref_axis',(0.,-1.,0.));
#7463=DIRECTION('',(0.,0.,-1.));
#7464=DIRECTION('',(0.,0.,-1.));
#7465=DIRECTION('center_axis',(0.,-1.,0.));
#7466=DIRECTION('ref_axis',(-1.,0.,0.));
#7467=DIRECTION('',(-1.47687593691302E-16,0.,1.));
#7468=DIRECTION('',(-1.,0.,0.));
#7469=DIRECTION('',(0.,0.,1.));
#7470=DIRECTION('center_axis',(0.707106781186548,0.,-0.707106781186547));
#7471=DIRECTION('ref_axis',(-0.707106781186547,0.,-0.707106781186548));
#7472=DIRECTION('',(0.707106781186547,0.,0.707106781186548));
#7473=DIRECTION('',(0.,-1.,0.));
#7474=DIRECTION('',(-0.707106781186547,0.,-0.707106781186548));
#7475=DIRECTION('',(0.,-1.,0.));
#7476=DIRECTION('center_axis',(1.,0.,0.));
#7477=DIRECTION('ref_axis',(0.,-1.,0.));
#7478=DIRECTION('',(1.46953422229633E-15,0.,1.));
#7479=DIRECTION('',(0.,0.,1.));
#7480=DIRECTION('center_axis',(-1.,0.,2.95375187382604E-16));
#7481=DIRECTION('ref_axis',(-2.95375187382604E-16,0.,-1.));
#7482=DIRECTION('',(-2.95375187382604E-16,0.,-1.));
#7483=DIRECTION('',(-2.08861797992487E-16,-0.707106781186548,-0.707106781186547));
#7484=DIRECTION('',(0.,-1.,0.));
#7485=DIRECTION('',(0.,1.,0.));
#7486=DIRECTION('',(-2.95375187382604E-16,0.,-1.));
#7487=DIRECTION('center_axis',(0.,1.,0.));
#7488=DIRECTION('ref_axis',(1.,0.,0.));
#7489=DIRECTION('',(0.,0.,1.));
#7490=DIRECTION('',(1.,0.,0.));
#7491=DIRECTION('center_axis',(0.,0.,-1.));
#7492=DIRECTION('ref_axis',(1.,0.,0.));
#7493=DIRECTION('',(0.,0.,-1.));
#7494=DIRECTION('center_axis',(0.,0.,-1.));
#7495=DIRECTION('ref_axis',(0.707106781186541,0.707106781186554,0.));
#7496=DIRECTION('center_axis',(0.,0.,1.));
#7497=DIRECTION('ref_axis',(0.707106781186541,0.707106781186554,0.));
#7498=DIRECTION('',(0.,0.,1.));
#7499=DIRECTION('',(0.,0.,-1.));
#7500=DIRECTION('center_axis',(0.,0.,1.));
#7501=DIRECTION('ref_axis',(1.,0.,0.));
#7502=DIRECTION('',(-1.,0.,0.));
#7503=DIRECTION('',(0.,-1.,0.));
#7504=DIRECTION('',(0.,1.,0.));
#7505=DIRECTION('center_axis',(0.,-1.,0.));
#7506=DIRECTION('ref_axis',(-1.,0.,0.));
#7507=DIRECTION('',(2.95375187382604E-16,0.,1.));
#7508=DIRECTION('center_axis',(-1.,0.,0.));
#7509=DIRECTION('ref_axis',(0.,1.,0.));
#7510=DIRECTION('center_axis',(0.,0.,-1.));
#7511=DIRECTION('ref_axis',(0.707106781186546,0.707106781186549,0.));
#7512=DIRECTION('center_axis',(0.,-0.707106781186547,0.707106781186548));
#7513=DIRECTION('ref_axis',(-1.12149461334555E-16,0.707106781186548,0.707106781186547));
#7514=DIRECTION('center_axis',(-0.707106781186547,0.,0.707106781186548));
#7515=DIRECTION('ref_axis',(0.707106781186548,0.,0.707106781186547));
#7516=DIRECTION('center_axis',(0.,0.707106781186547,-0.707106781186548));
#7517=DIRECTION('ref_axis',(-1.,0.,0.));
#7518=DIRECTION('',(0.577350269189626,0.577350269189626,0.577350269189626));
#7519=DIRECTION('',(-1.,0.,0.));
#7520=DIRECTION('center_axis',(0.707106781186547,0.,-0.707106781186548));
#7521=DIRECTION('ref_axis',(-0.707106781186548,0.,-0.707106781186547));
#7522=DIRECTION('',(0.,1.,0.));
#7523=DIRECTION('center_axis',(0.,0.,-1.));
#7524=DIRECTION('ref_axis',(-1.,0.,0.));
#7525=DIRECTION('center_axis',(-1.,0.,2.95375187382604E-16));
#7526=DIRECTION('ref_axis',(-2.95375187382604E-16,0.,-1.));
#7527=DIRECTION('center_axis',(0.,0.,1.));
#7528=DIRECTION('ref_axis',(-1.,0.,0.));
#7529=DIRECTION('',(0.,0.,1.));
#7530=DIRECTION('center_axis',(0.,0.,1.));
#7531=DIRECTION('ref_axis',(-0.707106781186541,0.707106781186554,0.));
#7532=DIRECTION('center_axis',(0.,0.,-1.));
#7533=DIRECTION('ref_axis',(-0.707106781186541,0.707106781186554,0.));
#7534=DIRECTION('',(0.,0.,-1.));
#7535=DIRECTION('',(0.,0.,1.));
#7536=DIRECTION('center_axis',(0.,0.,-1.));
#7537=DIRECTION('ref_axis',(-1.,0.,0.));
#7538=DIRECTION('',(0.,-1.,0.));
#7539=DIRECTION('',(0.,-1.,0.));
#7540=DIRECTION('',(1.,0.,0.));
#7541=DIRECTION('center_axis',(0.,1.,0.));
#7542=DIRECTION('ref_axis',(1.,0.,0.));
#7543=DIRECTION('',(1.47687593691302E-16,0.,-1.));
#7544=DIRECTION('center_axis',(1.,0.,0.));
#7545=DIRECTION('ref_axis',(0.,-1.,0.));
#7546=DIRECTION('',(0.,0.,-1.));
#7547=DIRECTION('',(0.,-1.,0.));
#7548=DIRECTION('center_axis',(-1.,0.,0.));
#7549=DIRECTION('ref_axis',(0.,1.,0.));
#7550=DIRECTION('center_axis',(0.,0.,1.));
#7551=DIRECTION('ref_axis',(-0.707106781186546,0.707106781186549,0.));
#7552=DIRECTION('center_axis',(0.,0.707106781186547,-0.707106781186548));
#7553=DIRECTION('ref_axis',(1.12149461334555E-16,0.707106781186548,0.707106781186547));
#7554=DIRECTION('center_axis',(-0.707106781186547,0.,-0.707106781186548));
#7555=DIRECTION('ref_axis',(-0.707106781186548,0.,0.707106781186547));
#7556=DIRECTION('center_axis',(0.,-0.707106781186547,0.707106781186548));
#7557=DIRECTION('ref_axis',(1.,0.,0.));
#7558=DIRECTION('',(-1.04430898996243E-16,0.707106781186548,0.707106781186547));
#7559=DIRECTION('',(1.,0.,0.));
#7560=DIRECTION('',(-0.577350269189626,0.577350269189626,0.577350269189626));
#7561=DIRECTION('center_axis',(0.707106781186547,0.,0.707106781186548));
#7562=DIRECTION('ref_axis',(0.707106781186548,0.,-0.707106781186547));
#7563=DIRECTION('',(0.,1.,0.));
#7564=DIRECTION('center_axis',(0.,0.,1.));
#7565=DIRECTION('ref_axis',(1.,0.,0.));
#7566=DIRECTION('',(0.,1.,0.));
#7567=DIRECTION('center_axis',(1.,0.,1.47687593691302E-16));
#7568=DIRECTION('ref_axis',(-1.47687593691302E-16,0.,1.));
#7569=DIRECTION('',(-0.214538055575073,-0.907116355424069,0.362095761411564));
#7570=DIRECTION('',(0.886319820936074,0.241605164217172,-0.395049515427419));
#7571=DIRECTION('',(-0.903875869049177,0.,0.427794826231683));
#7572=DIRECTION('center_axis',(0.,-0.382683432365088,-0.923879532511288));
#7573=DIRECTION('ref_axis',(-1.,0.,0.));
#7574=DIRECTION('',(0.,-0.923879532511288,0.382683432365088));
#7575=DIRECTION('',(-1.,0.,0.));
#7576=DIRECTION('',(0.,0.923879532511288,-0.382683432365088));
#7577=DIRECTION('',(0.886319820936074,-0.241605164217172,0.395049515427419));
#7578=DIRECTION('',(-0.214538055575073,0.90711635542407,-0.362095761411562));
#7579=DIRECTION('',(-0.903875869049178,0.,-0.42779482623168));
#7580=DIRECTION('center_axis',(0.501511002953006,0.611754327290404,-0.611754327290404));
#7581=DIRECTION('ref_axis',(-0.454392319443709,-0.415471911826064,-0.787978876946687));
#7582=DIRECTION('',(-0.501511002953006,-0.611754327290404,0.611754327290404));
#7583=DIRECTION('center_axis',(-0.501511002953004,-0.611754327290405,0.611754327290405));
#7584=DIRECTION('ref_axis',(-0.773346840669805,-1.11022302462516E-16,-0.633983173298812));
#7585=DIRECTION('',(0.501511002953006,0.611754327290404,-0.611754327290404));
#7586=DIRECTION('center_axis',(0.,-0.707106781186548,-0.707106781186547));
#7587=DIRECTION('ref_axis',(-1.,0.,0.));
#7588=DIRECTION('',(-0.501511002953006,0.611754327290404,-0.611754327290404));
#7589=DIRECTION('center_axis',(0.,0.707106781186548,0.707106781186547));
#7590=DIRECTION('ref_axis',(1.70662223769976E-16,0.707106781186547,-0.707106781186548));
#7591=DIRECTION('',(1.,0.,0.));
#7592=DIRECTION('center_axis',(0.,0.707106781186548,0.707106781186547));
#7593=DIRECTION('ref_axis',(-3.41324447539951E-17,0.707106781186547,-0.707106781186548));
#7594=DIRECTION('center_axis',(0.501511002953006,-0.611754327290404,0.611754327290404));
#7595=DIRECTION('ref_axis',(0.454392319443709,-0.415471911826064,-0.787978876946687));
#7596=DIRECTION('',(0.501511002953006,-0.611754327290404,0.611754327290404));
#7597=DIRECTION('center_axis',(-0.501511002953001,0.611754327290407,-0.611754327290405));
#7598=DIRECTION('ref_axis',(0.773346840669805,-4.27435864480685E-15,-0.633983173298812));
#7599=DIRECTION('center_axis',(0.,0.,1.));
#7600=DIRECTION('ref_axis',(1.,0.,0.));
#7601=DIRECTION('center_axis',(1.,-4.44089209850062E-15,4.44089209850062E-15));
#7602=DIRECTION('ref_axis',(0.,-0.707106781186548,-0.707106781186548));
#7603=DIRECTION('center_axis',(0.337078131135369,-0.665724542701516,0.665724542701517));
#7604=DIRECTION('ref_axis',(0.892155854758968,-5.55111512312578E-17,-0.451727717568111));
#7605=DIRECTION('center_axis',(-0.451727717568107,0.,-0.89215585475897));
#7606=DIRECTION('ref_axis',(0.,-1.,0.));
#7607=DIRECTION('center_axis',(6.01346999592141E-17,-0.73593101176183,-0.677056530820883));
#7608=DIRECTION('ref_axis',(1.79750461834607E-16,0.677056530820883,-0.73593101176183));
#7609=DIRECTION('center_axis',(0.,1.,0.));
#7610=DIRECTION('ref_axis',(0.,0.,1.));
#7611=DIRECTION('center_axis',(0.,-1.,0.));
#7612=DIRECTION('ref_axis',(0.973054236729527,0.,-0.230576348272577));
#7613=DIRECTION('center_axis',(0.,0.,1.));
#7614=DIRECTION('ref_axis',(1.,0.,0.));
#7615=DIRECTION('center_axis',(-1.,0.,0.));
#7616=DIRECTION('ref_axis',(0.,-1.,0.));
#7617=DIRECTION('center_axis',(0.451727717568111,4.95245985753771E-16,-0.892155854758968));
#7618=DIRECTION('ref_axis',(-0.892155854758968,2.46519032881566E-32,-0.451727717568111));
#7619=DIRECTION('center_axis',(-0.33707813113537,-0.665724542701517,0.665724542701516));
#7620=DIRECTION('ref_axis',(2.77555756156289E-17,-0.707106781186547,-0.707106781186548));
#7621=DIRECTION('center_axis',(0.,1.,0.));
#7622=DIRECTION('ref_axis',(0.,0.,1.));
#7623=DIRECTION('center_axis',(0.,-1.,0.));
#7624=DIRECTION('ref_axis',(-0.973054236729527,0.,-0.230576348272577));
#7625=DIRECTION('center_axis',(0.,-0.73593101176183,-0.677056530820883));
#7626=DIRECTION('ref_axis',(-3.26819021517468E-17,0.677056530820883,-0.73593101176183));
#7627=DIRECTION('center_axis',(-1.,0.,0.));
#7628=DIRECTION('ref_axis',(0.,-0.923879532511287,-0.38268343236509));
#7629=DIRECTION('center_axis',(-1.,0.,5.71764857680611E-13));
#7630=DIRECTION('ref_axis',(5.71764857680611E-13,0.,1.));
#7631=DIRECTION('',(0.,1.,0.));
#7632=DIRECTION('',(-5.71764857680611E-13,0.,-1.));
#7633=DIRECTION('',(0.,1.,0.));
#7634=DIRECTION('center_axis',(0.,1.,0.));
#7635=DIRECTION('ref_axis',(0.,0.,-1.));
#7636=DIRECTION('center_axis',(0.,-1.,0.));
#7637=DIRECTION('ref_axis',(0.,0.,-1.));
#7638=DIRECTION('',(0.,1.,0.));
#7639=DIRECTION('center_axis',(4.92661467177275E-13,0.,-1.));
#7640=DIRECTION('ref_axis',(-1.,0.,-4.92661467177275E-13));
#7641=DIRECTION('',(1.,0.,4.92661467177275E-13));
#7642=DIRECTION('',(0.,1.,0.));
#7643=DIRECTION('center_axis',(0.,1.,0.));
#7644=DIRECTION('ref_axis',(1.,0.,0.));
#7645=DIRECTION('center_axis',(0.,-1.,0.));
#7646=DIRECTION('ref_axis',(1.,0.,0.));
#7647=DIRECTION('',(0.,-1.,0.));
#7648=DIRECTION('center_axis',(0.,1.,0.));
#7649=DIRECTION('ref_axis',(1.,0.,0.));
#7650=DIRECTION('center_axis',(0.,-1.,0.));
#7651=DIRECTION('ref_axis',(-1.,0.,0.));
#7652=DIRECTION('',(-1.,0.,-4.92314522482155E-13));
#7653=DIRECTION('center_axis',(0.,-1.,0.));
#7654=DIRECTION('ref_axis',(0.,0.,1.));
#7655=DIRECTION('',(-6.66133814773527E-14,0.,1.));
#7656=DIRECTION('center_axis',(1.,0.,6.66133814773527E-14));
#7657=DIRECTION('ref_axis',(6.66133814773527E-14,0.,-1.));
#7658=DIRECTION('',(0.,1.,0.));
#7659=DIRECTION('center_axis',(0.,1.,0.));
#7660=DIRECTION('ref_axis',(0.,0.,1.));
#7661=DIRECTION('',(0.,1.,0.));
#7662=DIRECTION('center_axis',(-4.92314522482155E-13,0.,1.));
#7663=DIRECTION('ref_axis',(1.,0.,4.92314522482155E-13));
#7664=DIRECTION('',(0.,1.,0.));
#7665=DIRECTION('center_axis',(0.,1.,0.));
#7666=DIRECTION('ref_axis',(-1.,0.,0.));
#7667=DIRECTION('center_axis',(0.,-1.,0.));
#7668=DIRECTION('ref_axis',(-1.,0.,0.));
#7669=DIRECTION('',(0.,-1.,0.));
#7670=DIRECTION('',(0.,1.,0.));
#7671=DIRECTION('center_axis',(-1.,0.,0.));
#7672=DIRECTION('ref_axis',(0.,0.,-1.));
#7673=DIRECTION('',(0.,1.,0.));
#7674=DIRECTION('center_axis',(0.,-1.,0.));
#7675=DIRECTION('ref_axis',(1.,0.,0.));
#7676=DIRECTION('',(0.,1.,0.));
#7677=DIRECTION('center_axis',(1.,0.,0.));
#7678=DIRECTION('ref_axis',(0.,0.,1.));
#7679=DIRECTION('center_axis',(-1.,0.,0.));
#7680=DIRECTION('ref_axis',(0.,0.,-1.));
#7681=DIRECTION('',(0.,-1.,0.));
#7682=DIRECTION('',(0.,1.,0.));
#7683=DIRECTION('center_axis',(0.,-1.,0.));
#7684=DIRECTION('ref_axis',(1.,0.,0.));
#7685=DIRECTION('',(0.,1.,0.));
#7686=DIRECTION('center_axis',(1.,0.,0.));
#7687=DIRECTION('ref_axis',(0.,0.,1.));
#7688=DIRECTION('',(0.,1.,0.));
#7689=DIRECTION('center_axis',(0.,-1.,0.));
#7690=DIRECTION('ref_axis',(-1.,0.,1.70803542250024E-16));
#7691=DIRECTION('center_axis',(0.,0.,-1.));
#7692=DIRECTION('ref_axis',(-1.,0.,0.));
#7693=DIRECTION('',(0.,-1.,0.));
#7694=DIRECTION('',(0.,1.,0.));
#7695=DIRECTION('center_axis',(0.,-1.,0.));
#7696=DIRECTION('ref_axis',(-0.941633378940499,0.,-0.336640133770616));
#7697=DIRECTION('center_axis',(0.,-1.,0.));
#7698=DIRECTION('ref_axis',(-0.941633378940499,0.,-0.336640133770616));
#7699=DIRECTION('center_axis',(0.,-1.,0.));
#7700=DIRECTION('ref_axis',(0.941633378940499,0.,-0.336640133770616));
#7701=DIRECTION('',(0.,-1.,0.));
#7702=DIRECTION('center_axis',(0.,-1.,0.));
#7703=DIRECTION('ref_axis',(0.941633378940499,0.,-0.336640133770616));
#7704=DIRECTION('center_axis',(1.,0.,1.47687593691302E-16));
#7705=DIRECTION('ref_axis',(-1.47687593691302E-16,0.,1.));
#7706=DIRECTION('',(-1.47687593691302E-16,0.,1.));
#7707=DIRECTION('center_axis',(0.427794826231681,0.,-0.903875869049177));
#7708=DIRECTION('ref_axis',(-0.903875869049177,0.,-0.427794826231681));
#7709=DIRECTION('',(0.,-1.,0.));
#7710=DIRECTION('center_axis',(-0.42779482623168,0.,-0.903875869049178));
#7711=DIRECTION('ref_axis',(-0.903875869049178,0.,0.42779482623168));
#7712=DIRECTION('',(0.,1.,0.));
#7713=DIRECTION('center_axis',(-0.773346840669804,0.,-0.633983173298814));
#7714=DIRECTION('ref_axis',(-0.633983173298814,0.,0.773346840669804));
#7715=DIRECTION('',(0.,-1.,0.));
#7716=DIRECTION('',(-0.613882863404833,-0.249808739259432,0.748828033534733));
#7717=DIRECTION('',(-0.326776043446325,-0.856929697395317,0.398608719362153));
#7718=DIRECTION('',(-0.633983173298814,1.05147574866075E-14,0.773346840669804));
#7719=DIRECTION('center_axis',(1.,0.,0.));
#7720=DIRECTION('ref_axis',(0.,-1.,0.));
#7721=DIRECTION('',(0.,1.,0.));
#7722=DIRECTION('',(0.,0.,1.));
#7723=DIRECTION('center_axis',(0.,0.,-1.));
#7724=DIRECTION('ref_axis',(0.707106781186548,-0.707106781186548,0.));
#7725=DIRECTION('center_axis',(0.,0.,1.));
#7726=DIRECTION('ref_axis',(0.707106781186548,-0.707106781186548,0.));
#7727=DIRECTION('',(0.,0.,-1.));
#7728=DIRECTION('center_axis',(0.,-1.,0.));
#7729=DIRECTION('ref_axis',(-1.,0.,0.));
#7730=DIRECTION('',(-1.,0.,0.));
#7731=DIRECTION('',(0.,0.,1.));
#7732=DIRECTION('center_axis',(0.,0.,-1.));
#7733=DIRECTION('ref_axis',(-0.707106781186548,-0.707106781186548,0.));
#7734=DIRECTION('center_axis',(0.,0.,1.));
#7735=DIRECTION('ref_axis',(-0.707106781186548,-0.707106781186548,0.));
#7736=DIRECTION('',(0.,0.,-1.));
#7737=DIRECTION('center_axis',(-1.,-6.16790569236198E-16,0.));
#7738=DIRECTION('ref_axis',(-6.16790569236198E-16,1.,0.));
#7739=DIRECTION('',(-6.16790569236198E-16,1.,0.));
#7740=DIRECTION('center_axis',(0.,0.,-1.));
#7741=DIRECTION('ref_axis',(-1.,0.,0.));
#7742=DIRECTION('center_axis',(0.,0.,1.));
#7743=DIRECTION('ref_axis',(1.,0.,0.));
#7744=DIRECTION('',(0.,0.,1.));
#7745=DIRECTION('center_axis',(0.,0.,1.));
#7746=DIRECTION('ref_axis',(1.,0.,0.));
#7747=DIRECTION('',(0.,1.,0.));
#7748=DIRECTION('center_axis',(0.,0.,-1.));
#7749=DIRECTION('ref_axis',(-0.707106781186548,-0.707106781186548,0.));
#7750=DIRECTION('',(1.,0.,0.));
#7751=DIRECTION('center_axis',(0.,0.,-1.));
#7752=DIRECTION('ref_axis',(0.707106781186548,-0.707106781186548,0.));
#7753=DIRECTION('',(6.16790569236198E-16,1.,0.));
#7754=DIRECTION('center_axis',(-1.,6.16790569236198E-16,0.));
#7755=DIRECTION('ref_axis',(6.16790569236198E-16,1.,0.));
#7756=DIRECTION('',(0.,0.,-1.));
#7757=DIRECTION('center_axis',(0.,0.,1.));
#7758=DIRECTION('ref_axis',(-0.707106781186548,-0.707106781186548,0.));
#7759=DIRECTION('',(0.,0.,1.));
#7760=DIRECTION('',(0.,0.,-1.));
#7761=DIRECTION('center_axis',(0.,1.,0.));
#7762=DIRECTION('ref_axis',(1.,0.,0.));
#7763=DIRECTION('',(0.,0.,1.));
#7764=DIRECTION('center_axis',(0.,0.,1.));
#7765=DIRECTION('ref_axis',(0.707106781186548,-0.707106781186548,0.));
#7766=DIRECTION('center_axis',(1.,0.,0.));
#7767=DIRECTION('ref_axis',(0.,-1.,0.));
#7768=DIRECTION('center_axis',(0.,0.,-1.));
#7769=DIRECTION('ref_axis',(-1.,0.,0.));
#7770=DIRECTION('',(0.,0.,-1.));
#7771=DIRECTION('center_axis',(0.,0.707106781186543,-0.707106781186552));
#7772=DIRECTION('ref_axis',(-1.,0.,0.));
#7773=DIRECTION('',(0.,-0.707106781186552,-0.707106781186543));
#7774=DIRECTION('',(0.,0.707106781186552,0.707106781186543));
#7775=DIRECTION('',(1.,0.,0.));
#7776=DIRECTION('center_axis',(0.773346840669804,0.,-0.633983173298814));
#7777=DIRECTION('ref_axis',(-0.633983173298814,0.,-0.773346840669804));
#7778=DIRECTION('',(-0.633983173298814,-1.05147574866075E-14,-0.773346840669804));
#7779=DIRECTION('',(-0.326776043446325,0.856929697395317,-0.398608719362153));
#7780=DIRECTION('',(-0.613882863404833,0.249808739259432,-0.748828033534733));
#7781=DIRECTION('',(0.,1.,0.));
#7782=DIRECTION('center_axis',(0.633983173298814,1.05147574866075E-14,0.773346840669804));
#7783=DIRECTION('ref_axis',(0.546838795246809,0.707106781186544,-0.448293800997765));
#7784=DIRECTION('',(0.633983173298814,1.05147574866075E-14,0.773346840669804));
#7785=DIRECTION('center_axis',(0.551862834863957,-0.492222862754116,0.673174616929412));
#7786=DIRECTION('ref_axis',(0.312061012499082,0.870469214494196,0.380658995816341));
#7787=DIRECTION('center_axis',(-2.80207141873518E-16,0.316333020002261,
-0.948648206900877));
#7788=DIRECTION('ref_axis',(-0.707106781186546,0.67079558006007,0.223681223556819));
#7789=DIRECTION('',(-2.80207141873518E-16,0.316333020002261,-0.948648206900877));
#7790=DIRECTION('center_axis',(5.26605540785363E-16,-0.316333020002261,
0.948648206900877));
#7791=DIRECTION('ref_axis',(-2.46519032881566E-32,0.948648206900877,0.316333020002261));
#7792=DIRECTION('center_axis',(-6.51232548517519E-17,0.956023809116986,
0.293289066283504));
#7793=DIRECTION('ref_axis',(2.33507921893735E-16,0.293289066283504,-0.956023809116986));
#7794=DIRECTION('center_axis',(0.,-0.948648206900877,-0.316333020002261));
#7795=DIRECTION('ref_axis',(2.28958930776244E-16,0.316333020002261,-0.948648206900877));
#7796=DIRECTION('center_axis',(-0.613882863404831,-0.249808739259433,0.748828033534735));
#7797=DIRECTION('ref_axis',(3.05311331771918E-16,0.948607493460691,0.31645508899404));
#7798=DIRECTION('center_axis',(-6.51487776265925E-17,0.955988538915996,
0.293404010642765));
#7799=DIRECTION('ref_axis',(2.33499307180106E-16,0.293404010642765,-0.955988538915996));
#7800=DIRECTION('center_axis',(-0.326776043180461,-0.856929697647554,0.398608719037847));
#7801=DIRECTION('ref_axis',(-2.15105711021124E-15,0.421762732722151,0.906706235385389));
#7802=DIRECTION('center_axis',(0.613882863394724,0.249808739321243,-0.748828033522401));
#7803=DIRECTION('ref_axis',(-0.773346840669804,-1.11022302462516E-16,-0.633983173298814));
#7804=DIRECTION('center_axis',(0.668142573458087,-4.64709747227765E-5,0.744033264964177));
#7805=DIRECTION('ref_axis',(0.744026801665622,0.0042103643392931,-0.668136506438135));
#7806=DIRECTION('center_axis',(0.668134108045571,-9.3753560694561E-7,0.744040868276246));
#7807=DIRECTION('ref_axis',(0.743432091059275,0.0404451059377689,-0.66758738708046));
#7808=DIRECTION('center_axis',(0.668065218941808,7.23536189226465E-5,0.744102720063022));
#7809=DIRECTION('ref_axis',(0.666147049050275,0.445535492014585,-0.598118913258001));
#7810=DIRECTION('center_axis',(0.326776043446325,0.856929697395317,-0.398608719362153));
#7811=DIRECTION('ref_axis',(-0.838651115795721,0.457377942365825,0.295752808628754));
#7812=DIRECTION('center_axis',(0.,-1.,1.35964316832284E-14));
#7813=DIRECTION('ref_axis',(-0.633983173298824,1.05147574866074E-14,0.773346840669795));
#7814=DIRECTION('center_axis',(-0.551862834863959,-0.492222862754107,0.673174616929416));
#7815=DIRECTION('ref_axis',(0.312061012499076,-0.870469214494201,-0.380658995816335));
#7816=DIRECTION('center_axis',(0.633983173298814,-1.05147574866075E-14,
-0.773346840669804));
#7817=DIRECTION('ref_axis',(-0.546838795246807,0.707106781186546,-0.448293800997764));
#7818=DIRECTION('',(0.633983173298814,-1.05147574866075E-14,-0.773346840669804));
#7819=DIRECTION('center_axis',(0.613882863404833,0.249808739259432,-0.748828033534733));
#7820=DIRECTION('ref_axis',(-0.611624163719844,0.750234221405443,-0.25112645297971));
#7821=DIRECTION('center_axis',(0.,1.,0.));
#7822=DIRECTION('ref_axis',(-0.941633378940499,0.,-0.336640133770616));
#7823=DIRECTION('center_axis',(0.,-1.,1.35964316832284E-14));
#7824=DIRECTION('ref_axis',(0.,-1.35964316832284E-14,-1.));
#7825=DIRECTION('center_axis',(0.,-1.,1.35964316832284E-14));
#7826=DIRECTION('ref_axis',(0.633983173298824,1.05147574866074E-14,0.773346840669795));
#7827=DIRECTION('center_axis',(0.326776043446325,-0.856929697395317,0.398608719362153));
#7828=DIRECTION('ref_axis',(0.838651115795722,0.457377942365824,0.295752808628752));
#7829=DIRECTION('center_axis',(-0.326776043446326,0.856929697395316,-0.398608719362154));
#7830=DIRECTION('ref_axis',(-4.16333634234434E-17,0.421762733106318,0.90670623520669));
#7831=DIRECTION('center_axis',(-0.613882863394723,0.249808739321244,-0.748828033522401));
#7832=DIRECTION('ref_axis',(-5.55111512312578E-17,0.948607493435621,0.31645508906919));
#7833=DIRECTION('center_axis',(-0.668125510203065,9.35786451727727E-8,0.744048588881053));
#7834=DIRECTION('ref_axis',(0.694268811744628,-0.359627131691254,0.623425330885924));
#7835=DIRECTION('center_axis',(-0.668115538308993,3.8096588045412E-5,0.744057542142229));
#7836=DIRECTION('ref_axis',(0.643503404522942,0.502047811282061,0.577798722354312));
#7837=DIRECTION('center_axis',(1.40480080902289E-15,0.316333020002262,-0.948648206900877));
#7838=DIRECTION('ref_axis',(2.22044604925031E-15,0.948648206900877,0.316333020002262));
#7839=DIRECTION('center_axis',(3.90739529110511E-17,0.956023809116986,0.293289066283504));
#7840=DIRECTION('ref_axis',(-2.33507921893735E-16,0.293289066283504,-0.956023809116986));
#7841=DIRECTION('center_axis',(3.90892665759555E-17,0.955988538915996,0.293404010642765));
#7842=DIRECTION('ref_axis',(-2.33499307180106E-16,0.293404010642765,-0.955988538915996));
#7843=DIRECTION('center_axis',(0.61388286340483,-0.249808739259434,0.748828033534735));
#7844=DIRECTION('ref_axis',(0.773346840669805,-4.42701431069281E-15,-0.633983173298811));
#7845=DIRECTION('center_axis',(-1.40103570936759E-16,-0.316333020002261,
0.948648206900877));
#7846=DIRECTION('ref_axis',(0.707106781186547,0.67079558006007,0.223681223556819));
#7847=DIRECTION('center_axis',(0.613882863404833,-0.249808739259432,0.748828033534733));
#7848=DIRECTION('ref_axis',(0.611624163719845,0.750234221405442,-0.251126452979711));
#7849=DIRECTION('center_axis',(0.,1.,0.));
#7850=DIRECTION('ref_axis',(0.941633378940499,0.,-0.336640133770616));
#7851=DIRECTION('center_axis',(0.,1.,0.));
#7852=DIRECTION('ref_axis',(1.,0.,0.));
#7853=DIRECTION('',(-1.,0.,-9.44940511620049E-16));
#7854=DIRECTION('',(0.633983173298814,0.,0.773346840669803));
#7855=DIRECTION('',(1.,0.,0.));
#7856=DIRECTION('',(0.633983173298814,0.,-0.773346840669803));
#7857=DIRECTION('center_axis',(-0.773346840669803,0.,-0.633983173298814));
#7858=DIRECTION('ref_axis',(0.633983173298814,0.,-0.773346840669803));
#7859=DIRECTION('',(0.,1.,0.));
#7860=DIRECTION('',(0.,-1.,0.));
#7861=DIRECTION('',(0.633983173298814,0.,-0.773346840669803));
#7862=DIRECTION('center_axis',(0.773346840669803,0.,-0.633983173298814));
#7863=DIRECTION('ref_axis',(0.633983173298814,0.,0.773346840669803));
#7864=DIRECTION('',(0.,-1.,0.));
#7865=DIRECTION('',(-0.633983173298814,0.,-0.773346840669803));
#7866=DIRECTION('',(0.,-1.,0.));
#7867=DIRECTION('center_axis',(0.,0.,-1.));
#7868=DIRECTION('ref_axis',(1.,0.,0.));
#7869=DIRECTION('',(1.,0.,0.));
#7870=DIRECTION('center_axis',(-9.44940511620049E-16,0.,1.));
#7871=DIRECTION('ref_axis',(-1.,0.,-9.44940511620049E-16));
#7872=DIRECTION('',(1.,0.,9.44940511620049E-16));
#7873=DIRECTION('',(1.,0.,9.44940511620049E-16));
#7874=DIRECTION('center_axis',(0.,1.,0.));
#7875=DIRECTION('ref_axis',(1.,0.,0.));
#7876=DIRECTION('center_axis',(0.,1.,0.));
#7877=DIRECTION('ref_axis',(1.,0.,-9.91270557701033E-14));
#7878=DIRECTION('',(-0.975875869978079,0.,0.218326101038166));
#7879=DIRECTION('center_axis',(0.,1.,0.));
#7880=DIRECTION('ref_axis',(0.218326101038099,0.,-0.975875869978094));
#7881=DIRECTION('center_axis',(0.,1.,0.));
#7882=DIRECTION('ref_axis',(0.218326101038099,0.,-0.975875869978094));
#7883=DIRECTION('center_axis',(0.,1.,0.));
#7884=DIRECTION('ref_axis',(1.,0.,0.));
#7885=DIRECTION('',(0.546971657354108,0.,0.837151124977623));
#7886=DIRECTION('',(1.,0.,0.));
#7887=DIRECTION('',(-0.707106781186547,0.,0.707106781186548));
#7888=DIRECTION('center_axis',(-5.95023688202575E-15,0.,-1.));
#7889=DIRECTION('ref_axis',(-1.,0.,5.95023688202575E-15));
#7890=DIRECTION('',(0.,1.,0.));
#7891=DIRECTION('',(-0.893606906722499,0.44885041635031,5.31717277441316E-15));
#7892=DIRECTION('center_axis',(0.540369102185916,-0.644982532170891,-0.540369102185916));
#7893=DIRECTION('ref_axis',(-0.707106781186548,0.,-0.707106781186548));
#7894=DIRECTION('',(-0.707106781186547,0.,-0.707106781186548));
#7895=DIRECTION('',(0.833657075663616,0.49746446870054,0.239885352984457));
#7896=DIRECTION('center_axis',(0.430710700452365,-0.857492925712545,0.281414596047847));
#7897=DIRECTION('ref_axis',(0.546971657354108,3.05311331771918E-16,-0.837151124977623));
#7898=DIRECTION('',(0.546971657354108,0.,-0.837151124977623));
#7899=DIRECTION('center_axis',(0.837151124977623,0.,0.546971657354108));
#7900=DIRECTION('ref_axis',(0.546971657354108,0.,-0.837151124977623));
#7901=DIRECTION('',(0.,1.,0.));
#7902=DIRECTION('',(-0.546971657354108,0.,0.837151124977623));
#7903=DIRECTION('center_axis',(0.707106781186548,0.,-0.707106781186547));
#7904=DIRECTION('ref_axis',(-0.707106781186547,0.,-0.707106781186548));
#7905=DIRECTION('',(0.707106781186547,0.,0.707106781186548));
#7906=DIRECTION('center_axis',(0.,1.,0.));
#7907=DIRECTION('ref_axis',(1.,0.,0.));
#7908=DIRECTION('center_axis',(1.,0.,0.));
#7909=DIRECTION('ref_axis',(0.,-1.,0.));
#7910=DIRECTION('',(0.,-0.642204732114413,0.766533157828059));
#7911=DIRECTION('center_axis',(0.540369102185916,0.644982532170891,0.540369102185916));
#7912=DIRECTION('ref_axis',(0.707106781186548,0.,-0.707106781186548));
#7913=DIRECTION('',(-0.833657075663616,0.49746446870054,0.239885352984457));
#7914=DIRECTION('',(0.707106781186547,0.,-0.707106781186548));
#7915=DIRECTION('center_axis',(0.430710700452365,0.857492925712545,-0.281414596047847));
#7916=DIRECTION('ref_axis',(-0.546971657354108,3.05311331771918E-16,-0.837151124977623));
#7917=DIRECTION('',(-0.546971657354108,0.,-0.837151124977623));
#7918=DIRECTION('center_axis',(0.837151124977623,0.,-0.546971657354108));
#7919=DIRECTION('ref_axis',(-0.546971657354108,0.,-0.837151124977623));
#7920=DIRECTION('',(0.,1.,0.));
#7921=DIRECTION('center_axis',(0.707106781186548,0.,0.707106781186547));
#7922=DIRECTION('ref_axis',(0.707106781186547,0.,-0.707106781186548));
#7923=DIRECTION('center_axis',(-0.218326101038166,0.,-0.975875869978079));
#7924=DIRECTION('ref_axis',(-0.975875869978079,0.,0.218326101038166));
#7925=DIRECTION('',(0.,1.,0.));
#7926=DIRECTION('center_axis',(0.,1.,0.));
#7927=DIRECTION('ref_axis',(1.,0.,-9.91270557701033E-14));
#7928=DIRECTION('',(0.,1.,0.));
#7929=DIRECTION('center_axis',(1.,0.,-1.35925948136602E-13));
#7930=DIRECTION('ref_axis',(-1.35925948136602E-13,0.,-1.));
#7931=DIRECTION('center_axis',(0.,-0.948648206900877,-0.316333020002261));
#7932=DIRECTION('ref_axis',(0.,0.316333020002261,-0.948648206900877));
#7933=DIRECTION('center_axis',(-1.,0.,0.));
#7934=DIRECTION('ref_axis',(0.,-0.746343573966413,-0.665560868440326));
#7935=DIRECTION('center_axis',(-1.,0.,0.));
#7936=DIRECTION('ref_axis',(0.,-0.746343573966413,-0.665560868440326));
#7937=DIRECTION('center_axis',(0.,0.,1.));
#7938=DIRECTION('ref_axis',(-1.,0.,0.));
#7939=DIRECTION('center_axis',(0.,0.,1.));
#7940=DIRECTION('ref_axis',(-1.,0.,0.));
#7941=DIRECTION('',(4.90653893338685E-16,0.70710678118654,-0.707106781186555));
#7942=DIRECTION('center_axis',(0.,0.,-1.));
#7943=DIRECTION('ref_axis',(-1.,0.,0.));
#7944=DIRECTION('center_axis',(0.,-0.707106781186555,-0.70710678118654));
#7945=DIRECTION('ref_axis',(-1.,0.,0.));
#7946=DIRECTION('',(1.,0.,0.));
#7947=DIRECTION('',(0.,0.70710678118654,-0.707106781186555));
#7948=DIRECTION('',(-1.,0.,0.));
#7949=DIRECTION('center_axis',(0.,0.,-1.));
#7950=DIRECTION('ref_axis',(2.30451474722924E-17,-1.,0.));
#7951=DIRECTION('',(0.,0.,-1.));
#7952=DIRECTION('center_axis',(0.,0.,-1.));
#7953=DIRECTION('ref_axis',(2.30451474722924E-17,-1.,0.));
#7954=DIRECTION('',(0.,0.,1.));
#7955=DIRECTION('center_axis',(0.,0.,-1.));
#7956=DIRECTION('ref_axis',(2.30451474722924E-17,-1.,0.));
#7957=DIRECTION('center_axis',(0.,-1.,0.));
#7958=DIRECTION('ref_axis',(-1.,0.,0.));
#7959=DIRECTION('',(-1.,0.,0.));
#7960=DIRECTION('',(0.,0.,1.));
#7961=DIRECTION('center_axis',(0.,0.,-1.));
#7962=DIRECTION('ref_axis',(-1.,0.,0.));
#7963=DIRECTION('',(0.,0.,1.));
#7964=DIRECTION('center_axis',(0.,0.,-1.));
#7965=DIRECTION('ref_axis',(-1.,0.,0.));
#7966=DIRECTION('center_axis',(0.,0.,1.));
#7967=DIRECTION('ref_axis',(-1.,0.,0.));
#7968=DIRECTION('',(-1.,0.,0.));
#7969=DIRECTION('',(-1.,0.,0.));
#7970=DIRECTION('center_axis',(0.,0.,1.));
#7971=DIRECTION('ref_axis',(2.30451474722924E-17,-1.,0.));
#7972=DIRECTION('center_axis',(0.,0.,1.));
#7973=DIRECTION('ref_axis',(2.30451474722924E-17,-1.,0.));
#7974=DIRECTION('center_axis',(0.,-1.,0.));
#7975=DIRECTION('ref_axis',(-1.,0.,0.));
#7976=DIRECTION('center_axis',(0.,-1.,0.));
#7977=DIRECTION('ref_axis',(-1.,0.,0.));
#7978=DIRECTION('center_axis',(1.,0.,0.));
#7979=DIRECTION('ref_axis',(0.,-1.,0.));
#7980=DIRECTION('',(0.,-1.,0.));
#7981=DIRECTION('',(-0.546971657354115,0.,0.837151124977619));
#7982=DIRECTION('',(0.,1.,0.));
#7983=DIRECTION('',(0.,-0.642204732114413,0.766533157828059));
#7984=DIRECTION('center_axis',(-0.837151124977619,0.,-0.546971657354115));
#7985=DIRECTION('ref_axis',(-0.546971657354115,0.,0.837151124977619));
#7986=CARTESIAN_POINT('',(0.,0.,0.));
#7987=CARTESIAN_POINT('Origin',(0.462528509817559,-69.,6.86772169547004));
#7988=CARTESIAN_POINT('',(0.462528509817558,-70.,8.86772169547005));
#7989=CARTESIAN_POINT('',(2.46252850981756,-70.,6.86772169547005));
#7990=CARTESIAN_POINT('Origin',(0.462528509817559,-70.,6.86772169547004));
#7991=CARTESIAN_POINT('',(0.462528509817558,-68.75,8.86772169547005));
#7992=CARTESIAN_POINT('',(0.462528509817558,-69.,8.86772169547005));
#7993=CARTESIAN_POINT('',(2.46252850981756,-68.75,6.86772169547005));
#7994=CARTESIAN_POINT('Origin',(0.462528509817559,-68.75,6.86772169547004));
#7995=CARTESIAN_POINT('',(2.46252850981756,-69.,6.86772169547005));
#7996=CARTESIAN_POINT('Origin',(-5.72747149018245,-69.,8.86772169547004));
#7997=CARTESIAN_POINT('',(-5.47747149018245,-70.,8.86772169547005));
#7998=CARTESIAN_POINT('',(0.712528509817557,-70.,8.86772169547005));
#7999=CARTESIAN_POINT('',(-5.47747149018245,-68.75,8.86772169547004));
#8000=CARTESIAN_POINT('',(-5.47747149018245,-69.,8.86772169547004));
#8001=CARTESIAN_POINT('',(-2.86373574509123,-68.75,8.86772169547004));
#8002=CARTESIAN_POINT('Origin',(-5.47747149018245,-69.,6.86772169547004));
#8003=CARTESIAN_POINT('',(-7.47747149018245,-70.,6.86772169547004));
#8004=CARTESIAN_POINT('Origin',(-5.47747149018245,-70.,6.86772169547004));
#8005=CARTESIAN_POINT('',(-7.47747149018245,-68.75,6.86772169547004));
#8006=CARTESIAN_POINT('',(-7.47747149018245,-69.,6.86772169547004));
#8007=CARTESIAN_POINT('Origin',(-5.47747149018245,-68.75,6.86772169547004));
#8008=CARTESIAN_POINT('Origin',(-2.50747149018244,-70.,4.76272169547005));
#8009=CARTESIAN_POINT('',(2.46252850981756,-70.,1.65772169547005));
#8010=CARTESIAN_POINT('',(2.46252850981756,-70.,2.65772169547005));
#8011=CARTESIAN_POINT('',(0.462528509817561,-70.,-0.34227830452996));
#8012=CARTESIAN_POINT('Origin',(0.462528509817561,-70.,1.65772169547005));
#8013=CARTESIAN_POINT('',(-5.47747149018246,-70.,-0.34227830452996));
#8014=CARTESIAN_POINT('',(-5.72747149018245,-70.,-0.34227830452996));
#8015=CARTESIAN_POINT('',(-7.47747149018244,-70.,1.65772169547005));
#8016=CARTESIAN_POINT('Origin',(-5.47747149018246,-70.,1.65772169547005));
#8017=CARTESIAN_POINT('',(-7.47747149018245,-70.,6.86772169547004));
#8018=CARTESIAN_POINT('Origin',(-5.47747149018246,-69.,1.65772169547005));
#8019=CARTESIAN_POINT('',(-5.47747149018246,-68.75,-0.342278304529951));
#8020=CARTESIAN_POINT('',(-5.47747149018246,-69.,-0.342278304529951));
#8021=CARTESIAN_POINT('',(-7.47747149018245,-68.75,1.65772169547005));
#8022=CARTESIAN_POINT('Origin',(-5.47747149018246,-68.75,1.65772169547005));
#8023=CARTESIAN_POINT('',(-7.47747149018245,-69.,1.65772169547005));
#8024=CARTESIAN_POINT('Origin',(0.712528509817559,-69.,-0.34227830452995));
#8025=CARTESIAN_POINT('',(0.462528509817562,-68.75,-0.34227830452995));
#8026=CARTESIAN_POINT('',(0.462528509817562,-69.,-0.34227830452995));
#8027=CARTESIAN_POINT('',(0.35626425490878,-68.75,-0.34227830452995));
#8028=CARTESIAN_POINT('Origin',(0.462528509817561,-69.,1.65772169547005));
#8029=CARTESIAN_POINT('',(2.46252850981756,-68.75,1.65772169547005));
#8030=CARTESIAN_POINT('',(2.46252850981756,-69.,1.65772169547005));
#8031=CARTESIAN_POINT('Origin',(0.462528509817561,-68.75,1.65772169547005));
#8032=CARTESIAN_POINT('Origin',(2.46252850981756,-69.,5.11772169547004));
#8033=CARTESIAN_POINT('',(2.46252850981756,-68.75,4.94361084773491));
#8034=CARTESIAN_POINT('Origin',(-7.47747149018245,-69.,4.40772169547004));
#8035=CARTESIAN_POINT('',(-7.47747149018245,-68.75,2.83861084773491));
#8036=CARTESIAN_POINT('Origin',(-11.9355047427179,0.,-8.26440386422011));
#8037=CARTESIAN_POINT('',(-18.4498929544887,46.1584133410215,1.70599834346529));
#8038=CARTESIAN_POINT('',(-18.803526829545,45.409,2.24724210327129));
#8039=CARTESIAN_POINT('',(-23.7015065825261,35.0245697406134,9.74369864758375));
#8040=CARTESIAN_POINT('',(-18.449890010597,46.1589749693082,1.70530105340214));
#8041=CARTESIAN_POINT('',(-18.4498929544887,45.4675044435643,2.53066461024239));
#8042=CARTESIAN_POINT('',(-18.4496162390616,47.5578516102842,1.70557482493754));
#8043=CARTESIAN_POINT('',(-18.4496162390616,22.7045,1.70557482493756));
#8044=CARTESIAN_POINT('',(-18.8203856282974,47.3685438371235,2.27304483390933));
#8045=CARTESIAN_POINT('',(-17.7921616021345,47.8935353988715,0.699327277143739));
#8046=CARTESIAN_POINT('',(-18.9675105131923,47.2928405819058,2.4982224299437));
#8047=CARTESIAN_POINT('Ctrl Pts',(-18.9675105131923,47.2928405819058,2.4982224299437));
#8048=CARTESIAN_POINT('Ctrl Pts',(-18.918450152255,47.3182757421441,2.42313456058469));
#8049=CARTESIAN_POINT('Ctrl Pts',(-18.8694174048159,47.343509147917,2.34808895424032));
#8050=CARTESIAN_POINT('Ctrl Pts',(-18.8203856282974,47.3685438371235,2.27304483390933));
#8051=CARTESIAN_POINT('',(-18.9675105131923,20.2,2.4982224299437));
#8052=CARTESIAN_POINT('',(-18.9675105131923,0.,2.4982224299437));
#8053=CARTESIAN_POINT('',(-11.9355047427179,20.2,-8.26440386422011));
#8054=CARTESIAN_POINT('',(-13.7469528783019,20.2,-5.4919460519116));
#8055=CARTESIAN_POINT('',(-11.9355047427179,37.159,-8.26440386422011));
#8056=CARTESIAN_POINT('',(-11.9355047427179,0.,-8.26440386422011));
#8057=CARTESIAN_POINT('',(-18.8035485234434,37.159,2.2472753062192));
#8058=CARTESIAN_POINT('',(-15.0816306194122,37.159,-3.44919491950748));
#8059=CARTESIAN_POINT('',(-18.8035485234434,18.5795,2.2472753062192));
#8060=CARTESIAN_POINT('Ctrl Pts',(7.96432176088903,63.9516663404825,-23.031));
#8061=CARTESIAN_POINT('Ctrl Pts',(7.96432176088903,63.9516663404825,-24.231));
#8062=CARTESIAN_POINT('Ctrl Pts',(8.07984317187911,63.9229312578706,-23.031));
#8063=CARTESIAN_POINT('Ctrl Pts',(8.07984317187911,63.9229312578706,-24.231));
#8064=CARTESIAN_POINT('Ctrl Pts',(8.18946708961292,63.8854087791607,-23.031));
#8065=CARTESIAN_POINT('Ctrl Pts',(8.18946708961292,63.8854087791607,-24.231));
#8066=CARTESIAN_POINT('Ctrl Pts',(8.42069700655298,63.7836784169944,-23.031));
#8067=CARTESIAN_POINT('Ctrl Pts',(8.42069700655298,63.7836784169944,-24.231));
#8068=CARTESIAN_POINT('Ctrl Pts',(8.53575057371872,63.7148116019273,-23.031));
#8069=CARTESIAN_POINT('Ctrl Pts',(8.53575057371872,63.7148116019273,-24.231));
#8070=CARTESIAN_POINT('Ctrl Pts',(8.63077658952063,63.6413235328254,-23.031));
#8071=CARTESIAN_POINT('Ctrl Pts',(8.63077658952063,63.6413235328254,-24.231));
#8072=CARTESIAN_POINT('Ctrl Pts',(8.72580260532253,63.5678354637236,-23.031));
#8073=CARTESIAN_POINT('Ctrl Pts',(8.72580260532253,63.5678354637236,-24.231));
#8074=CARTESIAN_POINT('Ctrl Pts',(8.80069806580035,63.4899728349721,-23.031));
#8075=CARTESIAN_POINT('Ctrl Pts',(8.80069806580035,63.4899728349721,-24.231));
#8076=CARTESIAN_POINT('Ctrl Pts',(8.94495571647799,63.2938713334341,-23.031));
#8077=CARTESIAN_POINT('Ctrl Pts',(8.94495571647799,63.2938713334341,-24.231));
#8078=CARTESIAN_POINT('Ctrl Pts',(8.9847480579333,63.1828450914957,-23.031));
#8079=CARTESIAN_POINT('Ctrl Pts',(8.9847480579333,63.1828450914957,-24.231));
#8080=CARTESIAN_POINT('Ctrl Pts',(8.99882327836448,63.0597129258107,-23.031));
#8081=CARTESIAN_POINT('Ctrl Pts',(8.99882327836448,63.0597129258107,-24.231));
#8082=CARTESIAN_POINT('Ctrl Pts',(9.00000014901161,63.0389345999417,-23.031));
#8083=CARTESIAN_POINT('Ctrl Pts',(9.00000014901161,63.0389345999417,-24.231));
#8084=CARTESIAN_POINT('Ctrl Pts',(9.00000014901161,63.0181577838249,-23.031));
#8085=CARTESIAN_POINT('Ctrl Pts',(9.00000014901161,63.0181577838249,-24.231));
#8086=CARTESIAN_POINT('',(8.99640203850272,63.0807004882504,-24.0304537605143));
#8087=CARTESIAN_POINT('',(8.85639880492275,63.414709580964,-24.0304999999139));
#8088=CARTESIAN_POINT('Ctrl Pts',(8.99640203850272,63.0807004882504,-24.0304537605143));
#8089=CARTESIAN_POINT('Ctrl Pts',(8.99525983721327,63.090631360683,-24.0304371240083));
#8090=CARTESIAN_POINT('Ctrl Pts',(8.99386121507675,63.1005217416205,-24.0304103686479));
#8091=CARTESIAN_POINT('Ctrl Pts',(8.99222155304953,63.110319255522,-24.0303772738745));
#8092=CARTESIAN_POINT('Ctrl Pts',(8.98930008657184,63.1277759679131,-24.0303183072892));
#8093=CARTESIAN_POINT('Ctrl Pts',(8.98560423803484,63.1449870252024,-24.0302410672306));
#8094=CARTESIAN_POINT('Ctrl Pts',(8.98117805962064,63.1619863957466,-24.0301753802171));
#8095=CARTESIAN_POINT('Ctrl Pts',(8.97798782791679,63.1742389363765,-24.0301280353581));
#8096=CARTESIAN_POINT('Ctrl Pts',(8.97441847531155,63.1863802765379,-24.0300867090689));
#8097=CARTESIAN_POINT('Ctrl Pts',(8.97049179354396,63.1984073446752,-24.0300631114287));
#8098=CARTESIAN_POINT('Ctrl Pts',(8.96872244660293,63.2038266929895,-24.0300524784274));
#8099=CARTESIAN_POINT('Ctrl Pts',(8.96687888578013,63.2092223798794,-24.0300463270292));
#8100=CARTESIAN_POINT('Ctrl Pts',(8.9649648680497,63.2145980985909,-24.030044249182));
#8101=CARTESIAN_POINT('Ctrl Pts',(8.95991970990823,63.2287679521887,-24.0300387721857));
#8102=CARTESIAN_POINT('Ctrl Pts',(8.95438518865531,63.2427971949475,-24.0300616193846));
#8103=CARTESIAN_POINT('Ctrl Pts',(8.94836671520997,63.2566875776866,-24.0301051909821));
#8104=CARTESIAN_POINT('Ctrl Pts',(8.94099574083156,63.2736994755053,-24.0301585542031));
#8105=CARTESIAN_POINT('Ctrl Pts',(8.93310519433954,63.2900492475151,-24.0302354470191));
#8106=CARTESIAN_POINT('Ctrl Pts',(8.92491629194856,63.3056513732833,-24.0303083406955));
#8107=CARTESIAN_POINT('Ctrl Pts',(8.92115403864707,63.312819507226,-24.0303418304675));
#8108=CARTESIAN_POINT('Ctrl Pts',(8.91732915638149,63.3198305532083,-24.0303744478528));
#8109=CARTESIAN_POINT('Ctrl Pts',(8.91346438697161,63.3266794976129,-24.0304033843449));
#8110=CARTESIAN_POINT('Ctrl Pts',(8.90353652178683,63.3442731466759,-24.0304777167469));
#8111=CARTESIAN_POINT('Ctrl Pts',(8.89339717681273,63.3608207637237,-24.0304950504744));
#8112=CARTESIAN_POINT('Ctrl Pts',(8.88333146917346,63.3761464973131,-24.0304988873826));
#8113=CARTESIAN_POINT('Ctrl Pts',(8.88041719197324,63.3805836851967,-24.0304999982646));
#8114=CARTESIAN_POINT('Ctrl Pts',(8.87750940748693,63.3849186018682,-24.0305000000005));
#8115=CARTESIAN_POINT('Ctrl Pts',(8.87461566863607,63.389147355462,-24.0305000000005));
#8116=CARTESIAN_POINT('Ctrl Pts',(8.8684490465458,63.3981589237719,-24.0305000000005));
#8117=CARTESIAN_POINT('Ctrl Pts',(8.86234663373304,63.4066875511004,-24.0305000000005));
#8118=CARTESIAN_POINT('Ctrl Pts',(8.85639894239011,63.4147093952985,-24.0305000000005));
#8119=CARTESIAN_POINT('',(9.00000014901161,63.0181577838249,-24.0305000000005));
#8120=CARTESIAN_POINT('Ctrl Pts',(9.00000014901161,63.0181577838249,-24.0305000000005));
#8121=CARTESIAN_POINT('Ctrl Pts',(9.00000014901161,63.0285668485755,-24.0305000000005));
#8122=CARTESIAN_POINT('Ctrl Pts',(8.99970475983733,63.0389540958516,-24.0304962795333));
#8123=CARTESIAN_POINT('Ctrl Pts',(8.99911203373569,63.0493461797569,-24.0304873969468));
#8124=CARTESIAN_POINT('Ctrl Pts',(8.99866700347863,63.057148757978,-24.0304807277285));
#8125=CARTESIAN_POINT('Ctrl Pts',(8.99806571591615,63.0648284113844,-24.0304714084264));
#8126=CARTESIAN_POINT('Ctrl Pts',(8.9972815188228,63.0726904178466,-24.0304581114718));
#8127=CARTESIAN_POINT('Ctrl Pts',(8.99701757467597,63.0753366028499,-24.0304536359983));
#8128=CARTESIAN_POINT('Ctrl Pts',(8.99673248508764,63.078003500253,-24.0304487099152));
#8129=CARTESIAN_POINT('Ctrl Pts',(8.99642390862706,63.0807029766232,-24.0304432826031));
#8130=CARTESIAN_POINT('Ctrl Pts',(8.85618177759944,63.4145491805344,-24.031));
#8131=CARTESIAN_POINT('Ctrl Pts',(8.94495571647799,63.2938713334341,-24.031));
#8132=CARTESIAN_POINT('Ctrl Pts',(8.9847480579333,63.1828450914957,-24.031));
#8133=CARTESIAN_POINT('Ctrl Pts',(8.99882327836448,63.0597129258107,-24.031));
#8134=CARTESIAN_POINT('Ctrl Pts',(9.00000014901161,63.0389345999417,-24.031));
#8135=CARTESIAN_POINT('Ctrl Pts',(9.00000014901161,63.0181577838249,-24.031));
#8136=CARTESIAN_POINT('Ctrl Pts',(7.96432176088903,63.9516663404825,-23.031));
#8137=CARTESIAN_POINT('Ctrl Pts',(7.96432176088903,63.9516663404825,-24.231));
#8138=CARTESIAN_POINT('Ctrl Pts',(8.07984317187911,63.9229312578706,-23.031));
#8139=CARTESIAN_POINT('Ctrl Pts',(8.07984317187911,63.9229312578706,-24.231));
#8140=CARTESIAN_POINT('Ctrl Pts',(8.18946708961292,63.8854087791607,-23.031));
#8141=CARTESIAN_POINT('Ctrl Pts',(8.18946708961292,63.8854087791607,-24.231));
#8142=CARTESIAN_POINT('Ctrl Pts',(8.42069700655298,63.7836784169944,-23.031));
#8143=CARTESIAN_POINT('Ctrl Pts',(8.42069700655298,63.7836784169944,-24.231));
#8144=CARTESIAN_POINT('Ctrl Pts',(8.53575057371872,63.7148116019273,-23.031));
#8145=CARTESIAN_POINT('Ctrl Pts',(8.53575057371872,63.7148116019273,-24.231));
#8146=CARTESIAN_POINT('Ctrl Pts',(8.63077658952063,63.6413235328254,-23.031));
#8147=CARTESIAN_POINT('Ctrl Pts',(8.63077658952063,63.6413235328254,-24.231));
#8148=CARTESIAN_POINT('Ctrl Pts',(8.72580260532253,63.5678354637236,-23.031));
#8149=CARTESIAN_POINT('Ctrl Pts',(8.72580260532253,63.5678354637236,-24.231));
#8150=CARTESIAN_POINT('Ctrl Pts',(8.80069806580035,63.4899728349721,-23.031));
#8151=CARTESIAN_POINT('Ctrl Pts',(8.80069806580035,63.4899728349721,-24.231));
#8152=CARTESIAN_POINT('Ctrl Pts',(8.94495571647799,63.2938713334341,-23.031));
#8153=CARTESIAN_POINT('Ctrl Pts',(8.94495571647799,63.2938713334341,-24.231));
#8154=CARTESIAN_POINT('Ctrl Pts',(8.9847480579333,63.1828450914957,-23.031));
#8155=CARTESIAN_POINT('Ctrl Pts',(8.9847480579333,63.1828450914957,-24.231));
#8156=CARTESIAN_POINT('Ctrl Pts',(8.99882327836448,63.0597129258107,-23.031));
#8157=CARTESIAN_POINT('Ctrl Pts',(8.99882327836448,63.0597129258107,-24.231));
#8158=CARTESIAN_POINT('Ctrl Pts',(9.00000014901161,63.0389345999417,-23.031));
#8159=CARTESIAN_POINT('Ctrl Pts',(9.00000014901161,63.0389345999417,-24.231));
#8160=CARTESIAN_POINT('Ctrl Pts',(9.00000014901161,63.0181577838249,-23.031));
#8161=CARTESIAN_POINT('Ctrl Pts',(9.00000014901161,63.0181577838249,-24.231));
#8162=CARTESIAN_POINT('',(7.96432176088903,63.9516663404825,-24.031));
#8163=CARTESIAN_POINT('Ctrl Pts',(7.96432176088903,63.9516663404825,-24.031));
#8164=CARTESIAN_POINT('Ctrl Pts',(8.07984317187911,63.9229312578706,-24.031));
#8165=CARTESIAN_POINT('Ctrl Pts',(8.18946708961292,63.8854087791607,-24.031));
#8166=CARTESIAN_POINT('Ctrl Pts',(8.42069700655298,63.7836784169944,-24.031));
#8167=CARTESIAN_POINT('Ctrl Pts',(8.53575057371872,63.7148116019273,-24.031));
#8168=CARTESIAN_POINT('Ctrl Pts',(8.72580240123191,63.5678356215564,-24.031));
#8169=CARTESIAN_POINT('Ctrl Pts',(8.80069774408918,63.4899731694286,-24.031));
#8170=CARTESIAN_POINT('Ctrl Pts',(8.85618142010638,63.4145496665043,-24.031));
#8171=CARTESIAN_POINT('',(7.96432176088903,63.9516663404825,-24.0305000000005));
#8172=CARTESIAN_POINT('',(7.96432176088903,63.9516663404825,-23.031));
#8173=CARTESIAN_POINT('',(8.63030238156439,63.6406763964764,-24.0291260318174));
#8174=CARTESIAN_POINT('Ctrl Pts',(7.96432176088903,63.9516663404825,-24.0305000000005));
#8175=CARTESIAN_POINT('Ctrl Pts',(8.08384971653916,63.9219346600035,-24.0305000000005));
#8176=CARTESIAN_POINT('Ctrl Pts',(8.20250197951917,63.8814509848224,-24.0295193380717));
#8177=CARTESIAN_POINT('Ctrl Pts',(8.42567825095273,63.7792910277609,-24.0282969030971));
#8178=CARTESIAN_POINT('Ctrl Pts',(8.53410247263538,63.7160887606381,-24.0280267654574));
#8179=CARTESIAN_POINT('Ctrl Pts',(8.63079488872554,63.6413093809466,-24.0285975092505));
#8180=CARTESIAN_POINT('Ctrl Pts',(8.85639866745539,63.4147097666294,-24.0304999998273));
#8181=CARTESIAN_POINT('Ctrl Pts',(8.85174389826081,63.4209965638717,-24.0304970680907));
#8182=CARTESIAN_POINT('Ctrl Pts',(8.8469576689751,63.4272960024771,-24.0304880550507));
#8183=CARTESIAN_POINT('Ctrl Pts',(8.84203346165257,63.4336065076141,-24.030473714239));
#8184=CARTESIAN_POINT('Ctrl Pts',(8.81943349462373,63.4625689778533,-24.030407896159));
#8185=CARTESIAN_POINT('Ctrl Pts',(8.79393065673617,63.4917672250552,-24.0302290248844));
#8186=CARTESIAN_POINT('Ctrl Pts',(8.76553918391353,63.5208592206747,-24.0300162906563));
#8187=CARTESIAN_POINT('Ctrl Pts',(8.73495128411246,63.5522018372618,-24.0297870988389));
#8188=CARTESIAN_POINT('Ctrl Pts',(8.70100958314133,63.5834213489517,-24.0295185035135));
#8189=CARTESIAN_POINT('Ctrl Pts',(8.66369088263192,63.6140492140661,-24.0293227302055));
#8190=CARTESIAN_POINT('Ctrl Pts',(8.65283301540083,63.6229603842957,-24.029265770007));
#8191=CARTESIAN_POINT('Ctrl Pts',(8.64168908201729,63.6318212062293,-24.0292150583811));
#8192=CARTESIAN_POINT('Ctrl Pts',(8.63025809411207,63.6406194769597,-24.0291735578633));
#8193=CARTESIAN_POINT('Ctrl Pts',(7.41383842335205,64.0181577838249,-23.031));
#8194=CARTESIAN_POINT('Ctrl Pts',(7.41383842335205,64.0181577838249,-24.231));
#8195=CARTESIAN_POINT('Ctrl Pts',(7.5078611716249,64.0181577838249,-23.031));
#8196=CARTESIAN_POINT('Ctrl Pts',(7.5078611716249,64.0181577838249,-24.231));
#8197=CARTESIAN_POINT('Ctrl Pts',(7.60188110707579,64.0124718925657,-23.031));
#8198=CARTESIAN_POINT('Ctrl Pts',(7.60188110707579,64.0124718925657,-24.231));
#8199=CARTESIAN_POINT('Ctrl Pts',(7.78649338194423,63.9900764127059,-23.031));
#8200=CARTESIAN_POINT('Ctrl Pts',(7.78649338194423,63.9900764127059,-24.231));
#8201=CARTESIAN_POINT('Ctrl Pts',(7.8770797172217,63.9733671430482,-23.031));
#8202=CARTESIAN_POINT('Ctrl Pts',(7.8770797172217,63.9733671430482,-24.231));
#8203=CARTESIAN_POINT('Ctrl Pts',(7.96432176089006,63.9516663404822,-23.031));
#8204=CARTESIAN_POINT('Ctrl Pts',(7.96432176089006,63.9516663404822,-24.231));
#8205=CARTESIAN_POINT('',(7.41383842335205,64.0179077838252,-24.0307500000003));
#8206=CARTESIAN_POINT('Ctrl Pts',(7.96432176088902,63.9516663404825,-24.0305000000005));
#8207=CARTESIAN_POINT('Ctrl Pts',(7.90964217368999,63.965267476773,-24.0305000000005));
#8208=CARTESIAN_POINT('Ctrl Pts',(7.85422493924481,63.9767653368743,-24.030467510786));
#8209=CARTESIAN_POINT('Ctrl Pts',(7.79849357481402,63.9861645968333,-24.0304423857594));
#8210=CARTESIAN_POINT('Ctrl Pts',(7.76381687326349,63.992012925431,-24.0304267526763));
#8211=CARTESIAN_POINT('Ctrl Pts',(7.72901744353957,63.9970488701001,-24.0304139706186));
#8212=CARTESIAN_POINT('Ctrl Pts',(7.69418724451001,64.0012741526358,-24.0304136397737));
#8213=CARTESIAN_POINT('Ctrl Pts',(7.69379571323182,64.0013216496447,-24.0304136360546));
#8214=CARTESIAN_POINT('Ctrl Pts',(7.69340417853224,64.0013690441606,-24.0304136338996));
#8215=CARTESIAN_POINT('Ctrl Pts',(7.69301264055387,64.0014163362122,-24.0304136332956));
#8216=CARTESIAN_POINT('Ctrl Pts',(7.61666345048371,64.01063819982,-24.0304135155201));
#8217=CARTESIAN_POINT('Ctrl Pts',(7.53949926420186,64.0160478442575,-24.0304725184903));
#8218=CARTESIAN_POINT('Ctrl Pts',(7.46248202930116,64.0176511908119,-24.0304930548827));
#8219=CARTESIAN_POINT('Ctrl Pts',(7.4462582576638,64.0179889376603,-24.030497380898));
#8220=CARTESIAN_POINT('Ctrl Pts',(7.43004082225282,64.0181577838249,-24.0305000000005));
#8221=CARTESIAN_POINT('Ctrl Pts',(7.41383842335205,64.0181577838249,-24.0305000000005));
#8222=CARTESIAN_POINT('Ctrl Pts',(7.41383842335205,64.0181577838249,-24.031));
#8223=CARTESIAN_POINT('Ctrl Pts',(7.5078611716249,64.0181577838249,-24.031));
#8224=CARTESIAN_POINT('Ctrl Pts',(7.60188110707579,64.0124718925657,-24.031));
#8225=CARTESIAN_POINT('Ctrl Pts',(7.69418724451001,64.0012741526358,-24.031));
#8226=CARTESIAN_POINT('Ctrl Pts',(7.78649338194386,63.9900764127059,-24.031));
#8227=CARTESIAN_POINT('Ctrl Pts',(7.87707971722098,63.9733671430483,-24.031));
#8228=CARTESIAN_POINT('Ctrl Pts',(7.96432176088902,63.9516663404825,-24.031));
#8229=CARTESIAN_POINT('Ctrl Pts',(-7.96432176089006,63.9516663404822,-23.031));
#8230=CARTESIAN_POINT('Ctrl Pts',(-7.96432176089006,63.9516663404822,-24.231));
#8231=CARTESIAN_POINT('Ctrl Pts',(-7.87707971722171,63.9733671430482,-23.031));
#8232=CARTESIAN_POINT('Ctrl Pts',(-7.87707971722171,63.9733671430482,-24.231));
#8233=CARTESIAN_POINT('Ctrl Pts',(-7.78649338194423,63.9900764127059,-23.031));
#8234=CARTESIAN_POINT('Ctrl Pts',(-7.78649338194423,63.9900764127059,-24.231));
#8235=CARTESIAN_POINT('Ctrl Pts',(-7.60188110707579,64.0124718925657,-23.031));
#8236=CARTESIAN_POINT('Ctrl Pts',(-7.60188110707579,64.0124718925657,-24.231));
#8237=CARTESIAN_POINT('Ctrl Pts',(-7.50786117162491,64.0181577838249,-23.031));
#8238=CARTESIAN_POINT('Ctrl Pts',(-7.50786117162491,64.0181577838249,-24.231));
#8239=CARTESIAN_POINT('Ctrl Pts',(-7.41383842335206,64.0181577838249,-23.031));
#8240=CARTESIAN_POINT('Ctrl Pts',(-7.41383842335206,64.0181577838249,-24.231));
#8241=CARTESIAN_POINT('',(-7.96432176089006,63.9516663404822,-24.031));
#8242=CARTESIAN_POINT('',(-7.41383842335206,64.0179077838252,-24.0307500000002));
#8243=CARTESIAN_POINT('Ctrl Pts',(-7.96432176089006,63.9516663404822,-24.031));
#8244=CARTESIAN_POINT('Ctrl Pts',(-7.87707971722171,63.9733671430482,-24.031));
#8245=CARTESIAN_POINT('Ctrl Pts',(-7.78649338194423,63.9900764127059,-24.031));
#8246=CARTESIAN_POINT('Ctrl Pts',(-7.69418724451001,64.0012741526358,-24.031));
#8247=CARTESIAN_POINT('Ctrl Pts',(-7.60188110707579,64.0124718925657,-24.031));
#8248=CARTESIAN_POINT('Ctrl Pts',(-7.50786117162491,64.0181577838249,-24.031));
#8249=CARTESIAN_POINT('Ctrl Pts',(-7.41383842335206,64.0181577838249,-24.031));
#8250=CARTESIAN_POINT('',(-7.96432176088903,63.9516663404825,-24.0305000000005));
#8251=CARTESIAN_POINT('',(-7.96432176089006,63.9516663404822,-23.031));
#8252=CARTESIAN_POINT('Ctrl Pts',(-7.41383842335206,64.0181577838249,-24.0305000000004));
#8253=CARTESIAN_POINT('Ctrl Pts',(-7.49075419792526,64.0181577838249,-24.0305000000004));
#8254=CARTESIAN_POINT('Ctrl Pts',(-7.56801292321139,64.0143527197636,-24.0304409765375));
#8255=CARTESIAN_POINT('Ctrl Pts',(-7.64466363217634,64.0067366913114,-24.0304205169352));
#8256=CARTESIAN_POINT('Ctrl Pts',(-7.66081019469904,64.0051323659081,-24.0304162070958));
#8257=CARTESIAN_POINT('Ctrl Pts',(-7.67692959334426,64.0033589326907,-24.030413608486));
#8258=CARTESIAN_POINT('Ctrl Pts',(-7.69301264055388,64.0014163362122,-24.0304136332956));
#8259=CARTESIAN_POINT('Ctrl Pts',(-7.69340417853225,64.0013690441606,-24.0304136338996));
#8260=CARTESIAN_POINT('Ctrl Pts',(-7.69379571323183,64.0013216496447,-24.0304136360546));
#8261=CARTESIAN_POINT('Ctrl Pts',(-7.69418724451002,64.0012741526358,-24.0304136397736));
#8262=CARTESIAN_POINT('Ctrl Pts',(-7.75016530553508,63.9944834040836,-24.0304141714977));
#8263=CARTESIAN_POINT('Ctrl Pts',(-7.80606643451638,63.9855985831684,-24.030446864659));
#8264=CARTESIAN_POINT('Ctrl Pts',(-7.86149947961968,63.9746130389115,-24.0304718658552));
#8265=CARTESIAN_POINT('Ctrl Pts',(-7.89599056341206,63.9677777058216,-24.0304874218896));
#8266=CARTESIAN_POINT('Ctrl Pts',(-7.9302994873418,63.9601291252826,-24.0305000000005));
#8267=CARTESIAN_POINT('Ctrl Pts',(-7.96432176088902,63.9516663404825,-24.0305000000005));
#8268=CARTESIAN_POINT('Ctrl Pts',(-9.00000014901161,63.0181577838249,-23.031));
#8269=CARTESIAN_POINT('Ctrl Pts',(-9.00000014901161,63.0181577838249,-24.231));
#8270=CARTESIAN_POINT('Ctrl Pts',(-9.00000014901161,63.0389345999417,-23.031));
#8271=CARTESIAN_POINT('Ctrl Pts',(-9.00000014901161,63.0389345999417,-24.231));
#8272=CARTESIAN_POINT('Ctrl Pts',(-8.99882327836448,63.0597129258107,-23.031));
#8273=CARTESIAN_POINT('Ctrl Pts',(-8.99882327836448,63.0597129258107,-24.231));
#8274=CARTESIAN_POINT('Ctrl Pts',(-8.9847480579333,63.1828450914957,-23.031));
#8275=CARTESIAN_POINT('Ctrl Pts',(-8.9847480579333,63.1828450914957,-24.231));
#8276=CARTESIAN_POINT('Ctrl Pts',(-8.94495571647799,63.2938713334341,-23.031));
#8277=CARTESIAN_POINT('Ctrl Pts',(-8.94495571647799,63.2938713334341,-24.231));
#8278=CARTESIAN_POINT('Ctrl Pts',(-8.80069806580035,63.4899728349721,-23.031));
#8279=CARTESIAN_POINT('Ctrl Pts',(-8.80069806580035,63.4899728349721,-24.231));
#8280=CARTESIAN_POINT('Ctrl Pts',(-8.72580260532253,63.5678354637236,-23.031));
#8281=CARTESIAN_POINT('Ctrl Pts',(-8.72580260532253,63.5678354637236,-24.231));
#8282=CARTESIAN_POINT('Ctrl Pts',(-8.63077658952063,63.6413235328254,-23.031));
#8283=CARTESIAN_POINT('Ctrl Pts',(-8.63077658952063,63.6413235328254,-24.231));
#8284=CARTESIAN_POINT('Ctrl Pts',(-8.53575057371872,63.7148116019273,-23.031));
#8285=CARTESIAN_POINT('Ctrl Pts',(-8.53575057371872,63.7148116019273,-24.231));
#8286=CARTESIAN_POINT('Ctrl Pts',(-8.42069700655298,63.7836784169944,-23.031));
#8287=CARTESIAN_POINT('Ctrl Pts',(-8.42069700655298,63.7836784169944,-24.231));
#8288=CARTESIAN_POINT('Ctrl Pts',(-8.18946708961292,63.8854087791607,-23.031));
#8289=CARTESIAN_POINT('Ctrl Pts',(-8.18946708961292,63.8854087791607,-24.231));
#8290=CARTESIAN_POINT('Ctrl Pts',(-8.07984317187911,63.9229312578706,-23.031));
#8291=CARTESIAN_POINT('Ctrl Pts',(-8.07984317187911,63.9229312578706,-24.231));
#8292=CARTESIAN_POINT('Ctrl Pts',(-7.96432176088903,63.9516663404825,-23.031));
#8293=CARTESIAN_POINT('Ctrl Pts',(-7.96432176088903,63.9516663404825,-24.231));
#8294=CARTESIAN_POINT('',(-8.99660363749781,63.0807232634692,-24.0305000000005));
#8295=CARTESIAN_POINT('',(-9.00000014901161,63.0181577838249,-24.0305000000005));
#8296=CARTESIAN_POINT('Ctrl Pts',(-8.9964239511031,63.0807026050349,-24.0305000000005));
#8297=CARTESIAN_POINT('Ctrl Pts',(-8.99882312754718,63.0597141009848,-24.0305000000005));
#8298=CARTESIAN_POINT('Ctrl Pts',(-9.00000014901161,63.0389042240552,-24.0305000000005));
#8299=CARTESIAN_POINT('Ctrl Pts',(-9.00000014901161,63.0181577838249,-24.0305000000005));
#8300=CARTESIAN_POINT('',(-8.85615367575926,63.4145285767518,-24.0304379110425));
#8301=CARTESIAN_POINT('Ctrl Pts',(-8.85615367575925,63.4145285767518,-24.0304379110425));
#8302=CARTESIAN_POINT('Ctrl Pts',(-8.86427855008965,63.403475129786,-24.0304283402514));
#8303=CARTESIAN_POINT('Ctrl Pts',(-8.87310129339303,63.3910015854264,-24.0304083998445));
#8304=CARTESIAN_POINT('Ctrl Pts',(-8.88222316054624,63.3772646092735,-24.0303869178099));
#8305=CARTESIAN_POINT('Ctrl Pts',(-8.88519786015164,63.3727848929111,-24.0303799123801));
#8306=CARTESIAN_POINT('Ctrl Pts',(-8.88820417712537,63.36817117751,-24.0303727399634));
#8307=CARTESIAN_POINT('Ctrl Pts',(-8.89122787787774,63.3634300427237,-24.0303656964014));
#8308=CARTESIAN_POINT('Ctrl Pts',(-8.89953598035356,63.3504030149582,-24.0303463430859));
#8309=CARTESIAN_POINT('Ctrl Pts',(-8.90797385190088,63.3364123584848,-24.0303286867384));
#8310=CARTESIAN_POINT('Ctrl Pts',(-8.9162594293213,63.3215748146685,-24.0303229905903));
#8311=CARTESIAN_POINT('Ctrl Pts',(-8.91873771987281,63.3171367721783,-24.0303212868212));
#8312=CARTESIAN_POINT('Ctrl Pts',(-8.92120229498342,63.3126232957112,-24.0303206483964));
#8313=CARTESIAN_POINT('Ctrl Pts',(-8.92364541880989,63.3080384250223,-24.0303213377068));
#8314=CARTESIAN_POINT('Ctrl Pts',(-8.92774244186696,63.3003497762841,-24.0303224936533));
#8315=CARTESIAN_POINT('Ctrl Pts',(-8.93170317229788,63.292597212568,-24.0303287779341));
#8316=CARTESIAN_POINT('Ctrl Pts',(-8.93552067588784,63.2847892535106,-24.0303385134402));
#8317=CARTESIAN_POINT('Ctrl Pts',(-8.94548052731041,63.2644183199167,-24.0303639133363));
#8318=CARTESIAN_POINT('Ctrl Pts',(-8.95446630494626,63.243673948189,-24.0304126377952));
#8319=CARTESIAN_POINT('Ctrl Pts',(-8.96236656920009,63.2224825598427,-24.0304565660055));
#8320=CARTESIAN_POINT('Ctrl Pts',(-8.97022607876348,63.2014004904311,-24.0305002676055));
#8321=CARTESIAN_POINT('Ctrl Pts',(-8.97707700236939,63.1799147755501,-24.0305000000005));
#8322=CARTESIAN_POINT('Ctrl Pts',(-8.98265998370164,63.1579682233823,-24.0305000000005));
#8323=CARTESIAN_POINT('Ctrl Pts',(-8.9858932904963,63.1452581797657,-24.0305000000005));
#8324=CARTESIAN_POINT('Ctrl Pts',(-8.9886828210091,63.1324672333091,-24.0305000000005));
#8325=CARTESIAN_POINT('Ctrl Pts',(-8.99101718226029,63.1195922923998,-24.0305000000005));
#8326=CARTESIAN_POINT('Ctrl Pts',(-8.99218436288588,63.1131548219451,-24.0305000000005));
#8327=CARTESIAN_POINT('Ctrl Pts',(-8.99323789824715,63.1066962666752,-24.0305000000005));
#8328=CARTESIAN_POINT('Ctrl Pts',(-8.99417724584941,63.1002157302655,-24.0305000000005));
#8329=CARTESIAN_POINT('Ctrl Pts',(-8.99469203465354,63.0966642147451,-24.0305000000005));
#8330=CARTESIAN_POINT('Ctrl Pts',(-8.99517253919794,63.093106091633,-24.0305000000005));
#8331=CARTESIAN_POINT('Ctrl Pts',(-8.99561874482038,63.0895411710201,-24.0305000000005));
#8332=CARTESIAN_POINT('Ctrl Pts',(-8.9959489852975,63.086902743746,-24.0305000000005));
#8333=CARTESIAN_POINT('Ctrl Pts',(-8.99626033480923,63.0842608449498,-24.0305000000005));
#8334=CARTESIAN_POINT('Ctrl Pts',(-8.99655136339852,63.0816305025283,-24.0305000000005));
#8335=CARTESIAN_POINT('Ctrl Pts',(-8.99658463644669,63.0813297777428,-24.0305000000005));
#8336=CARTESIAN_POINT('Ctrl Pts',(-8.99661765008688,63.0810291565808,-24.0305000000005));
#8337=CARTESIAN_POINT('Ctrl Pts',(-8.99665040495666,63.0807286402951,-24.0305000000005));
#8338=CARTESIAN_POINT('',(-8.63068929028321,63.6412087715715,-24.0302592712726));
#8339=CARTESIAN_POINT('Ctrl Pts',(-8.63068282200798,63.6412004477973,-24.0302662490208));
#8340=CARTESIAN_POINT('Ctrl Pts',(-8.65404025834124,63.6232313776477,-24.0303248819833));
#8341=CARTESIAN_POINT('Ctrl Pts',(-8.67625761046559,63.6049756233201,-24.0303685507381));
#8342=CARTESIAN_POINT('Ctrl Pts',(-8.69722444611746,63.5865420551588,-24.0304002767005));
#8343=CARTESIAN_POINT('Ctrl Pts',(-8.72983781419589,63.5578691188404,-24.0304496256107));
#8344=CARTESIAN_POINT('Ctrl Pts',(-8.75942232060266,63.5287659867226,-24.0304701215008));
#8345=CARTESIAN_POINT('Ctrl Pts',(-8.78609933630111,63.4996369609977,-24.0304726525008));
#8346=CARTESIAN_POINT('Ctrl Pts',(-8.81217367854589,63.4711660032791,-24.0304751263218));
#8347=CARTESIAN_POINT('Ctrl Pts',(-8.83547134327351,63.442671225792,-24.0304604597863));
#8348=CARTESIAN_POINT('Ctrl Pts',(-8.8561536751909,63.4145285775251,-24.0304379110431));
#8349=CARTESIAN_POINT('Ctrl Pts',(-8.63077776378467,63.641322624711,-24.0301638291658));
#8350=CARTESIAN_POINT('Ctrl Pts',(-8.53388112164203,63.7162575043078,-24.0297088414114));
#8351=CARTESIAN_POINT('Ctrl Pts',(-8.42519517923266,63.7795771827431,-24.0294218185584));
#8352=CARTESIAN_POINT('Ctrl Pts',(-8.20194163511792,63.8816417315875,-24.0298230081015));
#8353=CARTESIAN_POINT('Ctrl Pts',(-8.08353964199028,63.9220117887167,-24.0305000000005));
#8354=CARTESIAN_POINT('Ctrl Pts',(-7.96432176088903,63.9516663404825,-24.0305000000005));
#8355=CARTESIAN_POINT('Ctrl Pts',(-9.00000014901161,63.0181577838249,-24.031));
#8356=CARTESIAN_POINT('Ctrl Pts',(-9.00000014901161,63.0389345999417,-24.031));
#8357=CARTESIAN_POINT('Ctrl Pts',(-8.99882327836448,63.0597129258107,-24.031));
#8358=CARTESIAN_POINT('Ctrl Pts',(-8.9847480579333,63.1828450914957,-24.031));
#8359=CARTESIAN_POINT('Ctrl Pts',(-8.94495571647799,63.2938713334341,-24.031));
#8360=CARTESIAN_POINT('Ctrl Pts',(-8.80069806580035,63.4899728349721,-24.031));
#8361=CARTESIAN_POINT('Ctrl Pts',(-8.72580260532253,63.5678354637236,-24.031));
#8362=CARTESIAN_POINT('Ctrl Pts',(-8.53575057371872,63.7148116019273,-24.031));
#8363=CARTESIAN_POINT('Ctrl Pts',(-8.42069700655298,63.7836784169944,-24.031));
#8364=CARTESIAN_POINT('Ctrl Pts',(-8.18946708961292,63.8854087791607,-24.031));
#8365=CARTESIAN_POINT('Ctrl Pts',(-8.07984317187911,63.9229312578706,-24.031));
#8366=CARTESIAN_POINT('Ctrl Pts',(-7.96432176088903,63.9516663404825,-24.031));
#8367=CARTESIAN_POINT('Origin',(-1.11022302462516E-15,7.88407889191242,
-24.031));
#8368=CARTESIAN_POINT('',(-9.00000014901161,-47.6895392218515,-24.0305000000005));
#8369=CARTESIAN_POINT('',(-8.96657842697346,-47.9714655445959,-24.0305000000005));
#8370=CARTESIAN_POINT('Ctrl Pts',(-9.00000014901161,-47.6895392218515,-24.0305000000005));
#8371=CARTESIAN_POINT('Ctrl Pts',(-9.00000014901161,-47.7394912104056,-24.0305000000005));
#8372=CARTESIAN_POINT('Ctrl Pts',(-8.99743871761718,-47.7901173962401,-24.030472353318));
#8373=CARTESIAN_POINT('Ctrl Pts',(-8.98632096551204,-47.8839143740604,-24.0304636194896));
#8374=CARTESIAN_POINT('Ctrl Pts',(-8.97824776278662,-47.9286570075273,-24.0305000000005));
#8375=CARTESIAN_POINT('Ctrl Pts',(-8.96657842697346,-47.9714655445959,-24.0305000000005));
#8376=CARTESIAN_POINT('',(-9.00000014901161,0.,-24.0305000000005));
#8377=CARTESIAN_POINT('',(2.5000000372529,64.0176577838254,-24.031));
#8378=CARTESIAN_POINT('',(9.00000014901161,-47.6895392218514,-24.0307524903654));
#8379=CARTESIAN_POINT('',(9.00000014901161,0.,-24.0305000000005));
#8380=CARTESIAN_POINT('',(8.96657842697345,-47.9714655445959,-24.031));
#8381=CARTESIAN_POINT('Ctrl Pts',(9.00000014901161,-47.6895392218514,-24.031));
#8382=CARTESIAN_POINT('Ctrl Pts',(9.00000014901161,-47.7394900415066,-24.031));
#8383=CARTESIAN_POINT('Ctrl Pts',(8.99743877962058,-47.7901168731368,-24.031));
#8384=CARTESIAN_POINT('Ctrl Pts',(8.98632124160374,-47.8839120447616,-24.031));
#8385=CARTESIAN_POINT('Ctrl Pts',(8.97824802992582,-47.9286560275367,-24.031));
#8386=CARTESIAN_POINT('Ctrl Pts',(8.96657842697346,-47.9714655445959,-24.031));
#8387=CARTESIAN_POINT('',(8.91706267784767,-48.0967273953481,-24.031));
#8388=CARTESIAN_POINT('Ctrl Pts',(8.96657842697345,-47.9714655445959,-24.031));
#8389=CARTESIAN_POINT('Ctrl Pts',(8.95178043852978,-48.0257514308687,-24.031));
#8390=CARTESIAN_POINT('Ctrl Pts',(8.93403537944797,-48.066601520892,-24.031));
#8391=CARTESIAN_POINT('Ctrl Pts',(8.91706390988901,-48.0967252085389,-24.031));
#8392=CARTESIAN_POINT('Ctrl Pts',(8.91706349929729,-48.096725937323,-24.031));
#8393=CARTESIAN_POINT('Ctrl Pts',(8.91706308870605,-48.096726666101,-24.031));
#8394=CARTESIAN_POINT('Ctrl Pts',(8.9170626781153,-48.096727394873,-24.031));
#8395=CARTESIAN_POINT('',(8.8765701971529,-48.1536842952039,-24.031));
#8396=CARTESIAN_POINT('Ctrl Pts',(8.91706267784767,-48.0967273953481,-24.031));
#8397=CARTESIAN_POINT('Ctrl Pts',(8.90307152504093,-48.1215607857102,-24.031));
#8398=CARTESIAN_POINT('Ctrl Pts',(8.88964037689631,-48.1393897325708,-24.031));
#8399=CARTESIAN_POINT('Ctrl Pts',(8.87657328271092,-48.1536809206542,-24.031));
#8400=CARTESIAN_POINT('Ctrl Pts',(8.87657225441447,-48.153682045279,-24.031));
#8401=CARTESIAN_POINT('Ctrl Pts',(8.87657122611999,-48.153683169883,-24.031));
#8402=CARTESIAN_POINT('Ctrl Pts',(8.87657019782747,-48.1536842944662,-24.031));
#8403=CARTESIAN_POINT('',(8.8355606234061,-48.1893169720475,-24.0308458156348));
#8404=CARTESIAN_POINT('Ctrl Pts',(8.8765701971529,-48.1536842952039,-24.031));
#8405=CARTESIAN_POINT('Ctrl Pts',(8.86350525308631,-48.1679726575036,-24.031));
#8406=CARTESIAN_POINT('Ctrl Pts',(8.85075756776736,-48.1789019178024,-24.031));
#8407=CARTESIAN_POINT('Ctrl Pts',(8.83548034622553,-48.189197627493,-24.031));
#8408=CARTESIAN_POINT('',(8.72663836766618,-48.233928023485,-24.0305000000005));
#8409=CARTESIAN_POINT('Ctrl Pts',(8.72663836766618,-48.233928023485,-24.0305000000005));
#8410=CARTESIAN_POINT('Ctrl Pts',(8.72668702534975,-48.2339165156726,-24.0305000000005));
#8411=CARTESIAN_POINT('Ctrl Pts',(8.72673568152901,-48.2339050014896,-24.0305000000005));
#8412=CARTESIAN_POINT('Ctrl Pts',(8.72676429671926,-48.2338982283804,-24.0304999999442));
#8413=CARTESIAN_POINT('Ctrl Pts',(8.73358146400929,-48.2322846302035,-24.0304999865425));
#8414=CARTESIAN_POINT('Ctrl Pts',(8.74096614119266,-48.2304309717661,-24.0305000000005));
#8415=CARTESIAN_POINT('Ctrl Pts',(8.74872065958501,-48.2282804658467,-24.0305000000005));
#8416=CARTESIAN_POINT('Ctrl Pts',(8.75653321913017,-48.2261138637836,-24.0305000000005));
#8417=CARTESIAN_POINT('Ctrl Pts',(8.76472218661986,-48.2236462451195,-24.0305000000005));
#8418=CARTESIAN_POINT('Ctrl Pts',(8.77306894912169,-48.2207812727269,-24.0305000000005));
#8419=CARTESIAN_POINT('Ctrl Pts',(8.77932902099806,-48.2186325434324,-24.0305000000005));
#8420=CARTESIAN_POINT('Ctrl Pts',(8.78567986010188,-48.2162579457853,-24.0305000000005));
#8421=CARTESIAN_POINT('Ctrl Pts',(8.7920193314273,-48.2136064432669,-24.0305000000005));
#8422=CARTESIAN_POINT('Ctrl Pts',(8.79324345880585,-48.2130944483922,-24.0305000000005));
#8423=CARTESIAN_POINT('Ctrl Pts',(8.79446716281449,-48.2125721221107,-24.0305000000005));
#8424=CARTESIAN_POINT('Ctrl Pts',(8.79568983799469,-48.2120390494327,-24.0305000000005));
#8425=CARTESIAN_POINT('Ctrl Pts',(8.79666104416329,-48.211615614426,-24.0305000000005));
#8426=CARTESIAN_POINT('Ctrl Pts',(8.79763320168741,-48.2111846020625,-24.0305000000005));
#8427=CARTESIAN_POINT('Ctrl Pts',(8.7985863281455,-48.2107549091473,-24.0305000000005));
#8428=CARTESIAN_POINT('Ctrl Pts',(8.80555265644451,-48.2076143165329,-24.0305000000005));
#8429=CARTESIAN_POINT('Ctrl Pts',(8.81173703059427,-48.204438357276,-24.0305000000005));
#8430=CARTESIAN_POINT('Ctrl Pts',(8.81719627312713,-48.2013530468891,-24.0305000000005));
#8431=CARTESIAN_POINT('Ctrl Pts',(8.82249923028681,-48.1983560617381,-24.0305000000005));
#8432=CARTESIAN_POINT('Ctrl Pts',(8.82711841673584,-48.1954494441918,-24.0305000000005));
#8433=CARTESIAN_POINT('Ctrl Pts',(8.83113401282024,-48.1927573585444,-24.0305000000005));
#8434=CARTESIAN_POINT('Ctrl Pts',(8.83276944952949,-48.1916609495432,-24.0305000000005));
#8435=CARTESIAN_POINT('Ctrl Pts',(8.83430361093824,-48.1906007425522,-24.0305000000005));
#8436=CARTESIAN_POINT('Ctrl Pts',(8.83574067476269,-48.1895846464825,-24.0305000000005));
#8437=CARTESIAN_POINT('',(8.57319869334289,-48.25,-24.0305000000005));
#8438=CARTESIAN_POINT('Origin',(8.25893630633434,-47.8838645369492,-24.0305000000005));
#8439=CARTESIAN_POINT('',(-8.57319869334288,-48.25,-24.030750018071));
#8440=CARTESIAN_POINT('',(-7.50000011175871,-48.25,-24.0305000000005));
#8441=CARTESIAN_POINT('',(-8.72663836766618,-48.233928023485,-24.031));
#8442=CARTESIAN_POINT('Origin',(-8.25893630632157,-47.8838645369379,-24.031));
#8443=CARTESIAN_POINT('',(-8.83548006717216,-48.1891978155539,-24.031));
#8444=CARTESIAN_POINT('Ctrl Pts',(-8.72663836766618,-48.233928023485,-24.031));
#8445=CARTESIAN_POINT('Ctrl Pts',(-8.72666875731835,-48.2339208361635,-24.031));
#8446=CARTESIAN_POINT('Ctrl Pts',(-8.726699146582,-48.2339136455211,-24.031));
#8447=CARTESIAN_POINT('Ctrl Pts',(-8.7267246839721,-48.2339076008391,-24.031));
#8448=CARTESIAN_POINT('Ctrl Pts',(-8.7267400351792,-48.2339039672193,-24.031));
#8449=CARTESIAN_POINT('Ctrl Pts',(-8.72675363310852,-48.2339007478766,-24.031));
#8450=CARTESIAN_POINT('Ctrl Pts',(-8.72676442469425,-48.233898192657,-24.031));
#8451=CARTESIAN_POINT('Ctrl Pts',(-8.77528376755556,-48.2224098368444,-24.031));
#8452=CARTESIAN_POINT('Ctrl Pts',(-8.80614185760356,-48.2080271913387,-24.031));
#8453=CARTESIAN_POINT('Ctrl Pts',(-8.82984761428354,-48.1928936460032,-24.031));
#8454=CARTESIAN_POINT('Ctrl Pts',(-8.831768559719,-48.1916673314321,-24.031));
#8455=CARTESIAN_POINT('Ctrl Pts',(-8.83364256729144,-48.1904360910748,-24.031));
#8456=CARTESIAN_POINT('Ctrl Pts',(-8.83547524138079,-48.1892010676912,-24.031));
#8457=CARTESIAN_POINT('Ctrl Pts',(-8.83547685000596,-48.1891999836524,-24.031));
#8458=CARTESIAN_POINT('Ctrl Pts',(-8.83547845860308,-48.1891988996067,-24.031));
#8459=CARTESIAN_POINT('Ctrl Pts',(-8.83548006717216,-48.1891978155539,-24.031));
#8460=CARTESIAN_POINT('',(-8.87726800929464,-48.1529181404399,-24.031));
#8461=CARTESIAN_POINT('Ctrl Pts',(-8.83548006717216,-48.1891978155539,-24.031));
#8462=CARTESIAN_POINT('Ctrl Pts',(-8.85075861521281,-48.1789012403781,-24.031));
#8463=CARTESIAN_POINT('Ctrl Pts',(-8.86350718060583,-48.1679710237217,-24.031));
#8464=CARTESIAN_POINT('Ctrl Pts',(-8.87657328271092,-48.1536809206542,-24.031));
#8465=CARTESIAN_POINT('Ctrl Pts',(-8.87680474347999,-48.153427777198,-24.031));
#8466=CARTESIAN_POINT('Ctrl Pts',(-8.87703631847443,-48.1531735237368,-24.031));
#8467=CARTESIAN_POINT('Ctrl Pts',(-8.87726800878324,-48.1529181410036,-24.031));
#8468=CARTESIAN_POINT('',(-8.91706565939278,-48.0967221031726,-24.0307500000003));
#8469=CARTESIAN_POINT('Ctrl Pts',(-8.87726800929464,-48.1529181404399,-24.031));
#8470=CARTESIAN_POINT('Ctrl Pts',(-8.88369238247057,-48.1458368171071,-24.031));
#8471=CARTESIAN_POINT('Ctrl Pts',(-8.8902054159627,-48.1378872447748,-24.031));
#8472=CARTESIAN_POINT('Ctrl Pts',(-8.89683032701208,-48.1286586729134,-24.031));
#8473=CARTESIAN_POINT('Ctrl Pts',(-8.90077181622194,-48.1231681363397,-24.031));
#8474=CARTESIAN_POINT('Ctrl Pts',(-8.90475290619504,-48.1172248784269,-24.031));
#8475=CARTESIAN_POINT('Ctrl Pts',(-8.90877848628538,-48.1107423985981,-24.031));
#8476=CARTESIAN_POINT('Ctrl Pts',(-8.91134050869181,-48.1066167177775,-24.031));
#8477=CARTESIAN_POINT('Ctrl Pts',(-8.91392055183134,-48.1022726249853,-24.031));
#8478=CARTESIAN_POINT('Ctrl Pts',(-8.91651987612266,-48.0976878213769,-24.031));
#8479=CARTESIAN_POINT('Ctrl Pts',(-8.91670112688024,-48.0973681232422,-24.031));
#8480=CARTESIAN_POINT('Ctrl Pts',(-8.91688247138791,-48.0970472547075,-24.031));
#8481=CARTESIAN_POINT('Ctrl Pts',(-8.91706391007301,-48.0967252082123,-24.031));
#8482=CARTESIAN_POINT('Origin',(-8.7243841854394,-47.6136807147524,-24.0305000000005));
#8483=CARTESIAN_POINT('Ctrl Pts',(10.6339833223104,63.0181577838249,-23.2571531593307));
#8484=CARTESIAN_POINT('Ctrl Pts',(10.6339833223104,63.2718589923064,-23.2571531593307));
#8485=CARTESIAN_POINT('Ctrl Pts',(10.5218030682713,63.7773329707392,-23.2390171424466));
#8486=CARTESIAN_POINT('Ctrl Pts',(9.80982943001182,64.7380512224062,-23.1333287543426));
#8487=CARTESIAN_POINT('Ctrl Pts',(8.87649893272569,65.018157783787,-23.0509452892334));
#8488=CARTESIAN_POINT('Ctrl Pts',(8.22960349061997,65.0181577838249,-23.0354115435213));
#8489=CARTESIAN_POINT('Ctrl Pts',(10.0893222645441,63.0181577838249,-23.514935439554));
#8490=CARTESIAN_POINT('Ctrl Pts',(10.0893222645441,63.208492809337,-23.514935439554));
#8491=CARTESIAN_POINT('Ctrl Pts',(10.0069861773941,63.5878637707283,-23.5028447616312));
#8492=CARTESIAN_POINT('Ctrl Pts',(9.47350208522782,64.3439386940431,-23.4323858362286));
#8493=CARTESIAN_POINT('Ctrl Pts',(8.70696374855163,64.6291988337973,-23.3774635261558));
#8494=CARTESIAN_POINT('Ctrl Pts',(8.1411762473747,64.6626606360445,-23.367107695681));
#8495=CARTESIAN_POINT('Ctrl Pts',(9.54466120677788,63.0181577838249,-23.7727177197773));
#8496=CARTESIAN_POINT('Ctrl Pts',(9.54466120677788,63.1451266263676,-23.7727177197773));
#8497=CARTESIAN_POINT('Ctrl Pts',(9.49216928651694,63.3983945707175,-23.7666723808159));
#8498=CARTESIAN_POINT('Ctrl Pts',(9.13717474044383,63.94982616568,-23.7314429181146));
#8499=CARTESIAN_POINT('Ctrl Pts',(8.53742856437757,64.2402398838076,-23.7039817630782));
#8500=CARTESIAN_POINT('Ctrl Pts',(8.05274900412943,64.3071634882641,-23.6988038478408));
#8501=CARTESIAN_POINT('Ctrl Pts',(9.00000014901161,63.0181577838249,-24.0305000000005));
#8502=CARTESIAN_POINT('Ctrl Pts',(9.00000014901161,63.0817604433982,-24.0305000000005));
#8503=CARTESIAN_POINT('Ctrl Pts',(8.97735239563973,63.2089253707066,-24.0305000000005));
#8504=CARTESIAN_POINT('Ctrl Pts',(8.80084739565984,63.5557136373169,-24.0305000000005));
#8505=CARTESIAN_POINT('Ctrl Pts',(8.36789338020351,63.851280933818,-24.0305000000005));
#8506=CARTESIAN_POINT('Ctrl Pts',(7.96432176088416,63.9516663404837,-24.0305000000005));
#8507=CARTESIAN_POINT('',(8.22960349062943,65.0181577838249,-23.0354115434524));
#8508=CARTESIAN_POINT('',(7.96432176088903,63.9516663404825,-24.0305000000005));
#8509=CARTESIAN_POINT('',(10.6339833223104,63.0181577838249,-23.2571531593307));
#8510=CARTESIAN_POINT('Ctrl Pts',(8.22960349061997,65.0181577838249,-23.0354115435213));
#8511=CARTESIAN_POINT('Ctrl Pts',(8.87649893272569,65.018157783787,-23.0509452892334));
#8512=CARTESIAN_POINT('Ctrl Pts',(9.80982943001182,64.7380512224062,-23.1333287543426));
#8513=CARTESIAN_POINT('Ctrl Pts',(10.5218030682713,63.7773329707392,-23.2390171424466));
#8514=CARTESIAN_POINT('Ctrl Pts',(10.6339833223104,63.2718589923064,-23.2571531593307));
#8515=CARTESIAN_POINT('Ctrl Pts',(10.6339833223104,63.0181577838249,-23.2571531593307));
#8516=CARTESIAN_POINT('',(10.6339833223104,63.0181577838249,-23.2571531593307));
#8517=CARTESIAN_POINT('Ctrl Pts',(-8.22960349061997,65.0181577838249,-23.0354115435213));
#8518=CARTESIAN_POINT('Ctrl Pts',(-8.71477507219926,65.0181577837964,-23.0470618528054));
#8519=CARTESIAN_POINT('Ctrl Pts',(-9.54591735073322,64.8332773310774,-23.1044021364978));
#8520=CARTESIAN_POINT('Ctrl Pts',(-10.427567144759,64.0281676881174,-23.2222196048161));
#8521=CARTESIAN_POINT('Ctrl Pts',(-10.6339833223104,63.3564260618002,-23.2571531593307));
#8522=CARTESIAN_POINT('Ctrl Pts',(-10.6339833223104,63.0181577838249,-23.2571531593307));
#8523=CARTESIAN_POINT('Ctrl Pts',(-8.1411762473747,64.6626606360445,-23.367107695681));
#8524=CARTESIAN_POINT('Ctrl Pts',(-8.56551687325739,64.6375642843591,-23.3748745685371));
#8525=CARTESIAN_POINT('Ctrl Pts',(-9.26300944920614,64.4369482780776,-23.413101424332));
#8526=CARTESIAN_POINT('Ctrl Pts',(-9.93990652026466,63.7770605007502,-23.4916464032109));
#8527=CARTESIAN_POINT('Ctrl Pts',(-10.0893222645442,63.271937817841,-23.514935439554));
#8528=CARTESIAN_POINT('Ctrl Pts',(-10.0893222645442,63.0181577838249,-23.514935439554));
#8529=CARTESIAN_POINT('Ctrl Pts',(-8.05274900412943,64.3071634882641,-23.6988038478408));
#8530=CARTESIAN_POINT('Ctrl Pts',(-8.41625867431553,64.2569707849217,-23.7026872842688));
#8531=CARTESIAN_POINT('Ctrl Pts',(-8.98010154767906,64.0406192250778,-23.7218007121663));
#8532=CARTESIAN_POINT('Ctrl Pts',(-9.4522458957703,63.5259533133829,-23.7610732016057));
#8533=CARTESIAN_POINT('Ctrl Pts',(-9.54466120677788,63.1874495738818,-23.7727177197773));
#8534=CARTESIAN_POINT('Ctrl Pts',(-9.54466120677788,63.0181577838249,-23.7727177197773));
#8535=CARTESIAN_POINT('Ctrl Pts',(-7.96432176088417,63.9516663404837,-24.0305000000005));
#8536=CARTESIAN_POINT('Ctrl Pts',(-8.26700047537367,63.8763772854844,-24.0305000000005));
#8537=CARTESIAN_POINT('Ctrl Pts',(-8.69719364615198,63.6442901720781,-24.0305000000005));
#8538=CARTESIAN_POINT('Ctrl Pts',(-8.96458527127594,63.2748461260157,-24.0305000000005));
#8539=CARTESIAN_POINT('Ctrl Pts',(-9.00000014901161,63.1029613299227,-24.0305000000005));
#8540=CARTESIAN_POINT('Ctrl Pts',(-9.00000014901161,63.0181577838249,-24.0305000000005));
#8541=CARTESIAN_POINT('',(-10.6339833223104,63.0181577838249,-23.2571531593307));
#8542=CARTESIAN_POINT('',(-10.6339833223104,63.0181577838249,-23.2571531593307));
#8543=CARTESIAN_POINT('',(-8.22960349062943,65.0181577838249,-23.0354115434524));
#8544=CARTESIAN_POINT('Ctrl Pts',(-10.6339833223104,63.0181577838249,-23.2571531593307));
#8545=CARTESIAN_POINT('Ctrl Pts',(-10.6339833223104,63.3564260618002,-23.2571531593307));
#8546=CARTESIAN_POINT('Ctrl Pts',(-10.427567144759,64.0281676881174,-23.2222196048161));
#8547=CARTESIAN_POINT('Ctrl Pts',(-9.54591735073322,64.8332773310774,-23.1044021364978));
#8548=CARTESIAN_POINT('Ctrl Pts',(-8.71477507219926,65.0181577837964,-23.0470618528054));
#8549=CARTESIAN_POINT('Ctrl Pts',(-8.22960349061997,65.0181577838249,-23.0354115435213));
#8550=CARTESIAN_POINT('',(-8.22960349062943,65.0181577838249,-23.0354115434524));
#8551=CARTESIAN_POINT('Origin',(2.22044604925031E-15,-3.2,-21.5305000000005));
#8552=CARTESIAN_POINT('',(-12.4826066142184,-3.2,-19.0305000000005));
#8553=CARTESIAN_POINT('',(-9.40797856065643,-3.2,-22.781));
#8554=CARTESIAN_POINT('',(-7.82383533447433,-3.2,-24.7133733037927));
#8555=CARTESIAN_POINT('',(9.40797856065644,-3.2,-22.781));
#8556=CARTESIAN_POINT('',(4.70419422820519,-3.2,-22.781));
#8557=CARTESIAN_POINT('',(12.4826066142184,-3.2,-19.0305000000005));
#8558=CARTESIAN_POINT('',(7.63650435323329,-3.2,-24.9418838204812));
#8559=CARTESIAN_POINT('',(3.60822483003176E-14,-3.2,-19.0305000000005));
#8560=CARTESIAN_POINT('Origin',(-1.11022302462516E-15,-25.9661165235168,
-22.781));
#8561=CARTESIAN_POINT('',(-9.40797856065643,-48.7317330470342,-22.781));
#8562=CARTESIAN_POINT('',(-9.40797856065644,-14.5830582617584,-22.781));
#8563=CARTESIAN_POINT('',(9.40797856065644,-48.7317330470342,-22.781));
#8564=CARTESIAN_POINT('',(4.94992673295286,-48.7317330470342,-22.781));
#8565=CARTESIAN_POINT('',(9.40797856065644,-14.5830582617584,-22.781));
#8566=CARTESIAN_POINT('Origin',(-5.00000007450581,-59.2411165235168,-12.2716165235173));
#8567=CARTESIAN_POINT('',(-23.0669874659078,-65.3932973099995,-6.11943573703464));
#8568=CARTESIAN_POINT('',(-5.09333827847119,-43.468638423414,-28.0440946236201));
#8569=CARTESIAN_POINT('',(-25.9029240808712,-69.75,-1.76273304703224));
#8570=CARTESIAN_POINT('Origin',(-4.7,-80.4503976758463,8.93766462881218));
#8571=CARTESIAN_POINT('',(25.9029240808712,-69.75,-1.76273304703224));
#8572=CARTESIAN_POINT('',(-2.5000000372529,-69.75,-1.76273304703417));
#8573=CARTESIAN_POINT('',(23.0669874659078,-65.3932973099995,-6.11943573703465));
#8574=CARTESIAN_POINT('Origin',(4.7,-80.4503976758463,8.93766462881218));
#8575=CARTESIAN_POINT('',(3.22766578137389,-41.1928494243979,-30.3198836226362));
#8576=CARTESIAN_POINT('Origin',(-28.7333164491628,0.,0.792478966623517));
#8577=CARTESIAN_POINT('',(-12.4826066142184,0.,-19.0305000000005));
#8578=CARTESIAN_POINT('',(-12.4826066142184,0.,-19.0305000000005));
#8579=CARTESIAN_POINT('',(-23.0669874659078,0.,-6.11943573703464));
#8580=CARTESIAN_POINT('',(-23.5048003311588,0.,-5.5853818214004));
#8581=CARTESIAN_POINT('',(-23.0669874659078,0.,-6.11943573703464));
#8582=CARTESIAN_POINT('Origin',(-24.85,35.4676965039495,24.47));
#8583=CARTESIAN_POINT('',(-27.1,35.4676965039495,24.47));
#8584=CARTESIAN_POINT('',(-24.85,37.7176965039495,24.47));
#8585=CARTESIAN_POINT('Origin',(-24.85,35.4676965039495,24.47));
#8586=CARTESIAN_POINT('',(-27.1,37.7176965039495,24.47));
#8587=CARTESIAN_POINT('',(-27.1,37.7176965039495,24.47));
#8588=CARTESIAN_POINT('',(-21.25,37.7176965039495,24.47));
#8589=CARTESIAN_POINT('Origin',(-24.85,35.4676965039495,24.47));
#8590=CARTESIAN_POINT('',(-22.6,35.4676965039495,24.47));
#8591=CARTESIAN_POINT('Origin',(-24.85,35.4676965039495,24.47));
#8592=CARTESIAN_POINT('',(-22.6,37.7176965039495,24.47));
#8593=CARTESIAN_POINT('',(-21.25,37.7176965039495,24.47));
#8594=CARTESIAN_POINT('',(-22.6,33.2176965039495,24.47));
#8595=CARTESIAN_POINT('Origin',(-24.85,35.4676965039495,24.47));
#8596=CARTESIAN_POINT('',(-24.85,33.2176965039495,24.47));
#8597=CARTESIAN_POINT('Origin',(-24.85,35.4676965039495,24.47));
#8598=CARTESIAN_POINT('',(-22.6,33.2176965039495,24.47));
#8599=CARTESIAN_POINT('',(-22.6,33.2176965039495,24.47));
#8600=CARTESIAN_POINT('',(-28.45,33.2176965039495,24.47));
#8601=CARTESIAN_POINT('Origin',(-24.85,35.4676965039495,24.47));
#8602=CARTESIAN_POINT('Origin',(-24.85,35.4676965039495,24.47));
#8603=CARTESIAN_POINT('',(-27.1,33.2176965039495,24.47));
#8604=CARTESIAN_POINT('',(-28.45,33.2176965039495,24.47));
#8605=CARTESIAN_POINT('',(-27.1,37.7176965039495,24.47));
#8606=CARTESIAN_POINT('Origin',(-21.925,35.4676965039495,24.27));
#8607=CARTESIAN_POINT('',(-21.25,33.2176965039495,24.27));
#8608=CARTESIAN_POINT('',(-22.6,33.2176965039495,24.27));
#8609=CARTESIAN_POINT('',(-28.45,33.2176965039495,24.27));
#8610=CARTESIAN_POINT('',(-22.6,37.7176965039495,24.27));
#8611=CARTESIAN_POINT('',(-22.6,36.5926965039495,24.27));
#8612=CARTESIAN_POINT('',(-21.25,37.7176965039495,24.27));
#8613=CARTESIAN_POINT('',(-21.25,37.7176965039495,24.27));
#8614=CARTESIAN_POINT('',(-21.25,32.3676965039495,24.27));
#8615=CARTESIAN_POINT('Origin',(-22.6,37.7176965039495,24.07));
#8616=CARTESIAN_POINT('',(-22.6,37.7176965039495,24.07));
#8617=CARTESIAN_POINT('',(-22.6,33.2176965039495,24.07));
#8618=CARTESIAN_POINT('Origin',(-27.775,35.4676965039495,24.27));
#8619=CARTESIAN_POINT('',(-27.1,33.2176965039495,24.27));
#8620=CARTESIAN_POINT('',(-27.1,37.7176965039495,24.27));
#8621=CARTESIAN_POINT('',(-27.1,34.3426965039495,24.27));
#8622=CARTESIAN_POINT('',(-28.45,33.2176965039495,24.27));
#8623=CARTESIAN_POINT('',(-28.45,33.2176965039495,24.27));
#8624=CARTESIAN_POINT('',(-28.45,37.7176965039495,24.27));
#8625=CARTESIAN_POINT('',(-28.45,41.5626728284092,24.27));
#8626=CARTESIAN_POINT('',(-21.25,37.7176965039495,24.27));
#8627=CARTESIAN_POINT('Origin',(-27.1,37.7176965039495,24.07));
#8628=CARTESIAN_POINT('',(-27.1,37.7176965039495,24.07));
#8629=CARTESIAN_POINT('',(-28.45,37.7176965039495,24.07));
#8630=CARTESIAN_POINT('',(-28.45,37.7176965039495,24.07));
#8631=CARTESIAN_POINT('',(-21.25,37.7176965039495,24.07));
#8632=CARTESIAN_POINT('',(-25.975,37.7176965039495,24.07));
#8633=CARTESIAN_POINT('',(-21.25,37.7176965039495,24.07));
#8634=CARTESIAN_POINT('Origin',(-27.1,33.2176965039495,24.07));
#8635=CARTESIAN_POINT('',(-27.1,33.2176965039495,24.07));
#8636=CARTESIAN_POINT('Origin',(-22.6,33.2176965039495,24.07));
#8637=CARTESIAN_POINT('',(-21.25,33.2176965039495,24.07));
#8638=CARTESIAN_POINT('',(-21.25,33.2176965039495,24.07));
#8639=CARTESIAN_POINT('',(-28.45,33.2176965039495,24.07));
#8640=CARTESIAN_POINT('',(-23.725,33.2176965039495,24.07));
#8641=CARTESIAN_POINT('',(-28.45,33.2176965039495,24.07));
#8642=CARTESIAN_POINT('Origin',(-24.85,35.4676965039495,24.07));
#8643=CARTESIAN_POINT('',(-21.25,32.3676965039495,24.07));
#8644=CARTESIAN_POINT('',(-21.25,39.0676965039495,24.07));
#8645=CARTESIAN_POINT('',(-21.75,31.8676965039495,24.07));
#8646=CARTESIAN_POINT('Origin',(-21.75,32.3676965039495,24.07));
#8647=CARTESIAN_POINT('',(-27.95,31.8676965039495,24.07));
#8648=CARTESIAN_POINT('',(-21.25,31.8676965039495,24.07));
#8649=CARTESIAN_POINT('',(-28.45,32.3676965039495,24.07));
#8650=CARTESIAN_POINT('Origin',(-27.95,32.3676965039495,24.07));
#8651=CARTESIAN_POINT('',(-28.45,31.8676965039495,24.07));
#8652=CARTESIAN_POINT('Origin',(-24.85,35.4676965039495,24.07));
#8653=CARTESIAN_POINT('',(-28.45,41.5626728284092,24.07));
#8654=CARTESIAN_POINT('',(-28.45,31.8676965039495,24.07));
#8655=CARTESIAN_POINT('',(-27.7,41.714130657396,24.07));
#8656=CARTESIAN_POINT('Origin',(-27.7,39.6386604759864,24.07));
#8657=CARTESIAN_POINT('',(-21.25,41.714130657396,24.07));
#8658=CARTESIAN_POINT('',(-12.425,41.714130657396,24.07));
#8659=CARTESIAN_POINT('',(-21.25,39.0676965039495,24.07));
#8660=CARTESIAN_POINT('Origin',(-22.6,-62.9,24.07));
#8661=CARTESIAN_POINT('',(-22.6,-62.9,24.27));
#8662=CARTESIAN_POINT('',(-22.6,-67.4,24.27));
#8663=CARTESIAN_POINT('',(-22.6,-64.025,24.27));
#8664=CARTESIAN_POINT('',(-22.6,-67.4,24.47));
#8665=CARTESIAN_POINT('',(-22.6,-67.4,24.07));
#8666=CARTESIAN_POINT('',(-22.6,-65.15,24.47));
#8667=CARTESIAN_POINT('',(-22.6,-67.4,24.47));
#8668=CARTESIAN_POINT('',(-22.6,-62.9,24.47));
#8669=CARTESIAN_POINT('',(-22.6,-67.4,24.47));
#8670=CARTESIAN_POINT('',(-22.6,-62.9,24.07));
#8671=CARTESIAN_POINT('Origin',(-27.1,-62.9,24.07));
#8672=CARTESIAN_POINT('',(-21.25,-62.9,24.07));
#8673=CARTESIAN_POINT('',(-28.45,-62.9,24.07));
#8674=CARTESIAN_POINT('',(-25.6625,-62.9,24.07));
#8675=CARTESIAN_POINT('',(-21.25,-62.9,24.27));
#8676=CARTESIAN_POINT('',(-21.25,-62.9,24.07));
#8677=CARTESIAN_POINT('',(-21.25,-62.9,24.27));
#8678=CARTESIAN_POINT('',(-24.85,-62.9,24.47));
#8679=CARTESIAN_POINT('',(-22.6,-62.9,24.47));
#8680=CARTESIAN_POINT('',(-27.1,-62.9,24.47));
#8681=CARTESIAN_POINT('',(-22.6,-62.9,24.47));
#8682=CARTESIAN_POINT('',(-27.1,-62.9,24.27));
#8683=CARTESIAN_POINT('',(-27.1,-62.9,24.07));
#8684=CARTESIAN_POINT('',(-28.45,-62.9,24.27));
#8685=CARTESIAN_POINT('',(-21.25,-62.9,24.27));
#8686=CARTESIAN_POINT('',(-28.45,-62.9,24.07));
#8687=CARTESIAN_POINT('Origin',(-22.6,-67.4,24.07));
#8688=CARTESIAN_POINT('',(-28.45,-67.4,24.07));
#8689=CARTESIAN_POINT('',(-21.25,-67.4,24.07));
#8690=CARTESIAN_POINT('',(-23.4125,-67.4,24.07));
#8691=CARTESIAN_POINT('',(-28.45,-67.4,24.27));
#8692=CARTESIAN_POINT('',(-28.45,-67.4,24.07));
#8693=CARTESIAN_POINT('',(-27.1,-67.4,24.27));
#8694=CARTESIAN_POINT('',(-21.25,-67.4,24.27));
#8695=CARTESIAN_POINT('',(-27.1,-67.4,24.47));
#8696=CARTESIAN_POINT('',(-27.1,-67.4,24.07));
#8697=CARTESIAN_POINT('',(-24.85,-67.4,24.47));
#8698=CARTESIAN_POINT('',(-27.1,-67.4,24.47));
#8699=CARTESIAN_POINT('',(-27.1,-67.4,24.47));
#8700=CARTESIAN_POINT('',(-21.25,-67.4,24.27));
#8701=CARTESIAN_POINT('',(-21.25,-67.4,24.27));
#8702=CARTESIAN_POINT('',(-21.25,-67.4,24.07));
#8703=CARTESIAN_POINT('Origin',(-24.85,-65.15,24.47));
#8704=CARTESIAN_POINT('',(-27.1,-65.15,24.47));
#8705=CARTESIAN_POINT('Origin',(-24.85,-65.15,24.47));
#8706=CARTESIAN_POINT('',(-27.1,-62.9,24.47));
#8707=CARTESIAN_POINT('Origin',(-24.85,-65.15,24.47));
#8708=CARTESIAN_POINT('Origin',(-24.85,-65.15,24.47));
#8709=CARTESIAN_POINT('Origin',(-24.85,-65.15,24.47));
#8710=CARTESIAN_POINT('Origin',(-24.85,-65.15,24.47));
#8711=CARTESIAN_POINT('Origin',(-24.85,-65.15,24.47));
#8712=CARTESIAN_POINT('Origin',(-24.85,-65.15,24.47));
#8713=CARTESIAN_POINT('',(-27.1,-62.9,24.47));
#8714=CARTESIAN_POINT('Origin',(-21.925,-65.15,24.27));
#8715=CARTESIAN_POINT('',(-21.25,-71.,24.27));
#8716=CARTESIAN_POINT('Origin',(-27.775,-65.15,24.27));
#8717=CARTESIAN_POINT('',(-27.1,-66.275,24.27));
#8718=CARTESIAN_POINT('',(-28.45,-61.55,24.27));
#8719=CARTESIAN_POINT('Origin',(-27.1,-67.4,24.07));
#8720=CARTESIAN_POINT('Origin',(-24.225,-64.525,24.07));
#8721=CARTESIAN_POINT('',(-28.45,-61.55,24.07));
#8722=CARTESIAN_POINT('',(-28.45,-68.75,24.07));
#8723=CARTESIAN_POINT('',(-21.75,-61.55,24.07));
#8724=CARTESIAN_POINT('',(-21.25,-61.55,24.07));
#8725=CARTESIAN_POINT('',(-21.25,-62.05,24.07));
#8726=CARTESIAN_POINT('Origin',(-21.75,-62.05,24.07));
#8727=CARTESIAN_POINT('',(-21.25,-68.75,24.07));
#8728=CARTESIAN_POINT('Origin',(-24.225,-64.525,24.07));
#8729=CARTESIAN_POINT('',(-21.25,-71.,24.07));
#8730=CARTESIAN_POINT('',(-21.25,-68.75,24.07));
#8731=CARTESIAN_POINT('',(-27.7,-71.,24.07));
#8732=CARTESIAN_POINT('',(-10.625,-71.,24.07));
#8733=CARTESIAN_POINT('',(-28.45,-70.8540496217739,24.07));
#8734=CARTESIAN_POINT('Origin',(-27.7,-69.,24.07));
#8735=CARTESIAN_POINT('',(-28.45,-68.75,24.07));
#8736=CARTESIAN_POINT('Origin',(22.6,37.7176965039495,24.07));
#8737=CARTESIAN_POINT('',(22.6,37.7176965039495,24.27));
#8738=CARTESIAN_POINT('',(22.6,33.2176965039495,24.27));
#8739=CARTESIAN_POINT('',(22.6,36.5926965039495,24.27));
#8740=CARTESIAN_POINT('',(22.6,37.7176965039495,24.47));
#8741=CARTESIAN_POINT('',(22.6,37.7176965039495,24.07));
#8742=CARTESIAN_POINT('',(22.6,35.4676965039495,24.47));
#8743=CARTESIAN_POINT('',(22.6,33.2176965039495,24.47));
#8744=CARTESIAN_POINT('',(22.6,33.2176965039495,24.47));
#8745=CARTESIAN_POINT('',(22.6,33.2176965039495,24.47));
#8746=CARTESIAN_POINT('',(22.6,33.2176965039495,24.07));
#8747=CARTESIAN_POINT('Origin',(22.6,33.2176965039495,24.07));
#8748=CARTESIAN_POINT('',(21.25,33.2176965039495,24.07));
#8749=CARTESIAN_POINT('',(28.45,33.2176965039495,24.07));
#8750=CARTESIAN_POINT('',(23.725,33.2176965039495,24.07));
#8751=CARTESIAN_POINT('',(21.25,33.2176965039495,24.27));
#8752=CARTESIAN_POINT('',(21.25,33.2176965039495,24.07));
#8753=CARTESIAN_POINT('',(28.45,33.2176965039495,24.27));
#8754=CARTESIAN_POINT('',(24.85,33.2176965039495,24.47));
#8755=CARTESIAN_POINT('',(28.45,33.2176965039495,24.47));
#8756=CARTESIAN_POINT('',(27.1,33.2176965039495,24.47));
#8757=CARTESIAN_POINT('',(28.45,33.2176965039495,24.47));
#8758=CARTESIAN_POINT('',(27.1,33.2176965039495,24.27));
#8759=CARTESIAN_POINT('',(27.1,33.2176965039495,24.07));
#8760=CARTESIAN_POINT('',(28.45,33.2176965039495,24.27));
#8761=CARTESIAN_POINT('',(28.45,33.2176965039495,24.27));
#8762=CARTESIAN_POINT('',(28.45,33.2176965039495,24.07));
#8763=CARTESIAN_POINT('Origin',(27.1,37.7176965039495,24.07));
#8764=CARTESIAN_POINT('',(28.45,37.7176965039495,24.07));
#8765=CARTESIAN_POINT('',(21.25,37.7176965039495,24.07));
#8766=CARTESIAN_POINT('',(25.975,37.7176965039495,24.07));
#8767=CARTESIAN_POINT('',(28.45,37.7176965039495,24.27));
#8768=CARTESIAN_POINT('',(28.45,37.7176965039495,24.07));
#8769=CARTESIAN_POINT('',(27.1,37.7176965039495,24.27));
#8770=CARTESIAN_POINT('',(21.25,37.7176965039495,24.27));
#8771=CARTESIAN_POINT('',(27.1,37.7176965039495,24.47));
#8772=CARTESIAN_POINT('',(27.1,37.7176965039495,24.07));
#8773=CARTESIAN_POINT('',(24.85,37.7176965039495,24.47));
#8774=CARTESIAN_POINT('',(21.25,37.7176965039495,24.47));
#8775=CARTESIAN_POINT('',(21.25,37.7176965039495,24.47));
#8776=CARTESIAN_POINT('',(21.25,37.7176965039495,24.27));
#8777=CARTESIAN_POINT('',(21.25,37.7176965039495,24.27));
#8778=CARTESIAN_POINT('',(21.25,37.7176965039495,24.07));
#8779=CARTESIAN_POINT('Origin',(24.85,35.4676965039495,24.47));
#8780=CARTESIAN_POINT('',(27.1,35.4676965039495,24.47));
#8781=CARTESIAN_POINT('Origin',(24.85,35.4676965039495,24.47));
#8782=CARTESIAN_POINT('',(27.1,37.7176965039495,24.47));
#8783=CARTESIAN_POINT('Origin',(24.85,35.4676965039495,24.47));
#8784=CARTESIAN_POINT('Origin',(24.85,35.4676965039495,24.47));
#8785=CARTESIAN_POINT('Origin',(24.85,35.4676965039495,24.47));
#8786=CARTESIAN_POINT('Origin',(24.85,35.4676965039495,24.47));
#8787=CARTESIAN_POINT('Origin',(24.85,35.4676965039495,24.47));
#8788=CARTESIAN_POINT('Origin',(24.85,35.4676965039495,24.47));
#8789=CARTESIAN_POINT('',(27.1,37.7176965039495,24.47));
#8790=CARTESIAN_POINT('Origin',(21.925,35.4676965039495,24.27));
#8791=CARTESIAN_POINT('',(21.25,32.3676965039495,24.27));
#8792=CARTESIAN_POINT('Origin',(27.775,35.4676965039495,24.27));
#8793=CARTESIAN_POINT('',(27.1,34.3426965039495,24.27));
#8794=CARTESIAN_POINT('',(28.45,41.5626728284092,24.27));
#8795=CARTESIAN_POINT('Origin',(27.1,33.2176965039495,24.07));
#8796=CARTESIAN_POINT('Origin',(24.85,35.4676965039495,24.07));
#8797=CARTESIAN_POINT('',(28.45,32.3676965039495,24.07));
#8798=CARTESIAN_POINT('',(28.45,31.8676965039495,24.07));
#8799=CARTESIAN_POINT('',(27.95,31.8676965039495,24.07));
#8800=CARTESIAN_POINT('Origin',(27.95,32.3676965039495,24.07));
#8801=CARTESIAN_POINT('',(21.75,31.8676965039495,24.07));
#8802=CARTESIAN_POINT('',(21.25,31.8676965039495,24.07));
#8803=CARTESIAN_POINT('',(21.25,32.3676965039495,24.07));
#8804=CARTESIAN_POINT('Origin',(21.75,32.3676965039495,24.07));
#8805=CARTESIAN_POINT('',(21.25,39.0676965039495,24.07));
#8806=CARTESIAN_POINT('Origin',(24.85,35.4676965039495,24.07));
#8807=CARTESIAN_POINT('',(21.25,41.714130657396,24.07));
#8808=CARTESIAN_POINT('',(21.25,39.0676965039495,24.07));
#8809=CARTESIAN_POINT('',(27.7,41.714130657396,24.07));
#8810=CARTESIAN_POINT('',(12.425,41.714130657396,24.07));
#8811=CARTESIAN_POINT('',(28.45,41.5626728284092,24.07));
#8812=CARTESIAN_POINT('Origin',(27.7,39.6386604759864,24.07));
#8813=CARTESIAN_POINT('',(28.45,31.8676965039495,24.07));
#8814=CARTESIAN_POINT('Origin',(24.85,-65.15,24.47));
#8815=CARTESIAN_POINT('',(27.1,-65.15,24.47));
#8816=CARTESIAN_POINT('',(24.85,-67.4,24.47));
#8817=CARTESIAN_POINT('Origin',(24.85,-65.15,24.47));
#8818=CARTESIAN_POINT('',(27.1,-67.4,24.47));
#8819=CARTESIAN_POINT('',(27.1,-62.9,24.47));
#8820=CARTESIAN_POINT('',(27.1,-67.4,24.47));
#8821=CARTESIAN_POINT('Origin',(24.85,-65.15,24.47));
#8822=CARTESIAN_POINT('',(22.6,-65.15,24.47));
#8823=CARTESIAN_POINT('Origin',(24.85,-65.15,24.47));
#8824=CARTESIAN_POINT('',(22.6,-67.4,24.47));
#8825=CARTESIAN_POINT('',(27.1,-67.4,24.47));
#8826=CARTESIAN_POINT('',(22.6,-67.4,24.47));
#8827=CARTESIAN_POINT('Origin',(24.85,-65.15,24.47));
#8828=CARTESIAN_POINT('',(24.85,-62.9,24.47));
#8829=CARTESIAN_POINT('Origin',(24.85,-65.15,24.47));
#8830=CARTESIAN_POINT('',(22.6,-62.9,24.47));
#8831=CARTESIAN_POINT('',(22.6,-67.4,24.47));
#8832=CARTESIAN_POINT('',(22.6,-62.9,24.47));
#8833=CARTESIAN_POINT('Origin',(24.85,-65.15,24.47));
#8834=CARTESIAN_POINT('Origin',(24.85,-65.15,24.47));
#8835=CARTESIAN_POINT('',(27.1,-62.9,24.47));
#8836=CARTESIAN_POINT('',(22.6,-62.9,24.47));
#8837=CARTESIAN_POINT('',(27.1,-62.9,24.47));
#8838=CARTESIAN_POINT('Origin',(21.925,-65.15,24.27));
#8839=CARTESIAN_POINT('',(21.25,-67.4,24.27));
#8840=CARTESIAN_POINT('',(22.6,-67.4,24.27));
#8841=CARTESIAN_POINT('',(21.25,-67.4,24.27));
#8842=CARTESIAN_POINT('',(21.25,-62.9,24.27));
#8843=CARTESIAN_POINT('',(21.25,-71.,24.27));
#8844=CARTESIAN_POINT('',(22.6,-62.9,24.27));
#8845=CARTESIAN_POINT('',(21.25,-62.9,24.27));
#8846=CARTESIAN_POINT('',(22.6,-64.025,24.27));
#8847=CARTESIAN_POINT('Origin',(22.6,-62.9,24.07));
#8848=CARTESIAN_POINT('',(22.6,-67.4,24.07));
#8849=CARTESIAN_POINT('',(22.6,-62.9,24.07));
#8850=CARTESIAN_POINT('Origin',(27.775,-65.15,24.27));
#8851=CARTESIAN_POINT('',(28.45,-62.9,24.27));
#8852=CARTESIAN_POINT('',(27.1,-62.9,24.27));
#8853=CARTESIAN_POINT('',(21.25,-62.9,24.27));
#8854=CARTESIAN_POINT('',(28.45,-67.4,24.27));
#8855=CARTESIAN_POINT('',(28.45,-61.55,24.27));
#8856=CARTESIAN_POINT('',(27.1,-67.4,24.27));
#8857=CARTESIAN_POINT('',(21.25,-67.4,24.27));
#8858=CARTESIAN_POINT('',(27.1,-66.275,24.27));
#8859=CARTESIAN_POINT('Origin',(27.1,-67.4,24.07));
#8860=CARTESIAN_POINT('',(27.1,-62.9,24.07));
#8861=CARTESIAN_POINT('',(27.1,-67.4,24.07));
#8862=CARTESIAN_POINT('Origin',(27.1,-62.9,24.07));
#8863=CARTESIAN_POINT('',(21.25,-62.9,24.07));
#8864=CARTESIAN_POINT('',(21.25,-62.9,24.07));
#8865=CARTESIAN_POINT('',(28.45,-62.9,24.07));
#8866=CARTESIAN_POINT('',(25.6625,-62.9,24.07));
#8867=CARTESIAN_POINT('',(28.45,-62.9,24.07));
#8868=CARTESIAN_POINT('Origin',(22.6,-67.4,24.07));
#8869=CARTESIAN_POINT('',(28.45,-67.4,24.07));
#8870=CARTESIAN_POINT('',(28.45,-67.4,24.07));
#8871=CARTESIAN_POINT('',(21.25,-67.4,24.07));
#8872=CARTESIAN_POINT('',(23.4125,-67.4,24.07));
#8873=CARTESIAN_POINT('',(21.25,-67.4,24.07));
#8874=CARTESIAN_POINT('Origin',(24.225,-64.525,24.07));
#8875=CARTESIAN_POINT('',(21.25,-62.05,24.07));
#8876=CARTESIAN_POINT('',(21.25,-68.75,24.07));
#8877=CARTESIAN_POINT('',(21.75,-61.55,24.07));
#8878=CARTESIAN_POINT('Origin',(21.75,-62.05,24.07));
#8879=CARTESIAN_POINT('',(28.45,-61.55,24.07));
#8880=CARTESIAN_POINT('',(21.25,-61.55,24.07));
#8881=CARTESIAN_POINT('',(28.45,-68.75,24.07));
#8882=CARTESIAN_POINT('Origin',(24.225,-64.525,24.07));
#8883=CARTESIAN_POINT('',(28.45,-70.8540496217739,24.07));
#8884=CARTESIAN_POINT('',(28.45,-68.75,24.07));
#8885=CARTESIAN_POINT('',(27.7,-71.,24.07));
#8886=CARTESIAN_POINT('Origin',(27.7,-69.,24.07));
#8887=CARTESIAN_POINT('',(21.25,-71.,24.07));
#8888=CARTESIAN_POINT('',(14.225,-71.,24.07));
#8889=CARTESIAN_POINT('',(21.25,-68.75,24.07));
#8890=CARTESIAN_POINT('Origin',(-16.2000002384184,20.2,17.2579728081438));
#8891=CARTESIAN_POINT('',(-16.0000002384192,20.2,17.9968655415181));
#8892=CARTESIAN_POINT('',(-16.0000002384186,20.2,27.07));
#8893=CARTESIAN_POINT('',(-16.0000002384184,20.2,17.2579728081438));
#8894=CARTESIAN_POINT('',(-16.2000002384186,20.,27.07));
#8895=CARTESIAN_POINT('Origin',(-16.2000002384186,20.2,27.0699999999996));
#8896=CARTESIAN_POINT('',(-16.2000002384184,20.,18.1000463064068));
#8897=CARTESIAN_POINT('',(-16.2000002384184,20.,17.2579728081438));
#8898=CARTESIAN_POINT('Ctrl Pts',(-16.2000002384184,20.,18.1000463064068));
#8899=CARTESIAN_POINT('Ctrl Pts',(-16.1993335410978,20.,18.099704244635));
#8900=CARTESIAN_POINT('Ctrl Pts',(-16.198666852065,20.0000033336399,18.0993621684227));
#8901=CARTESIAN_POINT('Ctrl Pts',(-16.182231208222,20.0001677017568,18.0909286261984));
#8902=CARTESIAN_POINT('Ctrl Pts',(-16.1664912295189,20.0021903498554,18.0828414399049));
#8903=CARTESIAN_POINT('Ctrl Pts',(-16.1359024768636,20.0099012226627,18.0671052022087));
#8904=CARTESIAN_POINT('Ctrl Pts',(-16.1210702535035,20.0155434169904,18.0594648927459));
#8905=CARTESIAN_POINT('Ctrl Pts',(-16.08463327663,20.0346927253449,18.0406744254994));
#8906=CARTESIAN_POINT('Ctrl Pts',(-16.0642628552981,20.0507873265442,18.0301475635445));
#8907=CARTESIAN_POINT('Ctrl Pts',(-16.0321979203432,20.0886905261951,18.0135570254208));
#8908=CARTESIAN_POINT('Ctrl Pts',(-16.0200524570265,20.1094041658938,18.0072631895957));
#8909=CARTESIAN_POINT('Ctrl Pts',(-16.0040598974888,20.1538117276183,17.9989722060911));
#8910=CARTESIAN_POINT('Ctrl Pts',(-16.0000002384184,20.1767262295465,17.9968655415187));
#8911=CARTESIAN_POINT('Ctrl Pts',(-16.0000002384184,20.2,17.9968655415187));
#8912=CARTESIAN_POINT('Origin',(-9.45872946013399,20.2,8.71100000000021));
#8913=CARTESIAN_POINT('',(-19.1349407381878,20.,2.38882809847288));
#8914=CARTESIAN_POINT('Origin',(-9.45872946013399,20.,8.71100000000021));
#8915=CARTESIAN_POINT('Origin',(-19.1349407381878,20.2,2.38882809847288));
#8916=CARTESIAN_POINT('Origin',(-9.45872946013399,20.2,8.71100000000021));
#8917=CARTESIAN_POINT('Origin',(-13.9143831032974,20.2,-5.60134038338243));
#8918=CARTESIAN_POINT('',(-12.1917731545529,20.,-8.23782956358048));
#8919=CARTESIAN_POINT('',(-13.9143831032974,20.,-5.60134038338243));
#8920=CARTESIAN_POINT('Origin',(-12.1917731545529,20.2,-8.23782956358048));
#8921=CARTESIAN_POINT('Origin',(-5.80947314468379,20.2,-1.8555295537114));
#8922=CARTESIAN_POINT('',(-13.2235259457882,20.2,-9.55242506729047));
#8923=CARTESIAN_POINT('',(-5.66805178844648,20.2,-1.99695090994871));
#8924=CARTESIAN_POINT('',(-13.3700754813872,20.,-9.41613189041485));
#8925=CARTESIAN_POINT('',(-5.80947314468379,20.,-1.8555295537114));
#8926=CARTESIAN_POINT('Ctrl Pts',(-13.3700754813872,20.,-9.41613189041485));
#8927=CARTESIAN_POINT('Ctrl Pts',(-13.369382395525,20.,-9.41677769274521));
#8928=CARTESIAN_POINT('Ctrl Pts',(-13.3686893101348,20.000006722331,-9.41742347815317));
#8929=CARTESIAN_POINT('Ctrl Pts',(-13.3679962776149,20.0000201664689,-9.41806919778569));
#8930=CARTESIAN_POINT('Ctrl Pts',(-13.3489209444931,20.0003902088588,-9.4358422701011));
#8931=CARTESIAN_POINT('Ctrl Pts',(-13.3300737438234,20.0058490041688,-9.45338980562464));
#8932=CARTESIAN_POINT('Ctrl Pts',(-13.3125181095326,20.016089965238,-9.4697239595292));
#8933=CARTESIAN_POINT('Ctrl Pts',(-13.2949676023926,20.0263279354184,-9.48605334301831));
#8934=CARTESIAN_POINT('Ctrl Pts',(-13.2790427301624,20.0411500458124,-9.50085872079358));
#8935=CARTESIAN_POINT('Ctrl Pts',(-13.2656453136717,20.0597239041546,-9.51330835420911));
#8936=CARTESIAN_POINT('Ctrl Pts',(-13.2522569167364,20.0782852580005,-9.5257496061461));
#8937=CARTESIAN_POINT('Ctrl Pts',(-13.2416488494757,20.1002383520915,-9.53560049863965));
#8938=CARTESIAN_POINT('Ctrl Pts',(-13.2344238835037,20.1243495064931,-9.54230849128833));
#8939=CARTESIAN_POINT('Ctrl Pts',(-13.2272281494281,20.1483631082185,-9.54898934369211));
#8940=CARTESIAN_POINT('Ctrl Pts',(-13.2235259457882,20.1740582783553,-9.55242506729045));
#8941=CARTESIAN_POINT('Ctrl Pts',(-13.2235259457882,20.2,-9.55242506729044));
#8942=CARTESIAN_POINT('Origin',(-11.8822789494754,20.2,-10.7073954110144));
#8943=CARTESIAN_POINT('',(-13.8522789494754,20.,-10.7073954110145));
#8944=CARTESIAN_POINT('Origin',(-11.8822789494754,20.,-10.7073954110144));
#8945=CARTESIAN_POINT('',(-13.6522789494754,20.2,-10.7073954110145));
#8946=CARTESIAN_POINT('Origin',(-13.8522789494754,20.2,-10.7073954110145));
#8947=CARTESIAN_POINT('Origin',(-11.8822789494754,20.2,-10.7073954110144));
#8948=CARTESIAN_POINT('Origin',(-13.8522789494765,20.2,-2.36583157556673));
#8949=CARTESIAN_POINT('',(-13.6522789494752,20.2,-12.17760876742));
#8950=CARTESIAN_POINT('',(-13.8522789494752,20.,-12.17760876742));
#8951=CARTESIAN_POINT('Origin',(-13.8522789494752,20.2,-12.177608767427));
#8952=CARTESIAN_POINT('',(-13.6522789494765,20.2,-2.3658315755667));
#8953=CARTESIAN_POINT('',(-13.8522789494765,20.,-2.36583157556673));
#8954=CARTESIAN_POINT('Origin',(-16.0000002384186,80.,27.0699999999997));
#8955=CARTESIAN_POINT('',(-16.0000002386991,42.3860642747717,17.9968655407466));
#8956=CARTESIAN_POINT('',(-16.0000002384192,0.,17.9968655415181));
#8957=CARTESIAN_POINT('',(-16.0000002384184,43.0740746239672,19.1657290795488));
#8958=CARTESIAN_POINT('Ctrl Pts',(-16.0000002384184,43.0740746239672,19.1657290795488));
#8959=CARTESIAN_POINT('Ctrl Pts',(-16.0000002384184,42.9573625221159,18.9722570305818));
#8960=CARTESIAN_POINT('Ctrl Pts',(-16.0000002384185,42.8414344147391,18.7779282576138));
#8961=CARTESIAN_POINT('Ctrl Pts',(-16.0000002384185,42.6121077025286,18.3885511588762));
#8962=CARTESIAN_POINT('Ctrl Pts',(-16.0000002384184,42.4983667938914,18.1929222555124));
#8963=CARTESIAN_POINT('Ctrl Pts',(-16.0000002384184,42.3860642750051,17.9968655406129));
#8964=CARTESIAN_POINT('',(-16.0000002384186,41.1595348821504,26.07));
#8965=CARTESIAN_POINT('',(-16.0000002384195,30.530225860773,64.4017345562869));
#8966=CARTESIAN_POINT('',(-16.0000002384186,39.6322369945276,26.07));
#8967=CARTESIAN_POINT('',(-16.0000002384186,33.5000001676381,26.07));
#8968=CARTESIAN_POINT('',(-16.0000002384186,39.6322369945276,27.07));
#8969=CARTESIAN_POINT('',(-16.0000002384186,39.6322369945276,27.0699999999999));
#8970=CARTESIAN_POINT('',(-16.0000002384186,38.5045394459562,27.07));
#8971=CARTESIAN_POINT('Origin',(-9.45872946013399,0.,8.71100000000021));
#8972=CARTESIAN_POINT('',(-20.8096265978664,45.343576491581,8.29548296358501));
#8973=CARTESIAN_POINT('Ctrl Pts',(-20.8096266791491,45.3435759028149,8.29548276407331));
#8974=CARTESIAN_POINT('Ctrl Pts',(-20.7719868232878,45.6868087831038,7.26725553718861));
#8975=CARTESIAN_POINT('Ctrl Pts',(-20.5947096372105,46.0315613761156,6.24660864802405));
#8976=CARTESIAN_POINT('Ctrl Pts',(-19.971339290409,46.6894929946456,4.29056552422265));
#8977=CARTESIAN_POINT('Ctrl Pts',(-19.5309557006049,47.0007245364147,3.36058662407297));
#8978=CARTESIAN_POINT('Ctrl Pts',(-18.9675105131923,47.2928405819058,2.4982224299437));
#8979=CARTESIAN_POINT('',(-19.7269918027643,43.5962061835371,13.5665744348841));
#8980=CARTESIAN_POINT('Ctrl Pts',(-19.7270745214719,43.5960756699955,13.5665753470931));
#8981=CARTESIAN_POINT('Ctrl Pts',(-20.1170682756726,43.8677366192002,12.7418346822618));
#8982=CARTESIAN_POINT('Ctrl Pts',(-20.4048968894434,44.1554429743414,11.8760034574835));
#8983=CARTESIAN_POINT('Ctrl Pts',(-20.768009142506,44.7435129648746,10.1019995338053));
#8984=CARTESIAN_POINT('Ctrl Pts',(-20.8426577771182,45.0424996918887,9.19781093055742));
#8985=CARTESIAN_POINT('Ctrl Pts',(-20.8096266916097,45.3435769129036,8.29548310446646));
#8986=CARTESIAN_POINT('Ctrl Pts',(-16.0000002388615,42.3860642756094,17.9968655412065));
#8987=CARTESIAN_POINT('Ctrl Pts',(-16.8036918220071,42.541060248552,17.430718611272));
#8988=CARTESIAN_POINT('Ctrl Pts',(-17.527361370841,42.7251510416411,16.764725659214));
#8989=CARTESIAN_POINT('Ctrl Pts',(-18.7840637463954,43.1334066049782,15.2693257528377));
#8990=CARTESIAN_POINT('Ctrl Pts',(-19.3119823620799,43.3563021723854,14.4443822734769));
#8991=CARTESIAN_POINT('Ctrl Pts',(-19.7270516921751,43.5962726329779,13.566623625135));
#8992=CARTESIAN_POINT('Origin',(-13.2235259457882,0.,-9.55242506729047));
#8993=CARTESIAN_POINT('',(-13.2235259457882,53.5792784513401,-9.55242506729047));
#8994=CARTESIAN_POINT('',(-13.2235259457882,0.,-9.55242506729047));
#8995=CARTESIAN_POINT('',(-13.1750999844283,53.3603542192468,-9.50399910593052));
#8996=CARTESIAN_POINT('',(-7.44158708981522,27.4402718419329,-3.77048621131745));
#8997=CARTESIAN_POINT('',(-13.1750999844285,37.159,-9.5039991059307));
#8998=CARTESIAN_POINT('',(-13.1750999844283,22.7045,-9.50399910593052));
#8999=CARTESIAN_POINT('',(-12.2158883734774,37.159,-8.54478749497962));
#9000=CARTESIAN_POINT('Origin',(-11.8822789494754,0.,-10.7073954110144));
#9001=CARTESIAN_POINT('',(-13.6522789494754,56.0031024769093,-10.7073954110145));
#9002=CARTESIAN_POINT('',(-13.6522789494754,0.,-10.7073954110145));
#9003=CARTESIAN_POINT('',(-13.2737389285091,53.8551135277318,-9.61343968670579));
#9004=CARTESIAN_POINT('Ctrl Pts',(-13.2737389283704,53.8551135278902,-9.61343968652944));
#9005=CARTESIAN_POINT('Ctrl Pts',(-13.3394613983255,54.0057462240285,-9.69703556212998));
#9006=CARTESIAN_POINT('Ctrl Pts',(-13.3941156119724,54.1629501160707,-9.78202696469886));
#9007=CARTESIAN_POINT('Ctrl Pts',(-13.488253332945,54.4916712580138,-9.95618620569606));
#9008=CARTESIAN_POINT('Ctrl Pts',(-13.5272232223556,54.6669907272515,-10.0471006383733));
#9009=CARTESIAN_POINT('Ctrl Pts',(-13.6233278547923,55.2205012391027,-10.3291682913553));
#9010=CARTESIAN_POINT('Ctrl Pts',(-13.6522789494754,55.6141636686139,-10.5226200387343));
#9011=CARTESIAN_POINT('Ctrl Pts',(-13.6522789494754,56.0031024769093,-10.7073954110145));
#9012=CARTESIAN_POINT('Origin',(-11.8822789494754,58.8006718628394,-10.7073954110144));
#9013=CARTESIAN_POINT('Origin',(-13.6522789494752,0.,-12.17760876742));
#9014=CARTESIAN_POINT('',(-13.6522789494752,59.1596842493637,-12.17760876742));
#9015=CARTESIAN_POINT('',(-13.6522789494752,0.,-12.17760876742));
#9016=CARTESIAN_POINT('',(-13.6522789494754,56.7787125329774,-11.0700779050972));
#9017=CARTESIAN_POINT('',(-13.6522789494768,32.2488909252882,0.340193914100135));
#9018=CARTESIAN_POINT('Ctrl Pts',(-13.6522789494754,56.0031024769093,-10.7073954110145));
#9019=CARTESIAN_POINT('Ctrl Pts',(-13.6522789494754,56.2592761052234,-10.8290972739568));
#9020=CARTESIAN_POINT('Ctrl Pts',(-13.6522789494754,56.5191023930439,-10.949317864073));
#9021=CARTESIAN_POINT('Ctrl Pts',(-13.6522789494754,56.7787125329774,-11.0700779050972));
#9022=CARTESIAN_POINT('Origin',(13.8522789494767,20.2,-1.63072489736398));
#9023=CARTESIAN_POINT('',(13.6522789494753,20.2,-12.17760876742));
#9024=CARTESIAN_POINT('',(13.8522789494753,20.,-12.1776087674233));
#9025=CARTESIAN_POINT('Origin',(13.8522789494753,20.2,-12.1776087674233));
#9026=CARTESIAN_POINT('',(13.8522789494755,20.,-10.7073954110144));
#9027=CARTESIAN_POINT('',(13.8522789494767,20.,-1.63072489736398));
#9028=CARTESIAN_POINT('',(13.6522789494755,20.2,-10.7073954110144));
#9029=CARTESIAN_POINT('Origin',(13.8522789494755,20.2,-10.7073954110144));
#9030=CARTESIAN_POINT('',(13.6522789494767,20.2,-1.63072489736395));
#9031=CARTESIAN_POINT('Origin',(11.8822789494755,20.2,-10.7073954110144));
#9032=CARTESIAN_POINT('',(13.2235259457887,20.2,-9.55242506729094));
#9033=CARTESIAN_POINT('Origin',(11.8822789494755,20.2,-10.7073954110144));
#9034=CARTESIAN_POINT('',(13.3700754813876,20.,-9.41613189041519));
#9035=CARTESIAN_POINT('Origin',(11.8822789494755,20.,-10.7073954110144));
#9036=CARTESIAN_POINT('Ctrl Pts',(13.3700754813856,20.,-9.4161318904172));
#9037=CARTESIAN_POINT('Ctrl Pts',(13.369382395524,20.,-9.41677769274697));
#9038=CARTESIAN_POINT('Ctrl Pts',(13.3686893101346,20.000006722331,-9.41742347815435));
#9039=CARTESIAN_POINT('Ctrl Pts',(13.3679962776153,20.0000201664689,-9.41806919778628));
#9040=CARTESIAN_POINT('Ctrl Pts',(13.3594826259522,20.0001853227987,-9.42600162788913));
#9041=CARTESIAN_POINT('Ctrl Pts',(13.3509943769622,20.0013645440039,-9.43390787836552));
#9042=CARTESIAN_POINT('Ctrl Pts',(13.342628121445,20.0035444489777,-9.44169804709825));
#9043=CARTESIAN_POINT('Ctrl Pts',(13.3323982959355,20.0062099242865,-9.45122346341642));
#9044=CARTESIAN_POINT('Ctrl Pts',(13.3224035273187,20.0103578125873,-9.46052627635396));
#9045=CARTESIAN_POINT('Ctrl Pts',(13.3128138813711,20.0159179520046,-9.46944876575274));
#9046=CARTESIAN_POINT('Ctrl Pts',(13.2952550501403,20.0260986771514,-9.48578602015897));
#9047=CARTESIAN_POINT('Ctrl Pts',(13.2793129139822,20.0408642682807,-9.50060756645392));
#9048=CARTESIAN_POINT('Ctrl Pts',(13.2658894367511,20.0593862588838,-9.51308150054589));
#9049=CARTESIAN_POINT('Ctrl Pts',(13.2524755482771,20.0778950187222,-9.52554652416535));
#9050=CARTESIAN_POINT('Ctrl Pts',(13.2418332266897,20.0998012168766,-9.5354292866723));
#9051=CARTESIAN_POINT('Ctrl Pts',(13.2345665826838,20.1238750285803,-9.54217600250021));
#9052=CARTESIAN_POINT('Ctrl Pts',(13.2273026693757,20.1479397936998,-9.54892018301162));
#9053=CARTESIAN_POINT('Ctrl Pts',(13.2235513429731,20.1737092107994,-9.55240149471893));
#9054=CARTESIAN_POINT('Ctrl Pts',(13.22352607431,20.1997352529528,-9.55242494800303));
#9055=CARTESIAN_POINT('Ctrl Pts',(13.2235259886264,20.1998235047839,-9.55242502753089));
#9056=CARTESIAN_POINT('Ctrl Pts',(13.2235259457887,20.1999117538184,-9.55242506729093));
#9057=CARTESIAN_POINT('Ctrl Pts',(13.2235259457887,20.2,-9.55242506729093));
#9058=CARTESIAN_POINT('Origin',(5.16546254314863,20.2,-1.21151895217625));
#9059=CARTESIAN_POINT('',(12.1917731545529,20.,-8.23782956358054));
#9060=CARTESIAN_POINT('',(5.16546254314863,20.,-1.21151895217625));
#9061=CARTESIAN_POINT('',(11.9355047427179,20.2,-8.26440386422017));
#9062=CARTESIAN_POINT('Origin',(12.1917731545529,20.2,-8.23782956358054));
#9063=CARTESIAN_POINT('',(5.02404118691132,20.2,-1.35294030841356));
#9064=CARTESIAN_POINT('Origin',(17.4303859885347,20.2,-0.220027236300512));
#9065=CARTESIAN_POINT('',(19.1349407381878,20.,2.38882809847286));
#9066=CARTESIAN_POINT('',(17.4303859885347,20.,-0.220027236300512));
#9067=CARTESIAN_POINT('',(18.9675105131923,20.2,2.49822242994368));
#9068=CARTESIAN_POINT('Origin',(19.1349407381878,20.2,2.38882809847286));
#9069=CARTESIAN_POINT('',(17.2629557635391,20.2,-0.11063290482969));
#9070=CARTESIAN_POINT('Origin',(9.45872946013403,20.2,8.71100000000021));
#9071=CARTESIAN_POINT('',(16.0000002384186,20.2,17.9968655415186));
#9072=CARTESIAN_POINT('Origin',(9.45872946013403,20.2,8.71100000000021));
#9073=CARTESIAN_POINT('',(16.2000002384186,20.,18.1000463064066));
#9074=CARTESIAN_POINT('Origin',(9.45872946013403,20.,8.71100000000021));
#9075=CARTESIAN_POINT('Ctrl Pts',(16.2000002384186,20.,18.1000463064066));
#9076=CARTESIAN_POINT('Ctrl Pts',(16.199333541098,20.,18.0997042446349));
#9077=CARTESIAN_POINT('Ctrl Pts',(16.1986668520652,20.0000033336399,18.0993621684225));
#9078=CARTESIAN_POINT('Ctrl Pts',(16.1822312082221,20.0001677017568,18.0909286261983));
#9079=CARTESIAN_POINT('Ctrl Pts',(16.1664912295191,20.0021903498554,18.0828414399048));
#9080=CARTESIAN_POINT('Ctrl Pts',(16.1359024768638,20.0099012226627,18.0671052022085));
#9081=CARTESIAN_POINT('Ctrl Pts',(16.1210702535037,20.0155434169904,18.0594648927457));
#9082=CARTESIAN_POINT('Ctrl Pts',(16.0846332766302,20.0346927253449,18.0406744254993));
#9083=CARTESIAN_POINT('Ctrl Pts',(16.0642628552983,20.0507873265442,18.0301475635444));
#9084=CARTESIAN_POINT('Ctrl Pts',(16.0321979203433,20.0886905261951,18.0135570254207));
#9085=CARTESIAN_POINT('Ctrl Pts',(16.0200524570267,20.1094041658938,18.0072631895955));
#9086=CARTESIAN_POINT('Ctrl Pts',(16.0040598974897,20.1538117276162,17.9989722060914));
#9087=CARTESIAN_POINT('Ctrl Pts',(16.0000002384186,20.1767262295453,17.9968655415186));
#9088=CARTESIAN_POINT('Ctrl Pts',(16.0000002384186,20.2,17.9968655415186));
#9089=CARTESIAN_POINT('Origin',(16.2000002384186,20.2,12.7214055789035));
#9090=CARTESIAN_POINT('',(16.2000002384186,20.,27.07));
#9091=CARTESIAN_POINT('',(16.2000002384186,20.,12.7214055789035));
#9092=CARTESIAN_POINT('',(16.0000002384186,20.2,27.07));
#9093=CARTESIAN_POINT('Origin',(16.2000002384186,20.2,27.07));
#9094=CARTESIAN_POINT('',(16.0000002384186,20.2,12.7214055789035));
#9095=CARTESIAN_POINT('Origin',(0.,-2.99092110808751,27.07));
#9096=CARTESIAN_POINT('',(-27.7,39.6322369945275,27.07));
#9097=CARTESIAN_POINT('',(-8.00000011920944,39.6322369945277,27.07));
#9098=CARTESIAN_POINT('',(-28.45,38.806766813118,27.07));
#9099=CARTESIAN_POINT('Ctrl Pts',(-27.7,39.6322369945275,27.07));
#9100=CARTESIAN_POINT('Ctrl Pts',(-28.0166253177497,39.6322369945275,27.07));
#9101=CARTESIAN_POINT('Ctrl Pts',(-28.3483007565225,39.3760450453063,27.07));
#9102=CARTESIAN_POINT('Ctrl Pts',(-28.4432233751867,38.9340851712058,27.07));
#9103=CARTESIAN_POINT('Ctrl Pts',(-28.45,38.8704304153818,27.07));
#9104=CARTESIAN_POINT('Ctrl Pts',(-28.45,38.806766813118,27.07));
#9105=CARTESIAN_POINT('',(-28.45,-69.,27.07));
#9106=CARTESIAN_POINT('',(-28.45,17.9079228525152,27.07));
#9107=CARTESIAN_POINT('',(-27.7,-69.75,27.07));
#9108=CARTESIAN_POINT('Origin',(-27.7,-69.,27.07));
#9109=CARTESIAN_POINT('',(27.7,-69.75,27.07));
#9110=CARTESIAN_POINT('',(-13.85,-69.75,27.07));
#9111=CARTESIAN_POINT('',(28.45,-69.,27.07));
#9112=CARTESIAN_POINT('Origin',(27.7,-69.,27.07));
#9113=CARTESIAN_POINT('',(28.45,38.806766813118,27.07));
#9114=CARTESIAN_POINT('',(28.45,-35.9954605540438,27.07));
#9115=CARTESIAN_POINT('',(27.7,39.6322369945275,27.07));
#9116=CARTESIAN_POINT('Ctrl Pts',(28.45,38.806766813118,27.07));
#9117=CARTESIAN_POINT('Ctrl Pts',(28.45,39.1763577546192,27.07));
#9118=CARTESIAN_POINT('Ctrl Pts',(28.1977246270802,39.5074266931968,27.07));
#9119=CARTESIAN_POINT('Ctrl Pts',(27.8395191274529,39.621476461567,27.07));
#9120=CARTESIAN_POINT('Ctrl Pts',(27.769743503231,39.6322369945275,27.07));
#9121=CARTESIAN_POINT('Ctrl Pts',(27.7,39.6322369945275,27.07));
#9122=CARTESIAN_POINT('',(16.0000002384186,39.6322369945275,27.07));
#9123=CARTESIAN_POINT('',(13.85,39.6322369945275,27.07));
#9124=CARTESIAN_POINT('',(16.0000002384186,38.5045394459562,27.07));
#9125=CARTESIAN_POINT('',(25.45,20.,27.07));
#9126=CARTESIAN_POINT('',(12.725,20.,27.07));
#9127=CARTESIAN_POINT('',(25.45,-60.3,27.07));
#9128=CARTESIAN_POINT('',(25.45,0.,27.07));
#9129=CARTESIAN_POINT('',(21.75,-60.3,27.07));
#9130=CARTESIAN_POINT('',(20.,-60.3,27.07));
#9131=CARTESIAN_POINT('',(20.,-62.05,27.07));
#9132=CARTESIAN_POINT('Origin',(21.75,-62.05,27.07));
#9133=CARTESIAN_POINT('',(20.,-66.75,27.07));
#9134=CARTESIAN_POINT('',(20.,-70.,27.07));
#9135=CARTESIAN_POINT('',(-20.,-66.75,27.07));
#9136=CARTESIAN_POINT('',(21.25,-66.75,27.07));
#9137=CARTESIAN_POINT('',(-20.,-62.05,27.07));
#9138=CARTESIAN_POINT('',(-20.,-70.,27.07));
#9139=CARTESIAN_POINT('',(-21.75,-60.3,27.07));
#9140=CARTESIAN_POINT('Origin',(-21.75,-62.05,27.07));
#9141=CARTESIAN_POINT('',(-25.45,-60.3,27.07));
#9142=CARTESIAN_POINT('',(-20.,-60.3,27.07));
#9143=CARTESIAN_POINT('',(-25.45,20.,27.07));
#9144=CARTESIAN_POINT('',(-25.45,8.50453944595624,27.07));
#9145=CARTESIAN_POINT('',(-8.0000001192093,20.,27.07));
#9146=CARTESIAN_POINT('',(27.1,35.4676965039495,27.07));
#9147=CARTESIAN_POINT('Origin',(24.85,35.4676965039495,27.07));
#9148=CARTESIAN_POINT('',(27.1,-65.15,27.07));
#9149=CARTESIAN_POINT('Origin',(24.85,-65.15,27.07));
#9150=CARTESIAN_POINT('',(-27.1,-65.15,27.07));
#9151=CARTESIAN_POINT('Origin',(-24.85,-65.15,27.07));
#9152=CARTESIAN_POINT('',(-27.1,35.4676965039495,27.07));
#9153=CARTESIAN_POINT('Origin',(-24.85,35.4676965039495,27.07));
#9154=CARTESIAN_POINT('Origin',(-1.33226762955019E-14,20.,7.44594561628835));
#9155=CARTESIAN_POINT('',(14.2213060685748,20.,-12.1776087674234));
#9156=CARTESIAN_POINT('',(-14.2213060685776,20.,-12.17760876742));
#9157=CARTESIAN_POINT('',(20.7469469438984,20.,-4.2174862171382));
#9158=CARTESIAN_POINT('',(20.7469469438984,20.,-4.2174862171382));
#9159=CARTESIAN_POINT('',(25.45,20.,8.93766462881219));
#9160=CARTESIAN_POINT('Origin',(4.7,20.,8.93766462881218));
#9161=CARTESIAN_POINT('',(25.45,20.,27.0695000000001));
#9162=CARTESIAN_POINT('Origin',(-1.33226762955019E-14,20.,7.44594561628835));
#9163=CARTESIAN_POINT('',(-25.45,20.,8.93766462881218));
#9164=CARTESIAN_POINT('',(-25.45,20.,27.0695000000001));
#9165=CARTESIAN_POINT('',(-20.7469469438984,20.,-4.21748621713822));
#9166=CARTESIAN_POINT('Origin',(-4.7,20.,8.93766462881218));
#9167=CARTESIAN_POINT('',(-14.2213060685776,20.,-12.17760876742));
#9168=CARTESIAN_POINT('',(-6.71327607616495,20.,-21.3360715134806));
#9169=CARTESIAN_POINT('',(-14.2213060685776,20.,-12.17760876742));
#9170=CARTESIAN_POINT('Origin',(14.2213060685748,0.,-12.1776087674234));
#9171=CARTESIAN_POINT('',(13.6522789494753,0.,-12.17760876742));
#9172=CARTESIAN_POINT('',(13.6522789494753,0.,-12.17760876742));
#9173=CARTESIAN_POINT('',(14.2213060685748,0.,-12.1776087674234));
#9174=CARTESIAN_POINT('',(7.11065303428649,0.,-12.1776087674225));
#9175=CARTESIAN_POINT('',(14.2213060685748,0.,-12.1776087674234));
#9176=CARTESIAN_POINT('Origin',(14.2213060685748,0.,-12.1776087674234));
#9177=CARTESIAN_POINT('',(-13.6522789494752,0.,-12.17760876742));
#9178=CARTESIAN_POINT('',(-13.6522789494752,0.,-12.17760876742));
#9179=CARTESIAN_POINT('',(-14.2213060685776,0.,-12.17760876742));
#9180=CARTESIAN_POINT('',(-14.2213060685776,0.,-12.17760876742));
#9181=CARTESIAN_POINT('',(7.11065303428649,0.,-12.1776087674225));
#9182=CARTESIAN_POINT('Origin',(-4.7,0.,8.93766462881218));
#9183=CARTESIAN_POINT('',(-20.7469469438984,0.,-4.21748621713822));
#9184=CARTESIAN_POINT('',(-25.45,0.,8.93766462881218));
#9185=CARTESIAN_POINT('Origin',(-4.7,0.,8.93766462881218));
#9186=CARTESIAN_POINT('',(-20.7469469438984,0.,-4.21748621713822));
#9187=CARTESIAN_POINT('',(-25.45,0.,8.93766462881218));
#9188=CARTESIAN_POINT('Origin',(-14.2213060685776,0.,-12.17760876742));
#9189=CARTESIAN_POINT('',(-15.0887748798616,0.,-11.1194509284739));
#9190=CARTESIAN_POINT('Origin',(20.7469469438984,0.,-4.2174862171382));
#9191=CARTESIAN_POINT('',(20.7469469438984,0.,-4.2174862171382));
#9192=CARTESIAN_POINT('',(18.351595317522,0.,-7.13938965333303));
#9193=CARTESIAN_POINT('',(20.7469469438984,0.,-4.2174862171382));
#9194=CARTESIAN_POINT('Origin',(4.7,0.,8.93766462881218));
#9195=CARTESIAN_POINT('',(25.45,0.,8.93766462881219));
#9196=CARTESIAN_POINT('Origin',(4.7,0.,8.93766462881218));
#9197=CARTESIAN_POINT('',(25.45,0.,8.93766462881219));
#9198=CARTESIAN_POINT('Origin',(18.9675105131923,0.,2.49822242994368));
#9199=CARTESIAN_POINT('',(18.8035485234434,37.159,2.2472753062192));
#9200=CARTESIAN_POINT('',(18.803526829545,45.409,2.2472421032713));
#9201=CARTESIAN_POINT('',(18.8035485234434,18.5795,2.24727530621918));
#9202=CARTESIAN_POINT('',(11.9355047427179,37.159,-8.26440386422017));
#9203=CARTESIAN_POINT('',(12.8034416805646,37.159,-6.93600892060883));
#9204=CARTESIAN_POINT('',(11.9355047427179,0.,-8.26440386422017));
#9205=CARTESIAN_POINT('',(18.9675105131923,47.2928405819058,2.49822242994369));
#9206=CARTESIAN_POINT('',(18.9675105131923,0.,2.49822242994368));
#9207=CARTESIAN_POINT('',(18.8203856282975,47.3685438371235,2.27304483390931));
#9208=CARTESIAN_POINT('Ctrl Pts',(18.8203856282975,47.3685438371235,2.27304483390932));
#9209=CARTESIAN_POINT('Ctrl Pts',(18.869417404816,47.343509147917,2.3480889542403));
#9210=CARTESIAN_POINT('Ctrl Pts',(18.918450152255,47.3182757421442,2.42313456058467));
#9211=CARTESIAN_POINT('Ctrl Pts',(18.9675105131923,47.2928405819058,2.49822242994368));
#9212=CARTESIAN_POINT('',(18.4496162390616,47.5578516102843,1.70557482493751));
#9213=CARTESIAN_POINT('',(21.0537792824297,46.2282156667575,5.69129875060945));
#9214=CARTESIAN_POINT('',(18.4494451708158,46.1589767599281,1.70530103736777));
#9215=CARTESIAN_POINT('',(18.4496162390616,22.7045,1.70557482493755));
#9216=CARTESIAN_POINT('',(18.4496268598956,45.4090001406708,1.70529823946837));
#9217=CARTESIAN_POINT('',(18.449435440767,22.7045,1.70529810951047));
#9218=CARTESIAN_POINT('',(18.4498929544887,45.409,1.70599834346529));
#9219=CARTESIAN_POINT('',(18.4498929544887,45.409,1.70529810951047));
#9220=CARTESIAN_POINT('',(18.4498929544887,46.1584133410215,1.70599834346529));
#9221=CARTESIAN_POINT('',(18.4498929544887,27.2045,1.70599834346529));
#9222=CARTESIAN_POINT('',(25.201042290578,31.8454333400332,12.0387682148302));
#9223=CARTESIAN_POINT('Origin',(9.45872946013403,0.,8.71100000000021));
#9224=CARTESIAN_POINT('',(16.0000002386989,42.3860642747718,17.9968655407469));
#9225=CARTESIAN_POINT('',(16.0000002384186,0.,17.9968655415186));
#9226=CARTESIAN_POINT('',(19.7269918022613,43.5962061835482,13.5665744362207));
#9227=CARTESIAN_POINT('Ctrl Pts',(19.7270516935236,43.5962726337575,13.5666236222835));
#9228=CARTESIAN_POINT('Ctrl Pts',(19.3119823632236,43.3563021728668,14.444382271689));
#9229=CARTESIAN_POINT('Ctrl Pts',(18.7840637470782,43.1334066052,15.2693257520251));
#9230=CARTESIAN_POINT('Ctrl Pts',(17.5273613708416,42.7251510416412,16.7647256592135));
#9231=CARTESIAN_POINT('Ctrl Pts',(16.8036918220073,42.5410602485521,17.4307186112719));
#9232=CARTESIAN_POINT('Ctrl Pts',(16.0000002388613,42.3860642756094,17.9968655412067));
#9233=CARTESIAN_POINT('',(20.8096265978665,45.343576491581,8.29548296358501));
#9234=CARTESIAN_POINT('Ctrl Pts',(20.8096266916098,45.3435769129036,8.29548310446645));
#9235=CARTESIAN_POINT('Ctrl Pts',(20.8426577771542,45.0424996915616,9.19781093153759));
#9236=CARTESIAN_POINT('Ctrl Pts',(20.7680091423437,44.7435129642201,10.101999535766));
#9237=CARTESIAN_POINT('Ctrl Pts',(20.4048968890285,44.1554429740465,11.8760034583424));
#9238=CARTESIAN_POINT('Ctrl Pts',(20.1170682759079,43.8677366195544,12.7418346811791));
#9239=CARTESIAN_POINT('Ctrl Pts',(19.7270745228032,43.5960756709229,13.5665753442778));
#9240=CARTESIAN_POINT('Ctrl Pts',(18.9675105131923,47.2928405819058,2.49822242994368));
#9241=CARTESIAN_POINT('Ctrl Pts',(19.5309557006049,47.0007245364148,3.36058662407288));
#9242=CARTESIAN_POINT('Ctrl Pts',(19.971339290409,46.6894929946457,4.29056552422247));
#9243=CARTESIAN_POINT('Ctrl Pts',(20.5947096372106,46.0315613761156,6.24660864802419));
#9244=CARTESIAN_POINT('Ctrl Pts',(20.7719868232879,45.6868087831037,7.26725553718893));
#9245=CARTESIAN_POINT('Ctrl Pts',(20.8096266791492,45.3435759028149,8.29548276407334));
#9246=CARTESIAN_POINT('Origin',(16.0000002384186,80.,17.9968655415186));
#9247=CARTESIAN_POINT('',(16.0000002384186,39.6322369945275,26.07));
#9248=CARTESIAN_POINT('',(16.0000002384186,39.6322369945275,22.5334327707593));
#9249=CARTESIAN_POINT('',(16.0000002384186,41.1595348821504,26.07));
#9250=CARTESIAN_POINT('',(16.0000002384186,33.5000001676381,26.07));
#9251=CARTESIAN_POINT('',(16.0000002384186,43.0740746239673,19.1657290795487));
#9252=CARTESIAN_POINT('',(16.0000002384186,31.6983820315048,60.189094565604));
#9253=CARTESIAN_POINT('Ctrl Pts',(16.0000002384186,42.3860642750054,17.9968655406131));
#9254=CARTESIAN_POINT('Ctrl Pts',(16.0000002384186,42.4983666380807,18.1929219834993));
#9255=CARTESIAN_POINT('Ctrl Pts',(16.0000002384187,42.6121073866857,18.3885506156361));
#9256=CARTESIAN_POINT('Ctrl Pts',(16.0000002384187,42.8414340928381,18.7779277180198));
#9257=CARTESIAN_POINT('Ctrl Pts',(16.0000002384186,42.9573623602033,18.9722567621812));
#9258=CARTESIAN_POINT('Ctrl Pts',(16.0000002384186,43.0740746239673,19.1657290795487));
#9259=CARTESIAN_POINT('Ctrl Pts',(-13.4089707562231,53.9278028273211,-9.30279385313338));
#9260=CARTESIAN_POINT('Ctrl Pts',(-13.7254948019279,54.5238742243102,-9.5800619381635));
#9261=CARTESIAN_POINT('Ctrl Pts',(-13.9329694095446,55.305191392332,-9.94349879501124));
#9262=CARTESIAN_POINT('Ctrl Pts',(-14.0138085115599,56.1423813359109,-10.3329253865825));
#9263=CARTESIAN_POINT('Ctrl Pts',(-13.3638920952789,53.9035723055178,-9.40634562366975));
#9264=CARTESIAN_POINT('Ctrl Pts',(-13.6590446347868,54.4937913240729,-9.69820995087242));
#9265=CARTESIAN_POINT('Ctrl Pts',(-13.8394030609891,55.2680110521423,-10.0699517362065));
#9266=CARTESIAN_POINT('Ctrl Pts',(-13.893294971446,56.0959536295167,-10.4577525460839));
#9267=CARTESIAN_POINT('Ctrl Pts',(-13.3188134343347,53.8793417837145,-9.5098973942061));
#9268=CARTESIAN_POINT('Ctrl Pts',(-13.5925944676457,54.4637084238356,-9.81635796358134));
#9269=CARTESIAN_POINT('Ctrl Pts',(-13.7458367124336,55.2308307119524,-10.1964046774016));
#9270=CARTESIAN_POINT('Ctrl Pts',(-13.7727814313323,56.0495259231225,-10.5825797055854));
#9271=CARTESIAN_POINT('Ctrl Pts',(-13.2737347733905,53.8551112619112,-9.61344916474246));
#9272=CARTESIAN_POINT('Ctrl Pts',(-13.5261443005048,54.4336255235982,-9.93450597629024));
#9273=CARTESIAN_POINT('Ctrl Pts',(-13.6522703638781,55.1936503717626,-10.3228576185968));
#9274=CARTESIAN_POINT('Ctrl Pts',(-13.6522678912184,56.0030982167282,-10.7074068650868));
#9275=CARTESIAN_POINT('',(-13.878322828123,55.2670604544529,-9.92576183903672));
#9276=CARTESIAN_POINT('Ctrl Pts',(-13.8783228281268,55.2670604544516,-9.92576183903642));
#9277=CARTESIAN_POINT('Ctrl Pts',(-13.7919619080562,55.0289984001964,-9.87310259830094));
#9278=CARTESIAN_POINT('Ctrl Pts',(-13.6992577205632,54.7864628618477,-9.81945382473476));
#9279=CARTESIAN_POINT('Ctrl Pts',(-13.5031190318697,54.3189736483414,-9.71604537893148));
#9280=CARTESIAN_POINT('Ctrl Pts',(-13.3935312165414,54.0791301182577,-9.6629920761428));
#9281=CARTESIAN_POINT('Ctrl Pts',(-13.2737389289399,53.8551135291953,-9.61343968725377));
#9282=CARTESIAN_POINT('',(-14.0138085115599,56.1423813359109,-10.3329253865825));
#9283=CARTESIAN_POINT('',(-13.6522789494754,56.0031024769093,-10.7073954110145));
#9284=CARTESIAN_POINT('Origin',(-12.1957276727546,56.8644494174194,-10.6688019866553));
#9285=CARTESIAN_POINT('Origin',(-13.8522789494768,32.3332434719095,0.521535161141466));
#9286=CARTESIAN_POINT('',(-14.0522789494753,59.3283893426063,-11.8149262733373));
#9287=CARTESIAN_POINT('',(-13.6522789494752,59.1596842493637,-12.17760876742));
#9288=CARTESIAN_POINT('',(-14.0522789494754,56.9474176262199,-10.7073954110145));
#9289=CARTESIAN_POINT('',(-14.0522789494769,32.4175960185308,0.702876408182797));
#9290=CARTESIAN_POINT('',(-14.0522789494754,56.9474176262199,-10.7073954110145));
#9291=CARTESIAN_POINT('Ctrl Pts',(-14.0138085115599,56.1423813359109,-10.3329253865825));
#9292=CARTESIAN_POINT('Ctrl Pts',(-14.039392401236,56.4073344912587,-10.4561707803005));
#9293=CARTESIAN_POINT('Ctrl Pts',(-14.0522789494754,56.6773712288857,-10.5817808490067));
#9294=CARTESIAN_POINT('Ctrl Pts',(-14.0522789494754,56.9474176262199,-10.7073954110145));
#9295=CARTESIAN_POINT('Ctrl Pts',(-13.8932986575317,56.0959550495771,-10.4577487280598));
#9296=CARTESIAN_POINT('Ctrl Pts',(-13.9103545839824,56.3579816959136,-10.5804796115193));
#9297=CARTESIAN_POINT('Ctrl Pts',(-13.9189456161421,56.6246149502718,-10.7042931873621));
#9298=CARTESIAN_POINT('Ctrl Pts',(-13.9189456161421,56.8911825951391,-10.8282895757087));
#9299=CARTESIAN_POINT('Ctrl Pts',(-13.7727888035036,56.0495287632432,-10.5825720695372));
#9300=CARTESIAN_POINT('Ctrl Pts',(-13.7813167667289,56.3086289005685,-10.704788442738));
#9301=CARTESIAN_POINT('Ctrl Pts',(-13.7856122828087,56.5718586716578,-10.8268055257176));
#9302=CARTESIAN_POINT('Ctrl Pts',(-13.7856122828087,56.8349475640582,-10.949183740403));
#9303=CARTESIAN_POINT('Ctrl Pts',(-13.6522789494754,56.0031024769093,-10.7073954110145));
#9304=CARTESIAN_POINT('Ctrl Pts',(-13.6522789494754,56.2592761052234,-10.8290972739568));
#9305=CARTESIAN_POINT('Ctrl Pts',(-13.6522789494754,56.5191023930439,-10.949317864073));
#9306=CARTESIAN_POINT('Ctrl Pts',(-13.6522789494754,56.7787125329774,-11.0700779050972));
#9307=CARTESIAN_POINT('Origin',(-12.5141518293273,56.8694157193535,-10.6711121076182));
#9308=CARTESIAN_POINT('Ctrl Pts',(-14.052278948921,60.1080108532304,-12.1775743795724));
#9309=CARTESIAN_POINT('Ctrl Pts',(-14.0522833990235,60.4048080870296,-12.3156323388596));
#9310=CARTESIAN_POINT('Ctrl Pts',(-13.9986965022312,60.9981862112441,-12.5916476233218));
#9311=CARTESIAN_POINT('Ctrl Pts',(-13.7926426602141,61.6941205198421,-12.9153678588949));
#9312=CARTESIAN_POINT('Ctrl Pts',(-13.5115076927425,62.1804593849212,-13.1415928488497));
#9313=CARTESIAN_POINT('Ctrl Pts',(-13.1922714450399,62.5022200452713,-13.2912627752779));
#9314=CARTESIAN_POINT('Ctrl Pts',(-12.7229065181605,62.6832159554996,-13.3754546853087));
#9315=CARTESIAN_POINT('Ctrl Pts',(-12.3791632004237,62.6117044065914,-13.342190431524));
#9316=CARTESIAN_POINT('Ctrl Pts',(-12.2367119632396,62.5431792905141,-13.3103153443998));
#9317=CARTESIAN_POINT('Ctrl Pts',(-13.8970686883408,60.0525377218239,-12.2968355569291));
#9318=CARTESIAN_POINT('Ctrl Pts',(-13.8818158177305,60.3428118555072,-12.4290610305923));
#9319=CARTESIAN_POINT('Ctrl Pts',(-13.8003723397709,60.9210585718014,-12.6865452129323));
#9320=CARTESIAN_POINT('Ctrl Pts',(-13.5730914669606,61.5851680617784,-12.9684651858902));
#9321=CARTESIAN_POINT('Ctrl Pts',(-13.3033502282512,62.0267404258276,-13.1488665999459));
#9322=CARTESIAN_POINT('Ctrl Pts',(-13.0301205096915,62.2906470050304,-13.2562464747));
#9323=CARTESIAN_POINT('Ctrl Pts',(-12.6960786351666,62.4142278577304,-13.3120127367221));
#9324=CARTESIAN_POINT('Ctrl Pts',(-12.4612229489217,62.3664933166035,-13.2901078528229));
#9325=CARTESIAN_POINT('Ctrl Pts',(-12.3555074270591,62.3157584094629,-13.2683115643502));
#9326=CARTESIAN_POINT('Ctrl Pts',(-13.7418584277605,59.9970645904174,-12.4160967342858));
#9327=CARTESIAN_POINT('Ctrl Pts',(-13.7113482364377,60.2808156239847,-12.5424897223249));
#9328=CARTESIAN_POINT('Ctrl Pts',(-13.6020481773105,60.8439309323588,-12.7814428025428));
#9329=CARTESIAN_POINT('Ctrl Pts',(-13.3535402737071,61.4762156037147,-13.0215625128855));
#9330=CARTESIAN_POINT('Ctrl Pts',(-13.09519276376,61.873021466734,-13.156140351042));
#9331=CARTESIAN_POINT('Ctrl Pts',(-12.8679695743431,62.0790739647895,-13.2212301741222));
#9332=CARTESIAN_POINT('Ctrl Pts',(-12.6692507521728,62.1452397599611,-13.2485707881353));
#9333=CARTESIAN_POINT('Ctrl Pts',(-12.5432826974196,62.1212822266155,-13.2380252741218));
#9334=CARTESIAN_POINT('Ctrl Pts',(-12.4743028908787,62.0883375284117,-13.2263077843006));
#9335=CARTESIAN_POINT('Ctrl Pts',(-13.5866481671803,59.9415914590108,-12.5353579116425));
#9336=CARTESIAN_POINT('Ctrl Pts',(-13.5408806551448,60.2188193924623,-12.6559184140577));
#9337=CARTESIAN_POINT('Ctrl Pts',(-13.4037240148501,60.7668032929161,-12.8763403921533));
#9338=CARTESIAN_POINT('Ctrl Pts',(-13.1339890804536,61.3672631456511,-13.0746598398808));
#9339=CARTESIAN_POINT('Ctrl Pts',(-12.8870352992688,61.7193025076404,-13.1634141021382));
#9340=CARTESIAN_POINT('Ctrl Pts',(-12.7058186389946,61.8675009245486,-13.1862138735443));
#9341=CARTESIAN_POINT('Ctrl Pts',(-12.6424228691789,61.8762516621919,-13.1851288395487));
#9342=CARTESIAN_POINT('Ctrl Pts',(-12.6253424459174,61.8760711366276,-13.1859426954206));
#9343=CARTESIAN_POINT('Ctrl Pts',(-12.5930983546982,61.8609166473605,-13.1843040042509));
#9344=CARTESIAN_POINT('',(-12.5930990454799,61.8609440491396,-13.1843086320404));
#9345=CARTESIAN_POINT('',(-12.2367651856065,62.5432048905575,-13.3103272524951));
#9346=CARTESIAN_POINT('',(-12.5930990454799,61.8609440491396,-13.1843086320404));
#9347=CARTESIAN_POINT('',(-14.0522789494752,60.1080847802831,-12.17760876742));
#9348=CARTESIAN_POINT('Ctrl Pts',(-12.2367651856065,62.5432048905575,-13.3103272524951));
#9349=CARTESIAN_POINT('Ctrl Pts',(-12.3792060114487,62.6117133121757,-13.3421945740383));
#9350=CARTESIAN_POINT('Ctrl Pts',(-12.7229260040829,62.6832084413628,-13.375451190039));
#9351=CARTESIAN_POINT('Ctrl Pts',(-13.1922714450399,62.5022200452713,-13.2912627752779));
#9352=CARTESIAN_POINT('Ctrl Pts',(-13.5115076927425,62.1804593849212,-13.1415928488497));
#9353=CARTESIAN_POINT('Ctrl Pts',(-13.7926426602141,61.6941205198421,-12.9153678588949));
#9354=CARTESIAN_POINT('Ctrl Pts',(-13.9986900863425,60.9982078805177,-12.5916577029834));
#9355=CARTESIAN_POINT('Ctrl Pts',(-14.0522789494752,60.4048573556925,-12.3156552566307));
#9356=CARTESIAN_POINT('Ctrl Pts',(-14.0522789494752,60.1080847802831,-12.17760876742));
#9357=CARTESIAN_POINT('',(-13.586651604296,59.9416658146607,-12.5353765404878));
#9358=CARTESIAN_POINT('',(-14.0522789494752,60.1080847802831,-12.17760876742));
#9359=CARTESIAN_POINT('Ctrl Pts',(-13.586651604296,59.9416658146607,-12.5353765404878));
#9360=CARTESIAN_POINT('Ctrl Pts',(-13.5718119763469,60.031549470149,-12.5744646323723));
#9361=CARTESIAN_POINT('Ctrl Pts',(-13.5545911849469,60.1210939789397,-12.6124839868626));
#9362=CARTESIAN_POINT('Ctrl Pts',(-13.5351856632611,60.2095772738834,-12.6491479782298));
#9363=CARTESIAN_POINT('Ctrl Pts',(-13.5149646983466,60.3017787426992,-12.6873526343613));
#9364=CARTESIAN_POINT('Ctrl Pts',(-13.4923717786451,60.3928279368468,-12.7240849292417));
#9365=CARTESIAN_POINT('Ctrl Pts',(-13.4676708790503,60.4819078841864,-12.7590636068619));
#9366=CARTESIAN_POINT('Ctrl Pts',(-13.4429699794556,60.570987831526,-12.7940422844821));
#9367=CARTESIAN_POINT('Ctrl Pts',(-13.4161617131685,60.6580985320577,-12.8272670268462));
#9368=CARTESIAN_POINT('Ctrl Pts',(-13.3875439449406,60.7424230136417,-12.8585060772367));
#9369=CARTESIAN_POINT('Ctrl Pts',(-13.3654308083524,60.8075810918028,-12.8826446956876));
#9370=CARTESIAN_POINT('Ctrl Pts',(-13.3422182707416,60.8710755871921,-12.9056162073777));
#9371=CARTESIAN_POINT('Ctrl Pts',(-13.3181174916385,60.9325475967744,-12.9272791076997));
#9372=CARTESIAN_POINT('Ctrl Pts',(-13.2939486935557,60.9941930971532,-12.9490031466417));
#9373=CARTESIAN_POINT('Ctrl Pts',(-13.2688872606046,61.0538046796012,-12.9694108644395));
#9374=CARTESIAN_POINT('Ctrl Pts',(-13.2431715257492,61.1110203937319,-12.9884057099917));
#9375=CARTESIAN_POINT('Ctrl Pts',(-13.2172399278652,61.1687163880259,-13.0075600020817));
#9376=CARTESIAN_POINT('Ctrl Pts',(-13.1906436694132,61.2239761223865,-13.0252774017891));
#9377=CARTESIAN_POINT('Ctrl Pts',(-13.1636430789746,61.2764284548494,-13.0415097461144));
#9378=CARTESIAN_POINT('Ctrl Pts',(-13.1418499957981,61.3187644936392,-13.0546114162736));
#9379=CARTESIAN_POINT('Ctrl Pts',(-13.1197939531366,61.3592716094377,-13.066746620908));
#9380=CARTESIAN_POINT('Ctrl Pts',(-13.0976147560746,61.3977546487613,-13.0779146301437));
#9381=CARTESIAN_POINT('Ctrl Pts',(-13.0738758293002,61.4389439690964,-13.0898680183894));
#9382=CARTESIAN_POINT('Ctrl Pts',(-13.0499935636348,61.477814520677,-13.1007119081994));
#9383=CARTESIAN_POINT('Ctrl Pts',(-13.0262231597026,61.5141348353275,-13.1104445623344));
#9384=CARTESIAN_POINT('Ctrl Pts',(-13.0017758907328,61.551489375194,-13.1204543549364));
#9385=CARTESIAN_POINT('Ctrl Pts',(-12.9774476480892,61.586146373725,-13.1292887418709));
#9386=CARTESIAN_POINT('Ctrl Pts',(-12.9535173483958,61.6178540211048,-13.1370021239911));
#9387=CARTESIAN_POINT('Ctrl Pts',(-12.9327046869251,61.6454307978023,-13.1437106070824));
#9388=CARTESIAN_POINT('Ctrl Pts',(-12.9121932840999,61.6707766470442,-13.1495722504084));
#9389=CARTESIAN_POINT('Ctrl Pts',(-12.8921614539853,61.6937259113305,-13.1546544490325));
#9390=CARTESIAN_POINT('Ctrl Pts',(-12.8737582595506,61.7148093455638,-13.159323452758));
#9391=CARTESIAN_POINT('Ctrl Pts',(-12.8557467465652,61.7338700493993,-13.1633347833602));
#9392=CARTESIAN_POINT('Ctrl Pts',(-12.8384583507787,61.7509602415444,-13.166728760196));
#9393=CARTESIAN_POINT('Ctrl Pts',(-12.8201342182291,61.7690742961989,-13.170326068019));
#9394=CARTESIAN_POINT('Ctrl Pts',(-12.8026230991817,61.7849746625402,-13.1732304190708));
#9395=CARTESIAN_POINT('Ctrl Pts',(-12.7863149603155,61.7987235179316,-13.1755515371339));
#9396=CARTESIAN_POINT('Ctrl Pts',(-12.7666825633295,61.8152749459862,-13.1783457929127));
#9397=CARTESIAN_POINT('Ctrl Pts',(-12.7487948402013,61.8287083359696,-13.180296232108));
#9398=CARTESIAN_POINT('Ctrl Pts',(-12.7333081490871,61.8391321652351,-13.1816694237631));
#9399=CARTESIAN_POINT('Ctrl Pts',(-12.7306249211442,61.8409382004787,-13.1819073432898));
#9400=CARTESIAN_POINT('Ctrl Pts',(-12.7280136954004,61.8426538913773,-13.1821280380839));
#9401=CARTESIAN_POINT('Ctrl Pts',(-12.7254777915312,61.8442798021347,-13.182332982341));
#9402=CARTESIAN_POINT('Ctrl Pts',(-12.7145428740879,61.8512907934102,-13.1832167100557));
#9403=CARTESIAN_POINT('Ctrl Pts',(-12.7050168402681,61.8566324411154,-13.18381208622));
#9404=CARTESIAN_POINT('Ctrl Pts',(-12.6966490074132,61.8607231676577,-13.1842474200811));
#9405=CARTESIAN_POINT('Ctrl Pts',(-12.6876618403353,61.8651166639838,-13.1847149746095));
#9406=CARTESIAN_POINT('Ctrl Pts',(-12.6800102896719,61.8680672159742,-13.1849971431159));
#9407=CARTESIAN_POINT('Ctrl Pts',(-12.6733746703962,61.8700931990374,-13.1851887587973));
#9408=CARTESIAN_POINT('Ctrl Pts',(-12.6658343161685,61.8723954152016,-13.1854065003604));
#9409=CARTESIAN_POINT('Ctrl Pts',(-12.6596055498799,61.8735037535828,-13.1855066656062));
#9410=CARTESIAN_POINT('Ctrl Pts',(-12.654213423777,61.8741788473432,-13.1855598109832));
#9411=CARTESIAN_POINT('Ctrl Pts',(-12.6522835095862,61.8744204724468,-13.1855788324258));
#9412=CARTESIAN_POINT('Ctrl Pts',(-12.6504607401686,61.874606598047,-13.1855913091036));
#9413=CARTESIAN_POINT('Ctrl Pts',(-12.6487232659649,61.8747720987355,-13.1855989697785));
#9414=CARTESIAN_POINT('Ctrl Pts',(-12.6440308371191,61.8752190695182,-13.1856196591055));
#9415=CARTESIAN_POINT('Ctrl Pts',(-12.6399696802285,61.8755156046543,-13.1856090724927));
#9416=CARTESIAN_POINT('Ctrl Pts',(-12.6355897940817,61.875233313351,-13.1855713156222));
#9417=CARTESIAN_POINT('Ctrl Pts',(-12.6315291942341,61.8749716006067,-13.1855363111638));
#9418=CARTESIAN_POINT('Ctrl Pts',(-12.6271945427666,61.8742123763833,-13.1854782636226));
#9419=CARTESIAN_POINT('Ctrl Pts',(-12.6218294664277,61.8726142731223,-13.185358746686));
#9420=CARTESIAN_POINT('Ctrl Pts',(-12.6173525510126,61.8712807276754,-13.1852590151665));
#9421=CARTESIAN_POINT('Ctrl Pts',(-12.6121580320033,61.8693630578814,-13.185116894894));
#9422=CARTESIAN_POINT('Ctrl Pts',(-12.605808114883,61.8666629142011,-13.1848743703697));
#9423=CARTESIAN_POINT('Ctrl Pts',(-12.602014894351,61.8650499418972,-13.1847294946197));
#9424=CARTESIAN_POINT('Ctrl Pts',(-12.5978094027077,61.8631577474065,-13.1845481032465));
#9425=CARTESIAN_POINT('Ctrl Pts',(-12.5930990454799,61.8609440491396,-13.1843086320404));
#9426=CARTESIAN_POINT('Ctrl Pts',(-14.0522789494753,59.3283893426063,-11.8149262733373));
#9427=CARTESIAN_POINT('Ctrl Pts',(-14.0522789494752,59.5882878218319,-11.9358204380316));
#9428=CARTESIAN_POINT('Ctrl Pts',(-14.0522789494752,59.8481863010575,-12.0567146027258));
#9429=CARTESIAN_POINT('Ctrl Pts',(-14.0522789494752,60.1080847802831,-12.17760876742));
#9430=CARTESIAN_POINT('Ctrl Pts',(-13.9189456161419,59.2721543115255,-11.9358204380316));
#9431=CARTESIAN_POINT('Ctrl Pts',(-13.9189456161419,59.532052790751,-12.0567146027258));
#9432=CARTESIAN_POINT('Ctrl Pts',(-13.9115403450354,59.7916982278213,-12.1781527578725));
#9433=CARTESIAN_POINT('Ctrl Pts',(-13.8970698344155,60.0526117917423,-12.2968646917759));
#9434=CARTESIAN_POINT('Ctrl Pts',(-13.7856122828085,59.2159192804446,-12.0567146027258));
#9435=CARTESIAN_POINT('Ctrl Pts',(-13.7856122828085,59.4758177596702,-12.17760876742));
#9436=CARTESIAN_POINT('Ctrl Pts',(-13.7708017405956,59.7352101545851,-12.2995909130193));
#9437=CARTESIAN_POINT('Ctrl Pts',(-13.7418607193557,59.9971388032015,-12.4161206161319));
#9438=CARTESIAN_POINT('Ctrl Pts',(-13.6522789494752,59.1596842493637,-12.17760876742));
#9439=CARTESIAN_POINT('Ctrl Pts',(-13.6522789494752,59.4195827285893,-12.2985029321142));
#9440=CARTESIAN_POINT('Ctrl Pts',(-13.6300631361558,59.6787220813488,-12.421029068166));
#9441=CARTESIAN_POINT('Ctrl Pts',(-13.586651604296,59.9416658146607,-12.5353765404878));
#9442=CARTESIAN_POINT('',(-14.0522789494752,60.1080847802831,-12.17760876742));
#9443=CARTESIAN_POINT('Ctrl Pts',(-13.6522789494752,59.1596842493637,-12.17760876742));
#9444=CARTESIAN_POINT('Ctrl Pts',(-13.6522789494752,59.2899507344641,-12.2382034194195));
#9445=CARTESIAN_POINT('Ctrl Pts',(-13.6468161571108,59.4195223943303,-12.2988634071903));
#9446=CARTESIAN_POINT('Ctrl Pts',(-13.6248058219851,59.6805592922505,-12.4192770416327));
#9447=CARTESIAN_POINT('Ctrl Pts',(-13.6082904409851,59.810599338547,-12.4783790982558));
#9448=CARTESIAN_POINT('Ctrl Pts',(-13.586651604296,59.9416658146607,-12.5353765404878));
#9449=CARTESIAN_POINT('Origin',(6.86692207666667,52.9288759985263,-8.9409033834081));
#9450=CARTESIAN_POINT('',(-10.9271360326506,61.060907967103,-12.8263622631474));
#9451=CARTESIAN_POINT('',(-11.0339826904532,61.9647139293843,-13.0412368686554));
#9452=CARTESIAN_POINT('Ctrl Pts',(-10.9271360326506,61.0609079671033,-12.8263622631474));
#9453=CARTESIAN_POINT('Ctrl Pts',(-10.9446104501673,61.2115769127922,-12.8621437929871));
#9454=CARTESIAN_POINT('Ctrl Pts',(-10.9622411032768,61.3622369847233,-12.8979414536955));
#9455=CARTESIAN_POINT('Ctrl Pts',(-10.9978444473664,61.6634996810914,-12.9695635715999));
#9456=CARTESIAN_POINT('Ctrl Pts',(-11.0158199258006,61.8141256322757,-13.0053935780501));
#9457=CARTESIAN_POINT('Ctrl Pts',(-11.0339826902523,61.9647139289982,-13.0412368684758));
#9458=CARTESIAN_POINT('',(-12.070911204919,62.463435664503,-13.2732218643417));
#9459=CARTESIAN_POINT('',(7.04356959402155,53.270123972826,-8.99686849340004));
#9460=CARTESIAN_POINT('',(-12.4242062396288,61.7809397159034,-13.1612916443578));
#9461=CARTESIAN_POINT('',(-12.070911204919,62.463435664503,-13.2732218643417));
#9462=CARTESIAN_POINT('',(6.6902745593118,52.5876280242265,-8.88493827341617));
#9463=CARTESIAN_POINT('Ctrl Pts',(-12.2367651856065,62.5432048905574,-13.3103272524951));
#9464=CARTESIAN_POINT('Ctrl Pts',(-12.1814805253773,62.5166151485393,-13.2979587897773));
#9465=CARTESIAN_POINT('Ctrl Pts',(-12.1261958651482,62.4900254065211,-13.2855903270595));
#9466=CARTESIAN_POINT('Ctrl Pts',(-12.070911204919,62.463435664503,-13.2732218643417));
#9467=CARTESIAN_POINT('Ctrl Pts',(-12.3555431388976,62.3157846100848,-13.2683210456769));
#9468=CARTESIAN_POINT('Ctrl Pts',(-12.2996036946716,62.2890897907121,-13.2591052375317));
#9469=CARTESIAN_POINT('Ctrl Pts',(-12.2439608767181,62.262526756988,-13.2482802537315));
#9470=CARTESIAN_POINT('Ctrl Pts',(-12.188676216489,62.2359370149698,-13.2359117910137));
#9471=CARTESIAN_POINT('Ctrl Pts',(-12.4743210921887,62.0883643296122,-13.2263148388587));
#9472=CARTESIAN_POINT('Ctrl Pts',(-12.4177268639658,62.0615644328848,-13.2202516852861));
#9473=CARTESIAN_POINT('Ctrl Pts',(-12.361725888288,62.0350281074548,-13.2109701804036));
#9474=CARTESIAN_POINT('Ctrl Pts',(-12.3064412280589,62.0084383654366,-13.1986017176858));
#9475=CARTESIAN_POINT('Ctrl Pts',(-12.5930990454799,61.8609440491396,-13.1843086320404));
#9476=CARTESIAN_POINT('Ctrl Pts',(-12.53585003326,61.8340390750576,-13.1813981330405));
#9477=CARTESIAN_POINT('Ctrl Pts',(-12.4794908998579,61.8075294579216,-13.1736601070756));
#9478=CARTESIAN_POINT('Ctrl Pts',(-12.4242062396288,61.7809397159034,-13.1612916443578));
#9479=CARTESIAN_POINT('',(-12.070911204919,62.463435664503,-13.2732218643417));
#9480=CARTESIAN_POINT('Ctrl Pts',(-12.5930990454799,61.8609440491396,-13.1843086320404));
#9481=CARTESIAN_POINT('Ctrl Pts',(-12.53585003326,61.8340390750576,-13.1813981330405));
#9482=CARTESIAN_POINT('Ctrl Pts',(-12.4794908998579,61.8075294579216,-13.1736601070756));
#9483=CARTESIAN_POINT('Ctrl Pts',(-12.4242062396288,61.7809397159034,-13.1612916443578));
#9484=CARTESIAN_POINT('Origin',(0.,54.142937323055,-9.4028656397639));
#9485=CARTESIAN_POINT('',(-10.2002380335461,64.8765828986348,-14.3957194631278));
#9486=CARTESIAN_POINT('Origin',(-2.40285399576785,52.498129441865,-8.63776814679553));
#9487=CARTESIAN_POINT('',(-10.3263838186559,65.018157783825,-14.4615743224306));
#9488=CARTESIAN_POINT('',(-10.3263838186559,65.018157783825,-14.4615743224306));
#9489=CARTESIAN_POINT('',(-13.7717422965681,65.018157783825,-14.4615743224306));
#9490=CARTESIAN_POINT('',(0.,65.018157783825,-14.4615743224306));
#9491=CARTESIAN_POINT('',(-17.9188287196245,54.1429373230745,-9.40286563977299));
#9492=CARTESIAN_POINT('',(-23.1673194103611,40.3794205983696,-3.0006394218814));
#9493=CARTESIAN_POINT('',(-16.1157183643387,54.1429373232609,-9.40286563961528));
#9494=CARTESIAN_POINT('',(0.,54.142937323055,-9.4028656397639));
#9495=CARTESIAN_POINT('',(-15.7699648379967,55.2670604544534,-9.92576183903682));
#9496=CARTESIAN_POINT('Ctrl Pts',(-15.7699648379967,55.2670604544534,-9.92576183903682));
#9497=CARTESIAN_POINT('Ctrl Pts',(-15.8150399661554,55.1187490961987,-9.85677344855336));
#9498=CARTESIAN_POINT('Ctrl Pts',(-15.8601150943141,54.970437737944,-9.78778505806991));
#9499=CARTESIAN_POINT('Ctrl Pts',(-15.9049377437285,54.8229571142213,-9.71918309138406));
#9500=CARTESIAN_POINT('Ctrl Pts',(-15.9273490684357,54.74921680236,-9.68488210804113));
#9501=CARTESIAN_POINT('Ctrl Pts',(-15.9496972734568,54.6756841741316,-9.6506777306476));
#9502=CARTESIAN_POINT('Ctrl Pts',(-15.9719507989488,54.6024630713528,-9.61661826217818));
#9503=CARTESIAN_POINT('Ctrl Pts',(-15.9830775616948,54.5658525199634,-9.59958852794347));
#9504=CARTESIAN_POINT('Ctrl Pts',(-15.9941806545585,54.5293198499364,-9.58259502093979));
#9505=CARTESIAN_POINT('Ctrl Pts',(-16.0052561325596,54.4928780414988,-9.56564377903897));
#9506=CARTESIAN_POINT('Ctrl Pts',(-16.0107938715601,54.47465713728,-9.55716815808855));
#9507=CARTESIAN_POINT('Ctrl Pts',(-16.016324706845,54.4564589484586,-9.54870310341386));
#9508=CARTESIAN_POINT('Ctrl Pts',(-16.0218481452916,54.4382850975629,-9.54024936974886));
#9509=CARTESIAN_POINT('Ctrl Pts',(-16.024609864515,54.4291981721151,-9.53602250291636));
#9510=CARTESIAN_POINT('Ctrl Pts',(-16.0273697345287,54.4201173311487,-9.53179846633629));
#9511=CARTESIAN_POINT('Ctrl Pts',(-16.0301276936926,54.4110427774797,-9.52757735435038));
#9512=CARTESIAN_POINT('Ctrl Pts',(-16.0317816061433,54.4056008849768,-9.52504600807064));
#9513=CARTESIAN_POINT('Ctrl Pts',(-16.0334348314054,54.4001612535406,-9.52251571354686));
#9514=CARTESIAN_POINT('Ctrl Pts',(-16.0350873561854,54.3947239269109,-9.51998649112499));
#9515=CARTESIAN_POINT('Ctrl Pts',(-16.0360668641145,54.3915010375411,-9.51848733453342));
#9516=CARTESIAN_POINT('Ctrl Pts',(-16.0370452468703,54.3882818503455,-9.51698990004223));
#9517=CARTESIAN_POINT('Ctrl Pts',(-16.0380291682313,54.3850444393959,-9.51548398860448));
#9518=CARTESIAN_POINT('Ctrl Pts',(-16.0381533376634,54.3846358828842,-9.51529394479057));
#9519=CARTESIAN_POINT('Ctrl Pts',(-16.0382775737163,54.3842271071689,-9.51510379901215));
#9520=CARTESIAN_POINT('Ctrl Pts',(-16.038401875805,54.3838181141751,-9.51491355216461));
#9521=CARTESIAN_POINT('Ctrl Pts',(-16.0477494081017,54.3530617909457,-9.50060696592769));
#9522=CARTESIAN_POINT('Ctrl Pts',(-16.057701376825,54.3210001799141,-9.48569321308095));
#9523=CARTESIAN_POINT('Ctrl Pts',(-16.0679800239416,54.288623830093,-9.47063305659551));
#9524=CARTESIAN_POINT('Ctrl Pts',(-16.0783217900788,54.2560486638842,-9.45548041884124));
#9525=CARTESIAN_POINT('Ctrl Pts',(-16.0889944996917,54.2231542721029,-9.44017929037996));
#9526=CARTESIAN_POINT('Ctrl Pts',(-16.0996634449732,54.1909373103491,-9.42519327471796));
#9527=CARTESIAN_POINT('Ctrl Pts',(-16.1050327505724,54.1747236445585,-9.41765133915823));
#9528=CARTESIAN_POINT('Ctrl Pts',(-16.1104002602586,54.1586814217371,-9.41018915187029));
#9529=CARTESIAN_POINT('Ctrl Pts',(-16.1157183635278,54.1429373230552,-9.40286563976401));
#9530=CARTESIAN_POINT('',(3.75206470850708,55.2670604544537,-9.92576183903693));
#9531=CARTESIAN_POINT('Ctrl Pts',(-11.5501970413059,59.5440755739881,-11.915254704872));
#9532=CARTESIAN_POINT('Ctrl Pts',(-11.2044208181871,61.4254227011919,-12.7903806006483));
#9533=CARTESIAN_POINT('Ctrl Pts',(-10.7508325526021,63.2194708125644,-13.6248985573978));
#9534=CARTESIAN_POINT('Ctrl Pts',(-10.2002380326337,64.8765829037853,-14.3957194666612));
#9535=CARTESIAN_POINT('Ctrl Pts',(-11.1009943239619,59.3453795654917,-12.164924548729));
#9536=CARTESIAN_POINT('Ctrl Pts',(-10.7359914704469,61.2113920600785,-13.0231868310716));
#9537=CARTESIAN_POINT('Ctrl Pts',(-10.2659465368709,62.9879408625378,-13.8372402038228));
#9538=CARTESIAN_POINT('Ctrl Pts',(-9.70395876362589,64.6240664531231,-14.5840893149491));
#9539=CARTESIAN_POINT('Ctrl Pts',(-10.6517916066179,59.1466835569953,-12.4145943925861));
#9540=CARTESIAN_POINT('Ctrl Pts',(-10.2675621227067,60.9973614189652,-13.255993061495));
#9541=CARTESIAN_POINT('Ctrl Pts',(-9.78106052113979,62.7564109125111,-14.0495818502478));
#9542=CARTESIAN_POINT('Ctrl Pts',(-9.20767949461808,64.3715500024608,-14.7724591632369));
#9543=CARTESIAN_POINT('Ctrl Pts',(-10.2025888892739,58.9479875484988,-12.6642642364431));
#9544=CARTESIAN_POINT('Ctrl Pts',(-9.7991327749665,60.7833307778519,-13.4887992919184));
#9545=CARTESIAN_POINT('Ctrl Pts',(-9.29617450540863,62.5248809624845,-14.2619234966729));
#9546=CARTESIAN_POINT('Ctrl Pts',(-8.71140022561027,64.1190335517985,-14.9608290115247));
#9547=CARTESIAN_POINT('',(-10.2025888892739,58.9479875484989,-12.6642642364431));
#9548=CARTESIAN_POINT('Ctrl Pts',(-10.9271360326506,61.0609079671029,-12.8263622631474));
#9549=CARTESIAN_POINT('Ctrl Pts',(-10.801191324499,60.7105727927329,-12.7981855063251));
#9550=CARTESIAN_POINT('Ctrl Pts',(-10.6779754672312,60.3594420113676,-12.7706192568346));
#9551=CARTESIAN_POINT('Ctrl Pts',(-10.4364946772145,59.6549406953874,-12.7165943946755));
#9552=CARTESIAN_POINT('Ctrl Pts',(-10.3183702109076,59.3019805287491,-12.6901672076129));
#9553=CARTESIAN_POINT('Ctrl Pts',(-10.2025888892739,58.9479875484989,-12.6642642364431));
#9554=CARTESIAN_POINT('',(-8.74822525053282,64.018157858887,-14.9165895659118));
#9555=CARTESIAN_POINT('Ctrl Pts',(-10.2025888892739,58.9479875484989,-12.6642642364431));
#9556=CARTESIAN_POINT('Ctrl Pts',(-10.0096995590131,59.8254513264772,-13.0584682377884));
#9557=CARTESIAN_POINT('Ctrl Pts',(-9.78977874086674,60.7021691641852,-13.4500695992756));
#9558=CARTESIAN_POINT('Ctrl Pts',(-9.30512830593266,62.3912394448693,-14.2003187096411));
#9559=CARTESIAN_POINT('Ctrl Pts',(-9.04167656341718,63.21039585975,-14.5622315199485));
#9560=CARTESIAN_POINT('Ctrl Pts',(-8.74822527447322,64.018157903355,-14.9165894843721));
#9561=CARTESIAN_POINT('Ctrl Pts',(-8.74822526867183,64.0181578885521,-14.9165896555754));
#9562=CARTESIAN_POINT('Ctrl Pts',(-8.90246469934658,64.0998183631153,-14.8583695498096));
#9563=CARTESIAN_POINT('Ctrl Pts',(-9.0557637823193,64.184241562011,-14.8013722608236));
#9564=CARTESIAN_POINT('Ctrl Pts',(-9.20811698969476,64.2710988928243,-14.7456232675952));
#9565=CARTESIAN_POINT('Ctrl Pts',(-9.23084070302988,64.2840537962389,-14.7373082201954));
#9566=CARTESIAN_POINT('Ctrl Pts',(-9.25354329241699,64.2970628497846,-14.7290209894645));
#9567=CARTESIAN_POINT('Ctrl Pts',(-9.27622465574316,64.3101249631747,-14.7207617092152));
#9568=CARTESIAN_POINT('Ctrl Pts',(-9.34425450574961,64.3493031025979,-14.6959890538663));
#9569=CARTESIAN_POINT('Ctrl Pts',(-9.41209402027276,64.3889583797359,-14.6714668110459));
#9570=CARTESIAN_POINT('Ctrl Pts',(-9.47974104927257,64.429060678798,-14.6471956347435));
#9571=CARTESIAN_POINT('Ctrl Pts',(-9.64011418935826,64.5241325795205,-14.5896551216606));
#9572=CARTESIAN_POINT('Ctrl Pts',(-9.79957391310725,64.6218176885996,-14.5334692098561));
#9573=CARTESIAN_POINT('Ctrl Pts',(-9.95805769697969,64.7217281122725,-14.4786605256942));
#9574=CARTESIAN_POINT('Ctrl Pts',(-9.97897200894548,64.7349127909713,-14.4714276978869));
#9575=CARTESIAN_POINT('Ctrl Pts',(-9.99986926111522,64.7481362229903,-14.4642188912633));
#9576=CARTESIAN_POINT('Ctrl Pts',(-10.0207492529941,64.7613975168957,-14.4570341911893));
#9577=CARTESIAN_POINT('Ctrl Pts',(-10.0807223267865,64.7994875967477,-14.436397758464));
#9578=CARTESIAN_POINT('Ctrl Pts',(-10.1405533949169,64.8378898956844,-14.4159594437699));
#9579=CARTESIAN_POINT('Ctrl Pts',(-10.2002380318455,64.8765829011156,-14.3957194628557));
#9580=CARTESIAN_POINT('Origin',(-5.95664458649176,53.3666835843619,-9.1445536030789));
#9581=CARTESIAN_POINT('',(11.0339826904532,61.9647139293844,-13.0412368686554));
#9582=CARTESIAN_POINT('',(10.9271360326507,61.060907967103,-12.8263622631474));
#9583=CARTESIAN_POINT('Ctrl Pts',(11.0339826902524,61.9647139289983,-13.0412368684758));
#9584=CARTESIAN_POINT('Ctrl Pts',(11.0158199258099,61.8141256323527,-13.0053935780684));
#9585=CARTESIAN_POINT('Ctrl Pts',(10.9978444473848,61.6634996812451,-12.9695635716364));
#9586=CARTESIAN_POINT('Ctrl Pts',(10.9622411032946,61.3622369848752,-12.8979414537316));
#9587=CARTESIAN_POINT('Ctrl Pts',(10.9446104501756,61.2115769128632,-12.862143793004));
#9588=CARTESIAN_POINT('Ctrl Pts',(10.9271360326507,61.0609079671033,-12.8263622631475));
#9589=CARTESIAN_POINT('',(12.4242062396288,61.7809397159034,-13.1612916443578));
#9590=CARTESIAN_POINT('',(-5.77999706913688,53.0254356100622,-9.08858849308697));
#9591=CARTESIAN_POINT('',(12.070911204919,62.463435664503,-13.2732218643417));
#9592=CARTESIAN_POINT('',(12.4242062396288,61.7809397159034,-13.1612916443578));
#9593=CARTESIAN_POINT('',(-6.13329210384665,53.7079315586617,-9.20051871307083));
#9594=CARTESIAN_POINT('Ctrl Pts',(12.2367651856065,62.5432048905575,-13.3103272524952));
#9595=CARTESIAN_POINT('Ctrl Pts',(12.3435958049882,62.5945862067712,-13.3342277436525));
#9596=CARTESIAN_POINT('Ctrl Pts',(12.5043750423025,62.6394678766979,-13.3551048646424));
#9597=CARTESIAN_POINT('Ctrl Pts',(12.8420406273652,62.6372619328474,-13.3540787495995));
#9598=CARTESIAN_POINT('Ctrl Pts',(13.1897592352106,62.5023270962556,-13.2913125710265));
#9599=CARTESIAN_POINT('Ctrl Pts',(13.616769799156,62.073626081825,-13.0918983566856));
#9600=CARTESIAN_POINT('Ctrl Pts',(13.9552923631068,61.2950874134456,-12.7297539444662));
#9601=CARTESIAN_POINT('Ctrl Pts',(14.0522789494753,60.5037815474957,-12.3616707530342));
#9602=CARTESIAN_POINT('Ctrl Pts',(14.0522789494753,60.1080847802831,-12.17760876742));
#9603=CARTESIAN_POINT('Ctrl Pts',(12.3555431388976,62.3157846100849,-13.2683210456769));
#9604=CARTESIAN_POINT('Ctrl Pts',(12.4348229729941,62.3538264586092,-13.2846644416799));
#9605=CARTESIAN_POINT('Ctrl Pts',(12.5478571284882,62.3847617690902,-13.2986304824067));
#9606=CARTESIAN_POINT('Ctrl Pts',(12.7802998059984,62.3830984085599,-13.2978802071201));
#9607=CARTESIAN_POINT('Ctrl Pts',(13.0291088499737,62.2905509188434,-13.2562131071805));
#9608=CARTESIAN_POINT('Ctrl Pts',(13.394107031427,61.9392389112479,-13.1135434063272));
#9609=CARTESIAN_POINT('Ctrl Pts',(13.744463381392,61.2096414516058,-12.8135163758638));
#9610=CARTESIAN_POINT('Ctrl Pts',(13.8767293714493,60.4396118604879,-12.4731501632466));
#9611=CARTESIAN_POINT('Ctrl Pts',(13.8970698344156,60.0526117917423,-12.2968646917759));
#9612=CARTESIAN_POINT('Ctrl Pts',(12.4743210921888,62.0883643296123,-13.2263148388587));
#9613=CARTESIAN_POINT('Ctrl Pts',(12.5260501410001,62.1130667104472,-13.2351011397073));
#9614=CARTESIAN_POINT('Ctrl Pts',(12.5913392146739,62.1300556614824,-13.2421561001709));
#9615=CARTESIAN_POINT('Ctrl Pts',(12.7185589846315,62.1289348842724,-13.2416816646407));
#9616=CARTESIAN_POINT('Ctrl Pts',(12.8684584647369,62.0787747414311,-13.2211136433346));
#9617=CARTESIAN_POINT('Ctrl Pts',(13.171444263698,61.8048517406708,-13.1351884559688));
#9618=CARTESIAN_POINT('Ctrl Pts',(13.5336343996773,61.124195489766,-12.8972788072614));
#9619=CARTESIAN_POINT('Ctrl Pts',(13.7011797934232,60.3754421734802,-12.5846295734589));
#9620=CARTESIAN_POINT('Ctrl Pts',(13.7418607193558,59.9971388032015,-12.4161206161319));
#9621=CARTESIAN_POINT('Ctrl Pts',(12.5930990454799,61.8609440491396,-13.1843086320404));
#9622=CARTESIAN_POINT('Ctrl Pts',(12.6172773090061,61.8723069622851,-13.1855378377347));
#9623=CARTESIAN_POINT('Ctrl Pts',(12.6348213008596,61.8753495538746,-13.1856817179352));
#9624=CARTESIAN_POINT('Ctrl Pts',(12.6568181632647,61.8747713599849,-13.1854831221614));
#9625=CARTESIAN_POINT('Ctrl Pts',(12.7078080795,61.8669985640189,-13.1860141794887));
#9626=CARTESIAN_POINT('Ctrl Pts',(12.9487814959691,61.6704645700937,-13.1568335056103));
#9627=CARTESIAN_POINT('Ctrl Pts',(13.3228054179626,61.0387495279261,-12.981041238659));
#9628=CARTESIAN_POINT('Ctrl Pts',(13.5256302153972,60.3112724864725,-12.6961089836712));
#9629=CARTESIAN_POINT('Ctrl Pts',(13.5866516042961,59.9416658146607,-12.5353765404878));
#9630=CARTESIAN_POINT('',(13.5866516042961,59.9416658146607,-12.5353765404878));
#9631=CARTESIAN_POINT('',(14.0522789494753,60.1080847802831,-12.17760876742));
#9632=CARTESIAN_POINT('',(13.5866516042961,59.9416658146607,-12.5353765404878));
#9633=CARTESIAN_POINT('',(12.2367651856065,62.5432048905575,-13.3103272524952));
#9634=CARTESIAN_POINT('Ctrl Pts',(14.0522789494753,60.1080847802831,-12.17760876742));
#9635=CARTESIAN_POINT('Ctrl Pts',(14.0522789494753,60.5037815474957,-12.3616707530342));
#9636=CARTESIAN_POINT('Ctrl Pts',(13.9552923631068,61.2950874134456,-12.7297539444662));
#9637=CARTESIAN_POINT('Ctrl Pts',(13.616769799156,62.073626081825,-13.0918983566856));
#9638=CARTESIAN_POINT('Ctrl Pts',(13.1897592352106,62.5023270962556,-13.2913125710265));
#9639=CARTESIAN_POINT('Ctrl Pts',(12.8420406273652,62.6372619328474,-13.3540787495995));
#9640=CARTESIAN_POINT('Ctrl Pts',(12.5043750423025,62.6394678766979,-13.3551048646424));
#9641=CARTESIAN_POINT('Ctrl Pts',(12.3435958049882,62.5945862067712,-13.3342277436525));
#9642=CARTESIAN_POINT('Ctrl Pts',(12.2367651856065,62.5432048905575,-13.3103272524952));
#9643=CARTESIAN_POINT('',(12.5930990454799,61.8609440491396,-13.1843086320404));
#9644=CARTESIAN_POINT('',(12.2367651856065,62.5432048905575,-13.3103272524952));
#9645=CARTESIAN_POINT('Ctrl Pts',(12.5930990454799,61.8609440491396,-13.1843086320404));
#9646=CARTESIAN_POINT('Ctrl Pts',(12.6172773090061,61.8723069622851,-13.1855378377347));
#9647=CARTESIAN_POINT('Ctrl Pts',(12.6348213008596,61.8753495538746,-13.1856817179352));
#9648=CARTESIAN_POINT('Ctrl Pts',(12.6568181632647,61.8747713599849,-13.1854831221614));
#9649=CARTESIAN_POINT('Ctrl Pts',(12.7078080795,61.8669985640189,-13.1860141794887));
#9650=CARTESIAN_POINT('Ctrl Pts',(12.9487814959691,61.6704645700937,-13.1568335056103));
#9651=CARTESIAN_POINT('Ctrl Pts',(13.3228054179626,61.0387495279261,-12.981041238659));
#9652=CARTESIAN_POINT('Ctrl Pts',(13.5256302153972,60.3112724864725,-12.6961089836712));
#9653=CARTESIAN_POINT('Ctrl Pts',(13.5866516042961,59.9416658146607,-12.5353765404878));
#9654=CARTESIAN_POINT('Ctrl Pts',(12.070911204919,62.463435664503,-13.2732218643417));
#9655=CARTESIAN_POINT('Ctrl Pts',(12.1261958651482,62.4900254065211,-13.2855903270595));
#9656=CARTESIAN_POINT('Ctrl Pts',(12.1814805253773,62.5166151485393,-13.2979587897773));
#9657=CARTESIAN_POINT('Ctrl Pts',(12.2367651856065,62.5432048905575,-13.3103272524951));
#9658=CARTESIAN_POINT('Ctrl Pts',(12.188676216489,62.2359370149698,-13.2359117910137));
#9659=CARTESIAN_POINT('Ctrl Pts',(12.2439608767181,62.262526756988,-13.2482802537315));
#9660=CARTESIAN_POINT('Ctrl Pts',(12.2996036946716,62.2890897907121,-13.2591052375317));
#9661=CARTESIAN_POINT('Ctrl Pts',(12.3555431388976,62.3157846100848,-13.2683210456769));
#9662=CARTESIAN_POINT('Ctrl Pts',(12.3064412280589,62.0084383654366,-13.1986017176858));
#9663=CARTESIAN_POINT('Ctrl Pts',(12.361725888288,62.0350281074548,-13.2109701804036));
#9664=CARTESIAN_POINT('Ctrl Pts',(12.4177268639658,62.0615644328848,-13.2202516852861));
#9665=CARTESIAN_POINT('Ctrl Pts',(12.4743210921888,62.0883643296122,-13.2263148388587));
#9666=CARTESIAN_POINT('Ctrl Pts',(12.4242062396288,61.7809397159034,-13.1612916443578));
#9667=CARTESIAN_POINT('Ctrl Pts',(12.4794908998579,61.8075294579216,-13.1736601070756));
#9668=CARTESIAN_POINT('Ctrl Pts',(12.5358500332601,61.8340390750576,-13.1813981330405));
#9669=CARTESIAN_POINT('Ctrl Pts',(12.5930990454799,61.8609440491396,-13.1843086320404));
#9670=CARTESIAN_POINT('',(12.2367651856065,62.5432048905575,-13.3103272524951));
#9671=CARTESIAN_POINT('Ctrl Pts',(12.4242062396288,61.7809397159034,-13.1612916443578));
#9672=CARTESIAN_POINT('Ctrl Pts',(12.4794908998579,61.8075294579216,-13.1736601070756));
#9673=CARTESIAN_POINT('Ctrl Pts',(12.5358500332601,61.8340390750576,-13.1813981330405));
#9674=CARTESIAN_POINT('Ctrl Pts',(12.5930990454799,61.8609440491396,-13.1843086320404));
#9675=CARTESIAN_POINT('Origin',(13.852278949477,32.0521277251596,0.652298732698295));
#9676=CARTESIAN_POINT('',(14.0522789494754,59.3283893426063,-11.8149262733373));
#9677=CARTESIAN_POINT('',(13.6522789494753,59.1596842493637,-12.17760876742));
#9678=CARTESIAN_POINT('',(14.0522789494754,59.3283893426063,-11.8149262733373));
#9679=CARTESIAN_POINT('',(13.6522789494755,56.7787125329772,-11.0700779050971));
#9680=CARTESIAN_POINT('',(13.652278949477,31.9677751785383,0.470957485656964));
#9681=CARTESIAN_POINT('',(14.0522789494755,56.9474176262197,-10.7073954110144));
#9682=CARTESIAN_POINT('',(13.6522789494755,56.7787125329772,-11.0700779050971));
#9683=CARTESIAN_POINT('',(14.0522789494771,32.1364802717808,0.833639979739627));
#9684=CARTESIAN_POINT('Ctrl Pts',(14.0522789494753,60.1080847802831,-12.17760876742));
#9685=CARTESIAN_POINT('Ctrl Pts',(14.0522789494753,59.8481863010575,-12.0567146027258));
#9686=CARTESIAN_POINT('Ctrl Pts',(14.0522789494753,59.5882878218319,-11.9358204380316));
#9687=CARTESIAN_POINT('Ctrl Pts',(14.0522789494754,59.3283893426063,-11.8149262733373));
#9688=CARTESIAN_POINT('Ctrl Pts',(13.8970698344156,60.0526117917423,-12.296864691776));
#9689=CARTESIAN_POINT('Ctrl Pts',(13.9115403450355,59.7916982278213,-12.1781527578725));
#9690=CARTESIAN_POINT('Ctrl Pts',(13.918945616142,59.532052790751,-12.0567146027258));
#9691=CARTESIAN_POINT('Ctrl Pts',(13.918945616142,59.2721543115255,-11.9358204380316));
#9692=CARTESIAN_POINT('Ctrl Pts',(13.7418607193558,59.9971388032015,-12.4161206161319));
#9693=CARTESIAN_POINT('Ctrl Pts',(13.7708017405957,59.7352101545851,-12.2995909130193));
#9694=CARTESIAN_POINT('Ctrl Pts',(13.7856122828086,59.4758177596702,-12.17760876742));
#9695=CARTESIAN_POINT('Ctrl Pts',(13.7856122828086,59.2159192804446,-12.0567146027258));
#9696=CARTESIAN_POINT('Ctrl Pts',(13.5866516042961,59.9416658146607,-12.5353765404878));
#9697=CARTESIAN_POINT('Ctrl Pts',(13.6300631361559,59.6787220813488,-12.421029068166));
#9698=CARTESIAN_POINT('Ctrl Pts',(13.6522789494753,59.4195827285893,-12.2985029321142));
#9699=CARTESIAN_POINT('Ctrl Pts',(13.6522789494753,59.1596842493637,-12.17760876742));
#9700=CARTESIAN_POINT('',(14.0522789494754,59.3283893426063,-11.8149262733373));
#9701=CARTESIAN_POINT('Ctrl Pts',(13.5866516042961,59.9416658146607,-12.5353765404878));
#9702=CARTESIAN_POINT('Ctrl Pts',(13.6082904409851,59.8105993385474,-12.4783790982559));
#9703=CARTESIAN_POINT('Ctrl Pts',(13.6248058219852,59.6805592922507,-12.4192770416328));
#9704=CARTESIAN_POINT('Ctrl Pts',(13.6468161571109,59.4195223943301,-12.2988634071902));
#9705=CARTESIAN_POINT('Ctrl Pts',(13.6522789494753,59.2899507344636,-12.2382034194192));
#9706=CARTESIAN_POINT('Ctrl Pts',(13.6522789494753,59.1596842493637,-12.17760876742));
#9707=CARTESIAN_POINT('Ctrl Pts',(14.0138085115599,56.1423813359107,-10.3329253865824));
#9708=CARTESIAN_POINT('Ctrl Pts',(13.9329694095446,55.305191392332,-9.9434987950112));
#9709=CARTESIAN_POINT('Ctrl Pts',(13.7254948019279,54.5238742243103,-9.58006193816352));
#9710=CARTESIAN_POINT('Ctrl Pts',(13.4089707562231,53.9278028273213,-9.30279385313344));
#9711=CARTESIAN_POINT('Ctrl Pts',(13.8932923390016,56.0959526153701,-10.4577552727532));
#9712=CARTESIAN_POINT('Ctrl Pts',(13.8394010171671,55.2680102399912,-10.0699544983886));
#9713=CARTESIAN_POINT('Ctrl Pts',(13.6590431832787,54.4937906669553,-9.69821253164547));
#9714=CARTESIAN_POINT('Ctrl Pts',(13.3638911106006,53.9035717762371,-9.40634788560896));
#9715=CARTESIAN_POINT('Ctrl Pts',(13.7727761664431,56.0495238948296,-10.5825851589241));
#9716=CARTESIAN_POINT('Ctrl Pts',(13.7458326247896,55.2308290876504,-10.196410201766));
#9717=CARTESIAN_POINT('Ctrl Pts',(13.5925915646296,54.4637071096004,-9.81636312512742));
#9718=CARTESIAN_POINT('Ctrl Pts',(13.318811464978,53.8793407251529,-9.50990191808448));
#9719=CARTESIAN_POINT('Ctrl Pts',(13.6522599938848,56.003095174289,-10.7074150450949));
#9720=CARTESIAN_POINT('Ctrl Pts',(13.6522642324121,55.1936479353097,-10.3228659051434));
#9721=CARTESIAN_POINT('Ctrl Pts',(13.5261399459804,54.4336235522455,-9.93451371860936));
#9722=CARTESIAN_POINT('Ctrl Pts',(13.2737318193554,53.8551096740688,-9.61345595056));
#9723=CARTESIAN_POINT('',(13.2737389285093,53.8551135277322,-9.61343968670597));
#9724=CARTESIAN_POINT('',(13.8783228281231,55.2670604544533,-9.92576183903689));
#9725=CARTESIAN_POINT('Ctrl Pts',(13.2737389289401,53.8551135291957,-9.61343968725393));
#9726=CARTESIAN_POINT('Ctrl Pts',(13.3932520231896,54.0786080150105,-9.66287658709249));
#9727=CARTESIAN_POINT('Ctrl Pts',(13.5026000748708,54.3178399874097,-9.71579461358972));
#9728=CARTESIAN_POINT('Ctrl Pts',(13.6988172965113,54.7853097234943,-9.81919875099434));
#9729=CARTESIAN_POINT('Ctrl Pts',(13.7917598234283,55.0284413347831,-9.87297937563207));
#9730=CARTESIAN_POINT('Ctrl Pts',(13.8783228281268,55.267060454452,-9.92576183903659));
#9731=CARTESIAN_POINT('',(14.0138085115599,56.1423813359107,-10.3329253865824));
#9732=CARTESIAN_POINT('Origin',(12.1957276726981,56.8644494174108,-10.6688019866484));
#9733=CARTESIAN_POINT('',(13.6522789494755,56.0031024769091,-10.7073954110144));
#9734=CARTESIAN_POINT('',(14.0138085115599,56.1423813359107,-10.3329253865824));
#9735=CARTESIAN_POINT('Ctrl Pts',(13.6522789494755,56.0031024769091,-10.7073954110144));
#9736=CARTESIAN_POINT('Ctrl Pts',(13.6522789494755,55.6141636686135,-10.5226200387341));
#9737=CARTESIAN_POINT('Ctrl Pts',(13.6233278547924,55.2205012391025,-10.3291682913552));
#9738=CARTESIAN_POINT('Ctrl Pts',(13.5272232223557,54.6669907272515,-10.0471006383733));
#9739=CARTESIAN_POINT('Ctrl Pts',(13.4882533329451,54.4916712580138,-9.95618620569603));
#9740=CARTESIAN_POINT('Ctrl Pts',(13.3941156119725,54.162950116071,-9.78202696469893));
#9741=CARTESIAN_POINT('Ctrl Pts',(13.3394613983257,54.0057462240289,-9.69703556213017));
#9742=CARTESIAN_POINT('Ctrl Pts',(13.2737389283707,53.8551135278905,-9.61343968652964));
#9743=CARTESIAN_POINT('Ctrl Pts',(14.0522789494755,56.9474176262197,-10.7073954110144));
#9744=CARTESIAN_POINT('Ctrl Pts',(14.0522789494755,56.6773712288855,-10.5817808490066));
#9745=CARTESIAN_POINT('Ctrl Pts',(14.039392401236,56.4073344912585,-10.4561707803004));
#9746=CARTESIAN_POINT('Ctrl Pts',(14.0138085115599,56.1423813359107,-10.3329253865824));
#9747=CARTESIAN_POINT('Ctrl Pts',(13.9189456161421,56.8911825951389,-10.8282895757086));
#9748=CARTESIAN_POINT('Ctrl Pts',(13.9189456161421,56.6246149502715,-10.704293187362));
#9749=CARTESIAN_POINT('Ctrl Pts',(13.9103545839825,56.3579816959134,-10.5804796115192));
#9750=CARTESIAN_POINT('Ctrl Pts',(13.8932986575318,56.0959550495768,-10.4577487280597));
#9751=CARTESIAN_POINT('Ctrl Pts',(13.7856122828088,56.834947564058,-10.9491837404029));
#9752=CARTESIAN_POINT('Ctrl Pts',(13.7856122828088,56.5718586716576,-10.8268055257175));
#9753=CARTESIAN_POINT('Ctrl Pts',(13.781316766729,56.3086289005683,-10.7047884427379));
#9754=CARTESIAN_POINT('Ctrl Pts',(13.7727888035036,56.049528763243,-10.5825720695371));
#9755=CARTESIAN_POINT('Ctrl Pts',(13.6522789494755,56.7787125329772,-11.0700779050971));
#9756=CARTESIAN_POINT('Ctrl Pts',(13.6522789494755,56.5191023930437,-10.9493178640729));
#9757=CARTESIAN_POINT('Ctrl Pts',(13.6522789494755,56.2592761052232,-10.8290972739567));
#9758=CARTESIAN_POINT('Ctrl Pts',(13.6522789494755,56.0031024769091,-10.7073954110144));
#9759=CARTESIAN_POINT('Origin',(12.5141518283765,56.8694157194787,-10.6711121076751));
#9760=CARTESIAN_POINT('Ctrl Pts',(13.6522789494755,56.7787125329772,-11.0700779050971));
#9761=CARTESIAN_POINT('Ctrl Pts',(13.6522789494755,56.5191023930437,-10.9493178640729));
#9762=CARTESIAN_POINT('Ctrl Pts',(13.6522789494755,56.2592761052232,-10.8290972739567));
#9763=CARTESIAN_POINT('Ctrl Pts',(13.6522789494755,56.0031024769091,-10.7073954110144));
#9764=CARTESIAN_POINT('Origin',(0.,54.142937323055,-9.4028656397639));
#9765=CARTESIAN_POINT('',(15.7699648379966,55.2670604544538,-9.92576183903701));
#9766=CARTESIAN_POINT('',(3.75206470850708,55.2670604544537,-9.92576183903693));
#9767=CARTESIAN_POINT('',(16.1157183643387,54.1429373232608,-9.40286563961525));
#9768=CARTESIAN_POINT('Ctrl Pts',(16.1157183635278,54.1429373230551,-9.40286563976397));
#9769=CARTESIAN_POINT('Ctrl Pts',(16.1025196450745,54.1820117665709,-9.42104147605131));
#9770=CARTESIAN_POINT('Ctrl Pts',(16.0896260563184,54.2211011755837,-9.43922427367702));
#9771=CARTESIAN_POINT('Ctrl Pts',(16.0768082490846,54.2609859304265,-9.45777703372057));
#9772=CARTESIAN_POINT('Ctrl Pts',(16.0639904418509,54.3008706852693,-9.47632979376412));
#9773=CARTESIAN_POINT('Ctrl Pts',(16.0512481162724,54.3415499399065,-9.49525212268425));
#9774=CARTESIAN_POINT('Ctrl Pts',(16.038401875805,54.3838181141751,-9.51491355216461));
#9775=CARTESIAN_POINT('Ctrl Pts',(16.0375830602499,54.3865122750595,-9.51616676584496));
#9776=CARTESIAN_POINT('Ctrl Pts',(16.036762011093,54.3892137851963,-9.51742339809761));
#9777=CARTESIAN_POINT('Ctrl Pts',(16.0359404468877,54.3919169900051,-9.51868081864247));
#9778=CARTESIAN_POINT('Ctrl Pts',(15.9393679972694,54.7096707437481,-9.66648689566023));
#9779=CARTESIAN_POINT('Ctrl Pts',(15.8593575566548,54.972930275265,-9.7889444846979));
#9780=CARTESIAN_POINT('Ctrl Pts',(15.7699648379966,55.2670604544538,-9.92576183903701));
#9781=CARTESIAN_POINT('',(17.9188287198344,54.1429373229463,-9.40286563971335));
#9782=CARTESIAN_POINT('',(0.,54.142937323055,-9.4028656397639));
#9783=CARTESIAN_POINT('',(13.7717422965681,65.018157783825,-14.4615743224306));
#9784=CARTESIAN_POINT('',(25.7841836037284,33.5170183925749,0.19146999306158));
#9785=CARTESIAN_POINT('',(10.3263838186559,65.018157783825,-14.4615743224306));
#9786=CARTESIAN_POINT('',(0.,65.018157783825,-14.4615743224306));
#9787=CARTESIAN_POINT('',(10.2002380332431,64.876582899582,-14.3957194632549));
#9788=CARTESIAN_POINT('',(10.2002380333903,64.8765828989664,-14.3957194627133));
#9789=CARTESIAN_POINT('Origin',(2.40285399298087,52.4981294385481,-8.63776814526928));
#9790=CARTESIAN_POINT('Origin',(7.50412941701419,54.3137073368504,-9.7148804724838));
#9791=CARTESIAN_POINT('',(13.2235259457887,53.5792784513419,-9.55242506729094));
#9792=CARTESIAN_POINT('Origin',(11.8822789494755,58.800671862839,-10.7073954110144));
#9793=CARTESIAN_POINT('',(13.1750999844285,53.3603542192471,-9.50399910593068));
#9794=CARTESIAN_POINT('',(7.71862615016842,28.6927108610958,-4.04752527167065));
#9795=CARTESIAN_POINT('',(15.5111691290083,53.3603540879871,-9.50399909525094));
#9796=CARTESIAN_POINT('',(7.50412941701421,53.360354219247,-9.50399910593064));
#9797=CARTESIAN_POINT('',(15.5992671079353,53.8524407051761,-9.61284845954262));
#9798=CARTESIAN_POINT('Ctrl Pts',(15.5111691909092,53.3603540785961,-9.50399907481873));
#9799=CARTESIAN_POINT('Ctrl Pts',(15.5323951554753,53.4548078368392,-9.52489221215326));
#9800=CARTESIAN_POINT('Ctrl Pts',(15.5513156860977,53.5496938044437,-9.54588095397908));
#9801=CARTESIAN_POINT('Ctrl Pts',(15.579585522426,53.7139979872784,-9.58222498009784));
#9802=CARTESIAN_POINT('Ctrl Pts',(15.590121412368,53.7831110929356,-9.59751277426303));
#9803=CARTESIAN_POINT('Ctrl Pts',(15.5992671079353,53.8524407051761,-9.61284845954262));
#9804=CARTESIAN_POINT('Ctrl Pts',(15.5992671079353,53.8524407051761,-9.61284845954262));
#9805=CARTESIAN_POINT('Ctrl Pts',(15.6303275213124,54.0878964333344,-9.66493118188333));
#9806=CARTESIAN_POINT('Ctrl Pts',(15.6570627766306,54.3238774944327,-9.71713010768134));
#9807=CARTESIAN_POINT('Ctrl Pts',(15.7135138070304,54.7954689724394,-9.82144597291592));
#9808=CARTESIAN_POINT('Ctrl Pts',(15.7417393224992,55.0312647134482,-9.87360390597682));
#9809=CARTESIAN_POINT('Ctrl Pts',(15.7699648379966,55.2670604544538,-9.925761839037));
#9810=CARTESIAN_POINT('Ctrl Pts',(-20.504011103205,44.4180258108948,14.2322550734731));
#9811=CARTESIAN_POINT('Ctrl Pts',(-21.3806111281414,44.9980091317375,12.4929483917469));
#9812=CARTESIAN_POINT('Ctrl Pts',(-21.8337417295068,45.6468697538352,10.5470861971556));
#9813=CARTESIAN_POINT('Ctrl Pts',(-21.8167618082675,46.2948419666499,8.60388824103487));
#9814=CARTESIAN_POINT('Ctrl Pts',(-20.2450294723929,44.144040500916,14.0103676896964));
#9815=CARTESIAN_POINT('Ctrl Pts',(-21.088992737374,44.7115011876435,12.3019200395916));
#9816=CARTESIAN_POINT('Ctrl Pts',(-21.5143218714102,45.345682036518,10.3962214713702));
#9817=CARTESIAN_POINT('Ctrl Pts',(-21.4810501027149,45.9777536154011,8.5010865288454));
#9818=CARTESIAN_POINT('Ctrl Pts',(-19.9860478415808,43.8700551909372,13.7884803059196));
#9819=CARTESIAN_POINT('Ctrl Pts',(-20.7973743466066,44.4249932435496,12.1108916874361));
#9820=CARTESIAN_POINT('Ctrl Pts',(-21.1949020133136,45.0444943192009,10.2453567455849));
#9821=CARTESIAN_POINT('Ctrl Pts',(-21.1453383971623,45.6606652641524,8.39828481665592));
#9822=CARTESIAN_POINT('Ctrl Pts',(-19.7270662107687,43.5960698809584,13.5665929221429));
#9823=CARTESIAN_POINT('Ctrl Pts',(-20.5057559558393,44.1384852994556,11.9198633352808));
#9824=CARTESIAN_POINT('Ctrl Pts',(-20.875482155217,44.7433066018837,10.0944920197995));
#9825=CARTESIAN_POINT('Ctrl Pts',(-20.8096266916097,45.3435769129036,8.29548310446645));
#9826=CARTESIAN_POINT('',(-21.8167620654406,46.2948196376982,8.60395420299227));
#9827=CARTESIAN_POINT('',(-20.8096266916097,45.3435769129036,8.29548310446645));
#9828=CARTESIAN_POINT('',(-20.6884450568675,44.5454727590019,13.8498886539201));
#9829=CARTESIAN_POINT('Ctrl Pts',(-21.8167620668225,46.2948196378327,8.60395420302508));
#9830=CARTESIAN_POINT('Ctrl Pts',(-21.8246194084034,45.9947869702192,9.50371943190065));
#9831=CARTESIAN_POINT('Ctrl Pts',(-21.7316894930378,45.6943040586713,10.4048348931128));
#9832=CARTESIAN_POINT('Ctrl Pts',(-21.3529811077018,45.1070588768955,12.1659191096731));
#9833=CARTESIAN_POINT('Ctrl Pts',(-21.0673393183559,44.8197529776102,13.0275181492402));
#9834=CARTESIAN_POINT('Ctrl Pts',(-20.6883890380438,44.5455303021304,13.8498820282421));
#9835=CARTESIAN_POINT('Ctrl Pts',(-20.6884450568675,44.5454727590019,13.8498886539201));
#9836=CARTESIAN_POINT('Ctrl Pts',(-20.5268239128936,44.3864780956629,13.8048801408782));
#9837=CARTESIAN_POINT('Ctrl Pts',(-20.3654854328906,44.227496882111,13.7586824985093));
#9838=CARTESIAN_POINT('Ctrl Pts',(-20.2044928302374,44.0685552063978,13.7112520761101));
#9839=CARTESIAN_POINT('Ctrl Pts',(-20.0449980800103,43.9110923015761,13.6642629396587));
#9840=CARTESIAN_POINT('Ctrl Pts',(-19.8858163058679,43.7536420542651,13.6160560356139));
#9841=CARTESIAN_POINT('Ctrl Pts',(-19.7270076059444,43.5962252296219,13.5665881403623));
#9842=CARTESIAN_POINT('Ctrl Pts',(-16.0000002384184,43.0740746239672,19.1657290795488));
#9843=CARTESIAN_POINT('Ctrl Pts',(-18.0551578359508,43.4285307993582,17.8874785366772));
#9844=CARTESIAN_POINT('Ctrl Pts',(-19.7148518181091,43.9531634540245,15.9955324451879));
#9845=CARTESIAN_POINT('Ctrl Pts',(-20.7126243807481,44.5610722506409,13.8032734206863));
#9846=CARTESIAN_POINT('Ctrl Pts',(-15.860089477968,42.8190966660002,18.8700772011171));
#9847=CARTESIAN_POINT('Ctrl Pts',(-17.8670421711008,43.1661264817753,17.6104499316683));
#9848=CARTESIAN_POINT('Ctrl Pts',(-19.4800552937473,43.6795951579434,15.7484692675354));
#9849=CARTESIAN_POINT('Ctrl Pts',(-20.4403508746765,44.2736506223939,13.5996509631884));
#9850=CARTESIAN_POINT('Ctrl Pts',(-15.7201787175175,42.5641187080332,18.5744253226854));
#9851=CARTESIAN_POINT('Ctrl Pts',(-17.6789265062508,42.9037221641924,17.3334213266594));
#9852=CARTESIAN_POINT('Ctrl Pts',(-19.2452587693855,43.4060268618622,15.5014060898829));
#9853=CARTESIAN_POINT('Ctrl Pts',(-20.168077368605,43.9862289941468,13.3960285056906));
#9854=CARTESIAN_POINT('Ctrl Pts',(-15.5802679570671,42.3091407500661,18.2787734442538));
#9855=CARTESIAN_POINT('Ctrl Pts',(-17.4908108414008,42.6413178466094,17.0563927216506));
#9856=CARTESIAN_POINT('Ctrl Pts',(-19.0104622450237,43.1324585657811,15.2543429122304));
#9857=CARTESIAN_POINT('Ctrl Pts',(-19.8958038625334,43.6988073658998,13.1924060481927));
#9858=CARTESIAN_POINT('',(-20.7126243807481,44.5610722506409,13.8032734206863));
#9859=CARTESIAN_POINT('Ctrl Pts',(-20.7126243807481,44.5610722506409,13.8032734206863));
#9860=CARTESIAN_POINT('Ctrl Pts',(-20.2151476077544,44.2579766176889,14.8963060274267));
#9861=CARTESIAN_POINT('Ctrl Pts',(-19.5511884204873,43.9744392659142,15.9188069704567));
#9862=CARTESIAN_POINT('Ctrl Pts',(-17.9579185309482,43.4717044333192,17.7317844760007));
#9863=CARTESIAN_POINT('Ctrl Pts',(-17.0307445055565,43.2518486648362,18.524634975324));
#9864=CARTESIAN_POINT('Ctrl Pts',(-16.0000002384184,43.0740746239672,19.1657290795488));
#9865=CARTESIAN_POINT('Origin',(-17.6657707223878,45.0971212524914,12.1957209600538));
#9866=CARTESIAN_POINT('Ctrl Pts',(-21.8167626405584,46.2947976015075,8.60402025923309));
#9867=CARTESIAN_POINT('Ctrl Pts',(-21.7972925209392,47.0390297567012,6.37310590884176));
#9868=CARTESIAN_POINT('Ctrl Pts',(-21.1549019943865,47.7805963247349,4.15018193699844));
#9869=CARTESIAN_POINT('Ctrl Pts',(-19.9760973108046,48.4152571445911,2.24771921650534));
#9870=CARTESIAN_POINT('Ctrl Pts',(-21.481050653463,45.977723701569,8.5011744286344));
#9871=CARTESIAN_POINT('Ctrl Pts',(-21.4428683097455,46.7036945941201,6.32543503247958));
#9872=CARTESIAN_POINT('Ctrl Pts',(-20.7974828872502,47.4252987020053,4.16844052286053));
#9873=CARTESIAN_POINT('Ctrl Pts',(-19.6399017116005,48.0411182903626,2.33122028765146));
#9874=CARTESIAN_POINT('Ctrl Pts',(-21.1453386663676,45.6606498016305,8.39832859803571));
#9875=CARTESIAN_POINT('Ctrl Pts',(-21.0884440985518,46.368359431539,6.27776415611739));
#9876=CARTESIAN_POINT('Ctrl Pts',(-20.440063780114,47.0700010792756,4.18669910872261));
#9877=CARTESIAN_POINT('Ctrl Pts',(-19.3037061123964,47.6669794361342,2.41472135879758));
#9878=CARTESIAN_POINT('Ctrl Pts',(-20.8096266792723,45.3435759016921,8.29548276743702));
#9879=CARTESIAN_POINT('Ctrl Pts',(-20.7340198873581,46.033024268958,6.2300932797552));
#9880=CARTESIAN_POINT('Ctrl Pts',(-20.0826446729778,46.714703456546,4.2049576945847));
#9881=CARTESIAN_POINT('Ctrl Pts',(-18.9675105131923,47.2928405819058,2.4982224299437));
#9882=CARTESIAN_POINT('',(-19.9760973108046,48.4152571445911,2.24771921650534));
#9883=CARTESIAN_POINT('',(-18.9675105131923,47.2928405819058,2.4982224299437));
#9884=CARTESIAN_POINT('Ctrl Pts',(-19.9760973108046,48.4152571445911,2.24771921650535));
#9885=CARTESIAN_POINT('Ctrl Pts',(-20.5674353495036,48.0968845679633,3.20207458131096));
#9886=CARTESIAN_POINT('Ctrl Pts',(-21.0215020560875,47.7528666023618,4.2333047032338));
#9887=CARTESIAN_POINT('Ctrl Pts',(-21.6418431963896,47.0382329493125,6.3754944228451));
#9888=CARTESIAN_POINT('Ctrl Pts',(-21.8070303698046,46.6665722582695,7.48958652898645));
#9889=CARTESIAN_POINT('Ctrl Pts',(-21.8167620638765,46.294819637825,8.60395420304822));
#9890=CARTESIAN_POINT('Origin',(-18.2907145555956,48.4584645418058,0.562046549030637));
#9891=CARTESIAN_POINT('',(-18.4570311322478,47.571144361351,1.69815993175136));
#9892=CARTESIAN_POINT('',(-18.3294977427305,47.3425140146972,1.82569332126867));
#9893=CARTESIAN_POINT('',(-18.5258679194329,47.6253959886987,1.70529810951047));
#9894=CARTESIAN_POINT('',(-16.5436291250152,46.0631545653782,1.49974562145619));
#9895=CARTESIAN_POINT('',(-19.6259322966789,48.5962086138443,1.70529810951047));
#9896=CARTESIAN_POINT('',(-18.0952661975124,47.2453876940057,1.70529810951047));
#9897=CARTESIAN_POINT('',(-19.8174915352196,48.4984021229923,1.99848337768312));
#9898=CARTESIAN_POINT('',(-18.7892675090567,49.0233936847402,0.424765820917535));
#9899=CARTESIAN_POINT('',(-19.8174915352196,48.4984021229923,1.99848337768312));
#9900=CARTESIAN_POINT('Ctrl Pts',(-19.9760973108046,48.4152571445911,2.24771921650534));
#9901=CARTESIAN_POINT('Ctrl Pts',(-19.9242357632557,48.4431790664708,2.16402031183261));
#9902=CARTESIAN_POINT('Ctrl Pts',(-19.8713623218683,48.4708967275768,2.08093370036446));
#9903=CARTESIAN_POINT('Ctrl Pts',(-19.8174915352196,48.4984021229923,1.99848337768314));
#9904=CARTESIAN_POINT('Ctrl Pts',(-19.6399017116005,48.0411182903627,2.33122028765146));
#9905=CARTESIAN_POINT('Ctrl Pts',(-19.5889738929221,48.0682112916952,2.2503917280833));
#9906=CARTESIAN_POINT('Ctrl Pts',(-19.5373806828509,48.0951008676902,2.16998545165641));
#9907=CARTESIAN_POINT('Ctrl Pts',(-19.4851228995789,48.1217826943694,2.09000386309187));
#9908=CARTESIAN_POINT('Ctrl Pts',(-19.3037061123964,47.6669794361342,2.41472135879758));
#9909=CARTESIAN_POINT('Ctrl Pts',(-19.2537120225885,47.6932435169197,2.336763144334));
#9910=CARTESIAN_POINT('Ctrl Pts',(-19.2033990438334,47.7193050078036,2.25903720294837));
#9911=CARTESIAN_POINT('Ctrl Pts',(-19.1527542639382,47.7451632657464,2.1815243485006));
#9912=CARTESIAN_POINT('Ctrl Pts',(-18.9675105131923,47.2928405819058,2.4982224299437));
#9913=CARTESIAN_POINT('Ctrl Pts',(-18.918450152255,47.3182757421441,2.42313456058469));
#9914=CARTESIAN_POINT('Ctrl Pts',(-18.8694174048159,47.343509147917,2.34808895424032));
#9915=CARTESIAN_POINT('Ctrl Pts',(-18.8203856282974,47.3685438371235,2.27304483390933));
#9916=CARTESIAN_POINT('Origin',(-8.6995814891454,46.3177986351865,8.53507223650575));
#9917=CARTESIAN_POINT('Origin',(0.,46.294819637829,8.6039542030361));
#9918=CARTESIAN_POINT('',(-19.828245658498,48.5962086138443,1.70529810951047));
#9919=CARTESIAN_POINT('',(-9.22494647724433,48.5962086138443,1.70529810951047));
#9920=CARTESIAN_POINT('',(-22.0542159185147,49.3387914224218,-0.520672150506254));
#9921=CARTESIAN_POINT('',(-9.77212011194271,45.241489062599,11.7614236560657));
#9922=CARTESIAN_POINT('',(-18.402779448596,51.2031397687181,-6.10926342564004));
#9923=CARTESIAN_POINT('',(-21.2256095146087,49.7618620364049,-1.78887092071145));
#9924=CARTESIAN_POINT('',(-21.586660932714,51.2031435601031,-6.10926424386094));
#9925=CARTESIAN_POINT('',(0.,51.2031435600979,-6.10926424384539));
#9926=CARTESIAN_POINT('',(-22.4869773354055,50.8367757742021,-5.01103817907246));
#9927=CARTESIAN_POINT('',(-18.9010302003114,52.2960133360725,-9.38525661976741));
#9928=CARTESIAN_POINT('',(-27.6796892173586,46.294819637829,8.60395420303611));
#9929=CARTESIAN_POINT('Origin',(-4.7,45.9723553822793,9.57057480680026));
#9930=CARTESIAN_POINT('',(0.,46.294819637829,8.6039542030361));
#9931=CARTESIAN_POINT('Origin',(-12.4570981622998,45.8533828793193,8.38726925370397));
#9932=CARTESIAN_POINT('',(-20.8053654343905,48.3545477665479,-0.650174370391395));
#9933=CARTESIAN_POINT('',(-12.1755183974205,45.4756341685472,7.97967266657859));
#9934=CARTESIAN_POINT('',(-18.0782811070984,46.2052789130768,-0.932965207795737));
#9935=CARTESIAN_POINT('',(-15.5953244099973,45.4409232722496,1.70529810951047));
#9936=CARTESIAN_POINT('Origin',(-18.4498929544887,45.409,1.70529810951047));
#9937=CARTESIAN_POINT('',(-20.7979505412043,46.159,-0.642759477205211));
#9938=CARTESIAN_POINT('',(-9.26657501221317,46.159,10.888616051786));
#9939=CARTESIAN_POINT('',(-20.7979505412043,48.3412550154811,-0.642759477205211));
#9940=CARTESIAN_POINT('',(-20.7979505412043,45.409,-0.642759477205211));
#9941=CARTESIAN_POINT('',(-20.0805403235389,47.0551467470612,0.0746507404602106));
#9942=CARTESIAN_POINT('Origin',(-18.4498929544887,45.409,1.70529810951047));
#9943=CARTESIAN_POINT('Origin',(21.5523322358908,46.7931448096918,5.55401802249634));
#9944=CARTESIAN_POINT('',(19.8174915352196,48.4984021229923,1.99848337768311));
#9945=CARTESIAN_POINT('',(18.8203856282975,47.3685438371235,2.27304483390931));
#9946=CARTESIAN_POINT('',(19.625932296679,48.5962086138443,1.70529810951047));
#9947=CARTESIAN_POINT('',(22.0508851893518,47.3580739526262,5.41673729438324));
#9948=CARTESIAN_POINT('',(18.525867919433,47.6253959886988,1.70529810951047));
#9949=CARTESIAN_POINT('',(8.22695208577287,38.5365483508369,1.70529810951047));
#9950=CARTESIAN_POINT('',(18.4570311322478,47.571144361351,1.69815993175135));
#9951=CARTESIAN_POINT('',(17.2994417097539,46.6588253450395,1.57812122268713));
#9952=CARTESIAN_POINT('',(17.8772574088439,46.5317783736338,2.2779336551552));
#9953=CARTESIAN_POINT('Ctrl Pts',(21.8167618082676,46.2948419666499,8.60388824103489));
#9954=CARTESIAN_POINT('Ctrl Pts',(21.8337417294884,45.6468697545385,10.5470861950465));
#9955=CARTESIAN_POINT('Ctrl Pts',(21.3806111291424,44.9980091331447,12.492948387527));
#9956=CARTESIAN_POINT('Ctrl Pts',(20.5040111060595,44.4180258127833,14.2322550678096));
#9957=CARTESIAN_POINT('Ctrl Pts',(21.481050102715,45.9777536154011,8.50108652884541));
#9958=CARTESIAN_POINT('Ctrl Pts',(21.5143218713741,45.345682037204,10.3962214693133));
#9959=CARTESIAN_POINT('Ctrl Pts',(21.088992738315,44.7115011890189,12.3019200354581));
#9960=CARTESIAN_POINT('Ctrl Pts',(20.2450294751411,44.1440405027638,14.0103676841333));
#9961=CARTESIAN_POINT('Ctrl Pts',(21.1453383971624,45.6606652641524,8.39828481665594));
#9962=CARTESIAN_POINT('Ctrl Pts',(21.1949020132598,45.0444943198697,10.24535674358));
#9963=CARTESIAN_POINT('Ctrl Pts',(20.7973743474874,44.4249932448932,12.110891683389));
#9964=CARTESIAN_POINT('Ctrl Pts',(19.9860478442227,43.8700551927443,13.7884803004571));
#9965=CARTESIAN_POINT('Ctrl Pts',(20.8096266916098,45.3435769129036,8.29548310446646));
#9966=CARTESIAN_POINT('Ctrl Pts',(20.8754821551455,44.7433066025352,10.0944920178468));
#9967=CARTESIAN_POINT('Ctrl Pts',(20.50575595666,44.1384853007674,11.91986333132));
#9968=CARTESIAN_POINT('Ctrl Pts',(19.7270662133043,43.5960698827246,13.5665929167807));
#9969=CARTESIAN_POINT('',(20.6884450568692,44.5454727590034,13.8498886539205));
#9970=CARTESIAN_POINT('',(21.8167620654406,46.294819637699,8.60395420298984));
#9971=CARTESIAN_POINT('Ctrl Pts',(21.8167620668226,46.2948196378335,8.60395420302265));
#9972=CARTESIAN_POINT('Ctrl Pts',(21.8246194045678,45.9947871166904,9.50371899264952));
#9973=CARTESIAN_POINT('Ctrl Pts',(21.7316895837797,45.6943043521918,10.4048340128765));
#9974=CARTESIAN_POINT('Ctrl Pts',(21.3529813874162,45.1070591581754,12.1659182661446));
#9975=CARTESIAN_POINT('Ctrl Pts',(21.0673395038022,44.8197531117988,13.027517746823));
#9976=CARTESIAN_POINT('Ctrl Pts',(20.6883890380472,44.5455303021302,13.8498820282427));
#9977=CARTESIAN_POINT('',(21.8167620668225,46.2948196378332,8.60395420302348));
#9978=CARTESIAN_POINT('Ctrl Pts',(19.7270076065757,43.5962252302468,13.5665881405553));
#9979=CARTESIAN_POINT('Ctrl Pts',(19.886553375815,43.7543726641781,13.6162856281852));
#9980=CARTESIAN_POINT('Ctrl Pts',(20.0464757498429,43.9125538930478,13.6647104099982));
#9981=CARTESIAN_POINT('Ctrl Pts',(20.2067137850411,44.0707478487107,13.7119063123522));
#9982=CARTESIAN_POINT('Ctrl Pts',(20.3669691746911,44.2289589374432,13.7591073262206));
#9983=CARTESIAN_POINT('Ctrl Pts',(20.5275670474836,44.3872091536856,13.8050870901797));
#9984=CARTESIAN_POINT('Ctrl Pts',(20.6884450568692,44.5454727590034,13.8498886539205));
#9985=CARTESIAN_POINT('Ctrl Pts',(19.9760973108046,48.4152571445911,2.24771921650532));
#9986=CARTESIAN_POINT('Ctrl Pts',(21.1549019943865,47.7805963247349,4.15018193699843));
#9987=CARTESIAN_POINT('Ctrl Pts',(21.7972925209392,47.0390297567012,6.37310590884175));
#9988=CARTESIAN_POINT('Ctrl Pts',(21.8167626405584,46.2947976015075,8.60402025923309));
#9989=CARTESIAN_POINT('Ctrl Pts',(19.6399017116005,48.0411182903627,2.33122028765144));
#9990=CARTESIAN_POINT('Ctrl Pts',(20.7974828872503,47.4252987020053,4.16844052286051));
#9991=CARTESIAN_POINT('Ctrl Pts',(21.4428683097455,46.7036945941201,6.32543503247957));
#9992=CARTESIAN_POINT('Ctrl Pts',(21.4810506534631,45.977723701569,8.5011744286344));
#9993=CARTESIAN_POINT('Ctrl Pts',(19.3037061123964,47.6669794361342,2.41472135879756));
#9994=CARTESIAN_POINT('Ctrl Pts',(20.440063780114,47.0700010792756,4.1866991087226));
#9995=CARTESIAN_POINT('Ctrl Pts',(21.0884440985518,46.3683594315391,6.27776415611738));
#9996=CARTESIAN_POINT('Ctrl Pts',(21.1453386663677,45.6606498016305,8.39832859803571));
#9997=CARTESIAN_POINT('Ctrl Pts',(18.9675105131923,47.2928405819058,2.49822242994369));
#9998=CARTESIAN_POINT('Ctrl Pts',(20.0826446729778,46.714703456546,4.20495769458469));
#9999=CARTESIAN_POINT('Ctrl Pts',(20.7340198873581,46.033024268958,6.23009327975519));
#10000=CARTESIAN_POINT('Ctrl Pts',(20.8096266792723,45.3435759016921,8.29548276743702));
#10001=CARTESIAN_POINT('',(19.9760973108046,48.4152571445911,2.24771921650533));
#10002=CARTESIAN_POINT('Ctrl Pts',(21.8167620638764,46.2948196378287,8.60395420303692));
#10003=CARTESIAN_POINT('Ctrl Pts',(21.8070303973968,46.666571204204,7.48958968865875));
#10004=CARTESIAN_POINT('Ctrl Pts',(21.6418423142944,47.0382339654871,6.37549137675476));
#10005=CARTESIAN_POINT('Ctrl Pts',(21.0215020560875,47.7528666023618,4.23330470323382));
#10006=CARTESIAN_POINT('Ctrl Pts',(20.5674353495036,48.0968845679633,3.20207458131096));
#10007=CARTESIAN_POINT('Ctrl Pts',(19.9760973108046,48.4152571445911,2.24771921650533));
#10008=CARTESIAN_POINT('',(19.9760973108046,48.4152571445911,2.24771921650533));
#10009=CARTESIAN_POINT('Ctrl Pts',(20.7126243807481,44.5610722506409,13.8032734206863));
#10010=CARTESIAN_POINT('Ctrl Pts',(19.7148518181092,43.9531634540245,15.9955324451879));
#10011=CARTESIAN_POINT('Ctrl Pts',(18.0551578359509,43.4285307993583,17.8874785366771));
#10012=CARTESIAN_POINT('Ctrl Pts',(16.0000002384186,43.0740746239673,19.1657290795487));
#10013=CARTESIAN_POINT('Ctrl Pts',(20.4403508746766,44.2736506223939,13.5996509631884));
#10014=CARTESIAN_POINT('Ctrl Pts',(19.4800552937474,43.6795951579434,15.7484692675354));
#10015=CARTESIAN_POINT('Ctrl Pts',(17.8670421711009,43.1661264817753,17.6104499316682));
#10016=CARTESIAN_POINT('Ctrl Pts',(15.8600894779681,42.8190966660002,18.870077201117));
#10017=CARTESIAN_POINT('Ctrl Pts',(20.168077368605,43.9862289941468,13.3960285056906));
#10018=CARTESIAN_POINT('Ctrl Pts',(19.2452587693856,43.4060268618622,15.5014060898829));
#10019=CARTESIAN_POINT('Ctrl Pts',(17.6789265062509,42.9037221641924,17.3334213266594));
#10020=CARTESIAN_POINT('Ctrl Pts',(15.7201787175177,42.5641187080332,18.5744253226853));
#10021=CARTESIAN_POINT('Ctrl Pts',(19.8958038625335,43.6988073658998,13.1924060481927));
#10022=CARTESIAN_POINT('Ctrl Pts',(19.0104622450238,43.1324585657811,15.2543429122303));
#10023=CARTESIAN_POINT('Ctrl Pts',(17.4908108414009,42.6413178466094,17.0563927216505));
#10024=CARTESIAN_POINT('Ctrl Pts',(15.5802679570673,42.3091407500662,18.2787734442537));
#10025=CARTESIAN_POINT('',(20.7126243807481,44.5610722506409,13.8032734206863));
#10026=CARTESIAN_POINT('Ctrl Pts',(16.0000002384186,43.0740746239673,19.1657290795487));
#10027=CARTESIAN_POINT('Ctrl Pts',(18.0551578359509,43.4285307993583,17.8874785366771));
#10028=CARTESIAN_POINT('Ctrl Pts',(19.7148518181092,43.9531634540245,15.9955324451879));
#10029=CARTESIAN_POINT('Ctrl Pts',(20.7126243807481,44.5610722506409,13.8032734206863));
#10030=CARTESIAN_POINT('Origin',(16.078491550097,45.2894057851054,11.6190806323695));
#10031=CARTESIAN_POINT('Ctrl Pts',(19.8174915352196,48.4984021229923,1.99848337768312));
#10032=CARTESIAN_POINT('Ctrl Pts',(19.8713623218683,48.4708967275768,2.08093370036445));
#10033=CARTESIAN_POINT('Ctrl Pts',(19.9242357632557,48.4431790664708,2.16402031183259));
#10034=CARTESIAN_POINT('Ctrl Pts',(19.9760973108046,48.4152571445911,2.24771921650532));
#10035=CARTESIAN_POINT('Ctrl Pts',(19.4851228995789,48.1217826943694,2.09000386309186));
#10036=CARTESIAN_POINT('Ctrl Pts',(19.5373806828509,48.0951008676902,2.1699854516564));
#10037=CARTESIAN_POINT('Ctrl Pts',(19.5889738929221,48.0682112916952,2.25039172808329));
#10038=CARTESIAN_POINT('Ctrl Pts',(19.6399017116005,48.0411182903627,2.33122028765144));
#10039=CARTESIAN_POINT('Ctrl Pts',(19.1527542639382,47.7451632657464,2.18152434850059));
#10040=CARTESIAN_POINT('Ctrl Pts',(19.2033990438334,47.7193050078036,2.25903720294835));
#10041=CARTESIAN_POINT('Ctrl Pts',(19.2537120225885,47.6932435169197,2.33676314433398));
#10042=CARTESIAN_POINT('Ctrl Pts',(19.3037061123964,47.6669794361342,2.41472135879756));
#10043=CARTESIAN_POINT('Ctrl Pts',(18.8203856282975,47.3685438371235,2.27304483390932));
#10044=CARTESIAN_POINT('Ctrl Pts',(18.869417404816,47.343509147917,2.3480889542403));
#10045=CARTESIAN_POINT('Ctrl Pts',(18.918450152255,47.3182757421442,2.42313456058467));
#10046=CARTESIAN_POINT('Ctrl Pts',(18.9675105131923,47.2928405819058,2.49822242994368));
#10047=CARTESIAN_POINT('Origin',(8.69958148912206,46.3177986351648,8.53507223651435));
#10048=CARTESIAN_POINT('Origin',(18.4498929544887,45.409,1.70529810951047));
#10049=CARTESIAN_POINT('',(20.8053654343905,48.3545477665479,-0.650174370391395));
#10050=CARTESIAN_POINT('',(12.1755183974205,45.4756341685472,7.97967266657859));
#10051=CARTESIAN_POINT('',(20.7979505412043,48.3412550154811,-0.642759477205211));
#10052=CARTESIAN_POINT('',(20.0805403235389,47.0551467470612,0.0746507404602106));
#10053=CARTESIAN_POINT('',(20.7979505412043,46.159,-0.642759477205211));
#10054=CARTESIAN_POINT('',(20.7979505412043,45.409,-0.642759477205211));
#10055=CARTESIAN_POINT('',(9.26657501221317,46.159,10.888616051786));
#10056=CARTESIAN_POINT('Origin',(12.4570981622998,45.8533828793193,8.38726925370397));
#10057=CARTESIAN_POINT('',(19.828245658498,48.5962086138443,1.70529810951047));
#10058=CARTESIAN_POINT('',(3.73535592855135,36.6003182847277,1.70529810951047));
#10059=CARTESIAN_POINT('',(22.0542159185147,49.3387914224218,-0.520672150506254));
#10060=CARTESIAN_POINT('',(9.77212011194271,45.241489062599,11.7614236560657));
#10061=CARTESIAN_POINT('',(18.0782811070984,46.2052789130768,-0.932965207795737));
#10062=CARTESIAN_POINT('Origin',(-18.4498929544887,45.409,1.70529810951047));
#10063=CARTESIAN_POINT('',(-9.22494647724433,48.5962086138443,1.70529810951047));
#10064=CARTESIAN_POINT('Origin',(0.,46.294819637829,8.6039542030361));
#10065=CARTESIAN_POINT('',(27.6796857986006,46.2948196157337,8.60395426926238));
#10066=CARTESIAN_POINT('',(0.,46.294819637829,8.6039542030361));
#10067=CARTESIAN_POINT('',(22.4869773354055,50.8367757742021,-5.01103817907245));
#10068=CARTESIAN_POINT('Origin',(4.70000000000001,45.9723553822793,9.57057480680026));
#10069=CARTESIAN_POINT('',(21.586660932714,51.2031435601031,-6.10926424386093));
#10070=CARTESIAN_POINT('',(28.1363467292827,48.5378651350162,1.88018883851349));
#10071=CARTESIAN_POINT('',(18.4027794485981,51.2031397687174,-6.10926342563745));
#10072=CARTESIAN_POINT('',(0.,51.2031435600979,-6.10926424384539));
#10073=CARTESIAN_POINT('',(21.2256095146087,49.7618620364049,-1.78887092071145));
#10074=CARTESIAN_POINT('Origin',(0.,44.5610722506409,13.8032734206863));
#10075=CARTESIAN_POINT('',(27.7,44.5610722506409,13.8032734206863));
#10076=CARTESIAN_POINT('',(0.,44.5610722506409,13.8032734206863));
#10077=CARTESIAN_POINT('',(27.7,45.9725750126289,9.57033066881671));
#10078=CARTESIAN_POINT('',(27.7,39.8908793915141,27.8086721667933));
#10079=CARTESIAN_POINT('Origin',(4.70000000000001,45.9725750126289,9.57033066881671));
#10080=CARTESIAN_POINT('Ctrl Pts',(10.2002380326337,64.8765829037854,-14.3957194666612));
#10081=CARTESIAN_POINT('Ctrl Pts',(10.7508325526022,63.2194708125645,-13.6248985573978));
#10082=CARTESIAN_POINT('Ctrl Pts',(11.2044208181872,61.4254227011919,-12.7903806006483));
#10083=CARTESIAN_POINT('Ctrl Pts',(11.5501970413059,59.5440755739881,-11.915254704872));
#10084=CARTESIAN_POINT('Ctrl Pts',(9.70395876362593,64.6240664531231,-14.5840893149491));
#10085=CARTESIAN_POINT('Ctrl Pts',(10.265946536871,62.9879408625378,-13.8372402038228));
#10086=CARTESIAN_POINT('Ctrl Pts',(10.735991470447,61.2113920600785,-13.0231868310716));
#10087=CARTESIAN_POINT('Ctrl Pts',(11.100994323962,59.3453795654916,-12.164924548729));
#10088=CARTESIAN_POINT('Ctrl Pts',(9.20767949461812,64.3715500024608,-14.7724591632369));
#10089=CARTESIAN_POINT('Ctrl Pts',(9.78106052113984,62.7564109125112,-14.0495818502479));
#10090=CARTESIAN_POINT('Ctrl Pts',(10.2675621227068,60.9973614189652,-13.255993061495));
#10091=CARTESIAN_POINT('Ctrl Pts',(10.651791606618,59.1466835569952,-12.4145943925861));
#10092=CARTESIAN_POINT('Ctrl Pts',(8.71140022561031,64.1190335517985,-14.9608290115248));
#10093=CARTESIAN_POINT('Ctrl Pts',(9.29617450540868,62.5248809624845,-14.2619234966729));
#10094=CARTESIAN_POINT('Ctrl Pts',(9.79913277496656,60.7833307778519,-13.4887992919184));
#10095=CARTESIAN_POINT('Ctrl Pts',(10.202588889274,58.9479875484988,-12.6642642364431));
#10096=CARTESIAN_POINT('',(8.74822525053277,64.0181578588869,-14.9165895659119));
#10097=CARTESIAN_POINT('Ctrl Pts',(10.2002380319757,64.8765829012,-14.3957194628116));
#10098=CARTESIAN_POINT('Ctrl Pts',(10.0401267006517,64.7727841862974,-14.4500156847015));
#10099=CARTESIAN_POINT('Ctrl Pts',(9.87896271653178,64.6710784274999,-14.5057423226365));
#10100=CARTESIAN_POINT('Ctrl Pts',(9.71682580256929,64.5718773556216,-14.5628832125662));
#10101=CARTESIAN_POINT('Ctrl Pts',(9.69846531715724,64.5606437642785,-14.5693538826336));
#10102=CARTESIAN_POINT('Ctrl Pts',(9.68009230613468,64.5494422916355,-14.5758427134312));
#10103=CARTESIAN_POINT('Ctrl Pts',(9.66170684645318,64.5382735355811,-14.5823497010699));
#10104=CARTESIAN_POINT('Ctrl Pts',(9.6011922022324,64.5015122410182,-14.6037670628723));
#10105=CARTESIAN_POINT('Ctrl Pts',(9.5405430817807,64.4651052559058,-14.6253804196142));
#10106=CARTESIAN_POINT('Ctrl Pts',(9.47976263643725,64.4290734760515,-14.6471878894584));
#10107=CARTESIAN_POINT('Ctrl Pts',(9.32621708566562,64.3380488142257,-14.7022786336811));
#10108=CARTESIAN_POINT('Ctrl Pts',(9.17168059935065,64.2493281007146,-14.7586658468415));
#10109=CARTESIAN_POINT('Ctrl Pts',(9.01617432525389,64.1632601161721,-14.8163311203657));
#10110=CARTESIAN_POINT('Ctrl Pts',(8.99569382834079,64.1519247851574,-14.82392575578));
#10111=CARTESIAN_POINT('Ctrl Pts',(8.97519644388377,64.1406354668756,-14.8315425935658));
#10112=CARTESIAN_POINT('Ctrl Pts',(8.95468215837123,64.1293929580912,-14.839181622532));
#10113=CARTESIAN_POINT('Ctrl Pts',(8.88605167498356,64.0917811771746,-14.8647379720445));
#10114=CARTESIAN_POINT('Ctrl Pts',(8.81723263695797,64.0546931274127,-14.8905417360226));
#10115=CARTESIAN_POINT('Ctrl Pts',(8.74822526867177,64.0181578885521,-14.9165896555754));
#10116=CARTESIAN_POINT('',(10.202588889274,58.9479875484988,-12.6642642364431));
#10117=CARTESIAN_POINT('Ctrl Pts',(8.74822527447316,64.0181579033549,-14.9165894843722));
#10118=CARTESIAN_POINT('Ctrl Pts',(9.04167656341719,63.21039585975,-14.5622315199486));
#10119=CARTESIAN_POINT('Ctrl Pts',(9.30512830593271,62.3912394448693,-14.2003187096411));
#10120=CARTESIAN_POINT('Ctrl Pts',(9.78977874086663,60.7021691641858,-13.4500695992758));
#10121=CARTESIAN_POINT('Ctrl Pts',(10.0096995590129,59.8254513264785,-13.058468237789));
#10122=CARTESIAN_POINT('Ctrl Pts',(10.202588889274,58.9479875484988,-12.6642642364431));
#10123=CARTESIAN_POINT('Ctrl Pts',(10.202588889274,58.9479875484988,-12.6642642364431));
#10124=CARTESIAN_POINT('Ctrl Pts',(10.3183706263142,59.3019817988244,-12.690167300549));
#10125=CARTESIAN_POINT('Ctrl Pts',(10.4364955245966,59.6549432273781,-12.7165945842546));
#10126=CARTESIAN_POINT('Ctrl Pts',(10.6779763511027,60.3594445301714,-12.7706194545772));
#10127=CARTESIAN_POINT('Ctrl Pts',(10.8011917763563,60.7105740496452,-12.798185607416));
#10128=CARTESIAN_POINT('Ctrl Pts',(10.9271360326507,61.060907967103,-12.8263622631474));
#10129=CARTESIAN_POINT('Origin',(2.88657986402541E-14,64.518157783825,-7.67200000000052));
#10130=CARTESIAN_POINT('Origin',(2.88657986402541E-14,65.0181577838251,
-7.67200000000052));
#10131=CARTESIAN_POINT('Origin',(2.88657986402541E-14,64.0181577838249,
-7.67200000000051));
#10132=CARTESIAN_POINT('Origin',(2.88657986402541E-14,0.,-7.67200000000051));
#10133=CARTESIAN_POINT('',(-10.2025888892739,0.,-12.6642642364431));
#10134=CARTESIAN_POINT('',(-10.2025888892739,0.,-12.6642642364431));
#10135=CARTESIAN_POINT('',(10.202588889274,0.,-12.6642642364431));
#10136=CARTESIAN_POINT('Origin',(2.88657986402541E-14,0.,-7.67200000000051));
#10137=CARTESIAN_POINT('',(10.202588889274,0.,-12.6642642364431));
#10138=CARTESIAN_POINT('Origin',(-10.2025888892739,0.,-12.6642642364431));
#10139=CARTESIAN_POINT('',(-12.4242062396288,0.,-13.1612916443578));
#10140=CARTESIAN_POINT('',(-12.4242062396288,0.,-13.1612916443578));
#10141=CARTESIAN_POINT('',(-3.67366928155466,0.,-11.2035932578924));
#10142=CARTESIAN_POINT('Ctrl Pts',(-16.4077814084168,53.4189208632952,-8.99809111129888));
#10143=CARTESIAN_POINT('Ctrl Pts',(-16.3904974810495,53.455376660198,-9.02219465052236));
#10144=CARTESIAN_POINT('Ctrl Pts',(-16.3734911565398,53.4921387622556,-9.04588506842309));
#10145=CARTESIAN_POINT('Ctrl Pts',(-16.3567688813319,53.5292005622089,-9.06915560641029));
#10146=CARTESIAN_POINT('Ctrl Pts',(-15.9628716061468,53.0947784685109,-9.13367136070323));
#10147=CARTESIAN_POINT('Ctrl Pts',(-15.944048570481,53.1337762594554,-9.16091382257693));
#10148=CARTESIAN_POINT('Ctrl Pts',(-15.9255105354241,53.1731642623314,-9.18772792224246));
#10149=CARTESIAN_POINT('Ctrl Pts',(-15.9072655322308,53.2129369087126,-9.21410343958376));
#10150=CARTESIAN_POINT('Ctrl Pts',(-15.5179618038767,52.7706360737265,-9.26925161010757));
#10151=CARTESIAN_POINT('Ctrl Pts',(-15.4975996599125,52.8121758587127,-9.2996329946315));
#10152=CARTESIAN_POINT('Ctrl Pts',(-15.4775299143083,52.8541897624073,-9.32957077606182));
#10153=CARTESIAN_POINT('Ctrl Pts',(-15.4577621831296,52.8966732552164,-9.35905127275722));
#10154=CARTESIAN_POINT('Ctrl Pts',(-15.0730520016067,52.4464936789422,-9.40483185951192));
#10155=CARTESIAN_POINT('Ctrl Pts',(-15.051150749344,52.49057545797,-9.43835216668607));
#10156=CARTESIAN_POINT('Ctrl Pts',(-15.0295492931925,52.5352152624832,-9.47141362988119));
#10157=CARTESIAN_POINT('Ctrl Pts',(-15.0082588340285,52.5804096017202,-9.50399910593068));
#10158=CARTESIAN_POINT('',(-15.0730520016067,52.4464936789422,-9.40483185951189));
#10159=CARTESIAN_POINT('',(-16.4077814084212,53.418920863286,-8.99809111129279));
#10160=CARTESIAN_POINT('',(-15.0730520016067,52.4464936789422,-9.40483185951192));
#10161=CARTESIAN_POINT('',(-15.0082588340285,52.5804096017202,-9.50399910593068));
#10162=CARTESIAN_POINT('Origin',(-17.814749514171,56.9997539586675,-5.20860866279302));
#10163=CARTESIAN_POINT('',(-16.3567688813319,53.5292005622089,-9.06915560641029));
#10164=CARTESIAN_POINT('',(-15.0082588340285,52.5804096017202,-9.50399910593068));
#10165=CARTESIAN_POINT('Origin',(-19.4311576359317,56.2585357720191,-4.52578103204388));
#10166=CARTESIAN_POINT('Ctrl Pts',(-18.0760031446509,51.3934302595351,-6.6009667694989));
#10167=CARTESIAN_POINT('Ctrl Pts',(-17.7392982686257,51.6132124451872,-7.09777599901289));
#10168=CARTESIAN_POINT('Ctrl Pts',(-17.4183923714753,51.9063225723698,-7.56379074263633));
#10169=CARTESIAN_POINT('Ctrl Pts',(-17.0489257965567,52.3612507183876,-8.09297174111623));
#10170=CARTESIAN_POINT('Ctrl Pts',(-16.9728871305322,52.4622294594636,-8.20144146019534));
#10171=CARTESIAN_POINT('Ctrl Pts',(-16.8344719939561,52.6606166951766,-8.39813226623787));
#10172=CARTESIAN_POINT('Ctrl Pts',(-16.7715534959193,52.757007246341,-8.48721873545243));
#10173=CARTESIAN_POINT('Ctrl Pts',(-16.6588407449183,52.9418536965457,-8.64628088266918));
#10174=CARTESIAN_POINT('Ctrl Pts',(-16.6085570213792,53.0292646507161,-8.71702771673265));
#10175=CARTESIAN_POINT('Ctrl Pts',(-16.5071662361248,53.2163481995342,-8.85928824253946));
#10176=CARTESIAN_POINT('Ctrl Pts',(-16.4563772946691,53.3164209093278,-8.93032104807842));
#10177=CARTESIAN_POINT('Ctrl Pts',(-16.4077814084168,53.4189208632952,-8.99809111129889));
#10178=CARTESIAN_POINT('Ctrl Pts',(-17.7437223950857,51.0089528485989,-6.5121251263109));
#10179=CARTESIAN_POINT('Ctrl Pts',(-17.3893169871875,51.2218442225341,-7.0421870053516));
#10180=CARTESIAN_POINT('Ctrl Pts',(-17.0493486294597,51.5145545042472,-7.54576197358882));
#10181=CARTESIAN_POINT('Ctrl Pts',(-16.6546117490593,51.9820878519451,-8.12572770653695));
#10182=CARTESIAN_POINT('Ctrl Pts',(-16.5731817969904,52.0864966036227,-8.24508112402191));
#10183=CARTESIAN_POINT('Ctrl Pts',(-16.4245585877277,52.2928838492233,-8.46244988246476));
#10184=CARTESIAN_POINT('Ctrl Pts',(-16.3568378990963,52.3936687531331,-8.56129009875105));
#10185=CARTESIAN_POINT('Ctrl Pts',(-16.2352266048334,52.5879625325505,-8.7384539710555));
#10186=CARTESIAN_POINT('Ctrl Pts',(-16.1808527785909,52.6802286716887,-8.81753192461285));
#10187=CARTESIAN_POINT('Ctrl Pts',(-16.0709763821005,52.878561926356,-8.97708656571283));
#10188=CARTESIAN_POINT('Ctrl Pts',(-16.0157968361134,52.9851275611033,-9.05707281538146));
#10189=CARTESIAN_POINT('Ctrl Pts',(-15.9628716061468,53.0947784685109,-9.13367136070322));
#10190=CARTESIAN_POINT('Ctrl Pts',(-17.4114416455205,50.6244754376626,-6.42328348312289));
#10191=CARTESIAN_POINT('Ctrl Pts',(-17.0392916437672,50.8304164907111,-6.9867049179117));
#10192=CARTESIAN_POINT('Ctrl Pts',(-16.680269944382,51.122764302572,-7.52781010601783));
#10193=CARTESIAN_POINT('Ctrl Pts',(-16.2603060445739,51.6029304351695,-8.15846527949657));
#10194=CARTESIAN_POINT('Ctrl Pts',(-16.1734666291573,51.7107568701296,-8.28874252507656));
#10195=CARTESIAN_POINT('Ctrl Pts',(-16.0146447341901,51.9251511122607,-8.52676833853632));
#10196=CARTESIAN_POINT('Ctrl Pts',(-15.942122256057,52.0303302284413,-8.63536155248839));
#10197=CARTESIAN_POINT('Ctrl Pts',(-15.8116123441024,52.2340715038243,-8.83062727258142));
#10198=CARTESIAN_POINT('Ctrl Pts',(-15.7531483929672,52.3311928020586,-8.91803639088359));
#10199=CARTESIAN_POINT('Ctrl Pts',(-15.6347865063331,52.5407756969324,-9.09488492286456));
#10200=CARTESIAN_POINT('Ctrl Pts',(-15.5752159372031,52.6538347894536,-9.1838253417268));
#10201=CARTESIAN_POINT('Ctrl Pts',(-15.5179618038767,52.7706360737265,-9.26925161010755));
#10202=CARTESIAN_POINT('Ctrl Pts',(-17.0791608959553,50.2399980267264,-6.33444183993488));
#10203=CARTESIAN_POINT('Ctrl Pts',(-16.6893103623291,50.439048268058,-6.93111592425041));
#10204=CARTESIAN_POINT('Ctrl Pts',(-16.3112262023665,50.7309962344494,-7.50978133697031));
#10205=CARTESIAN_POINT('Ctrl Pts',(-15.8659919970765,51.2237675687269,-8.1912212449173));
#10206=CARTESIAN_POINT('Ctrl Pts',(-15.7737612956155,51.3350240142887,-8.33238218890313));
#10207=CARTESIAN_POINT('Ctrl Pts',(-15.6047313279618,51.5574182663074,-8.5910859547632));
#10208=CARTESIAN_POINT('Ctrl Pts',(-15.5274066592339,51.6669917352334,-8.70943291578701));
#10209=CARTESIAN_POINT('Ctrl Pts',(-15.3879982040174,51.880180339829,-8.92280036096773));
#10210=CARTESIAN_POINT('Ctrl Pts',(-15.325444150179,51.9821568230312,-9.01854059876379));
#10211=CARTESIAN_POINT('Ctrl Pts',(-15.1985966523087,52.2029894237543,-9.21268324603793));
#10212=CARTESIAN_POINT('Ctrl Pts',(-15.1346354786474,52.3225414412291,-9.31057710902984));
#10213=CARTESIAN_POINT('Ctrl Pts',(-15.0730520016067,52.4464936789422,-9.40483185951189));
#10214=CARTESIAN_POINT('',(-18.0760031446509,51.3934302595351,-6.6009667694989));
#10215=CARTESIAN_POINT('Ctrl Pts',(-16.4077814084212,53.418920863286,-8.9980911112928));
#10216=CARTESIAN_POINT('Ctrl Pts',(-16.4415811510481,53.3476293954163,-8.95095521417653));
#10217=CARTESIAN_POINT('Ctrl Pts',(-16.4764403504176,53.2775150864148,-8.902242965947));
#10218=CARTESIAN_POINT('Ctrl Pts',(-16.5123107871605,53.2086274208406,-8.85200756628716));
#10219=CARTESIAN_POINT('Ctrl Pts',(-16.5280149911081,53.1784681574504,-8.83001433081862));
#10220=CARTESIAN_POINT('Ctrl Pts',(-16.5439130256305,53.1485440122884,-8.80772914292631));
#10221=CARTESIAN_POINT('Ctrl Pts',(-16.5600008656797,53.1188591627069,-8.78515643497503));
#10222=CARTESIAN_POINT('Ctrl Pts',(-16.580796172177,53.0804882226997,-8.75597872193927));
#10223=CARTESIAN_POINT('Ctrl Pts',(-16.6019111321537,53.0425128635089,-8.72631688154195));
#10224=CARTESIAN_POINT('Ctrl Pts',(-16.6233290626724,53.0049558651378,-8.69619172764123));
#10225=CARTESIAN_POINT('Ctrl Pts',(-16.6519247816183,52.9548123945101,-8.65597073460949));
#10226=CARTESIAN_POINT('Ctrl Pts',(-16.6810638769604,52.9054082453085,-8.61491922155179));
#10227=CARTESIAN_POINT('Ctrl Pts',(-16.710730084096,52.856756313461,-8.57305376653585));
#10228=CARTESIAN_POINT('Ctrl Pts',(-16.7273354137866,52.8295239353979,-8.54962004344438));
#10229=CARTESIAN_POINT('Ctrl Pts',(-16.7440976351084,52.8025406482823,-8.5259429395179));
#10230=CARTESIAN_POINT('Ctrl Pts',(-16.7610141367843,52.7758071499565,-8.50202519348238));
#10231=CARTESIAN_POINT('Ctrl Pts',(-16.8011054900889,52.7124499531209,-8.44534120379405));
#10232=CARTESIAN_POINT('Ctrl Pts',(-16.8420667520522,52.6504918558822,-8.38730077872773));
#10233=CARTESIAN_POINT('Ctrl Pts',(-16.8838172847037,52.5900098556677,-8.32800543555568));
#10234=CARTESIAN_POINT('Ctrl Pts',(-16.888964266661,52.5825536690259,-8.32069553932016));
#10235=CARTESIAN_POINT('Ctrl Pts',(-16.8941234862309,52.5751195417145,-8.31336622545181));
#10236=CARTESIAN_POINT('Ctrl Pts',(-16.8992948416442,52.5677075449649,-8.30601761468295));
#10237=CARTESIAN_POINT('Ctrl Pts',(-16.9728880173288,52.4622279684564,-8.20144007936947));
#10238=CARTESIAN_POINT('Ctrl Pts',(-17.0489311952714,52.3612431953878,-8.0929633505116));
#10239=CARTESIAN_POINT('Ctrl Pts',(-17.1271488120058,52.2649333073379,-7.98093382381322));
#10240=CARTESIAN_POINT('Ctrl Pts',(-17.127149729853,52.2649321771863,-7.98093250919908));
#10241=CARTESIAN_POINT('Ctrl Pts',(-17.1271506477005,52.2649310470355,-7.98093119458444));
#10242=CARTESIAN_POINT('Ctrl Pts',(-17.1271515655483,52.2649299168852,-7.9809298799693));
#10243=CARTESIAN_POINT('Ctrl Pts',(-17.2228937507082,52.1470421184826,-7.84380025199508));
#10244=CARTESIAN_POINT('Ctrl Pts',(-17.3218732148712,52.0361881847611,-7.70133779571051));
#10245=CARTESIAN_POINT('Ctrl Pts',(-17.4235596024597,51.9327080146928,-7.55424590587082));
#10246=CARTESIAN_POINT('Ctrl Pts',(-17.4809083341502,51.8743476318603,-7.4712895385113));
#10247=CARTESIAN_POINT('Ctrl Pts',(-17.5391181715225,51.8183321161165,-7.38686084380882));
#10248=CARTESIAN_POINT('Ctrl Pts',(-17.5980930939732,51.7647170266978,-7.30108671223342));
#10249=CARTESIAN_POINT('Ctrl Pts',(-17.7223199567987,51.6517803057694,-7.12040904731397));
#10250=CARTESIAN_POINT('Ctrl Pts',(-17.8499804454646,51.5494587439189,-6.93370703880637));
#10251=CARTESIAN_POINT('Ctrl Pts',(-17.9802621197878,51.4581983940085,-6.74202930118015));
#10252=CARTESIAN_POINT('Ctrl Pts',(-18.0120240977092,51.435949607032,-6.69529929020864));
#10253=CARTESIAN_POINT('Ctrl Pts',(-18.0439417669418,51.4143581408034,-6.64827344513969));
#10254=CARTESIAN_POINT('Ctrl Pts',(-18.0760031446509,51.3934302595351,-6.6009667694989));
#10255=CARTESIAN_POINT('',(-17.0791608959553,50.2399980267264,-6.33444183993488));
#10256=CARTESIAN_POINT('',(-17.0791608959553,50.2399980267264,-6.33444183993487));
#10257=CARTESIAN_POINT('Ctrl Pts',(-17.0791608959552,50.2399980267263,-6.33444183993487));
#10258=CARTESIAN_POINT('Ctrl Pts',(-16.7011940193713,50.4329806995974,-6.91292774808434));
#10259=CARTESIAN_POINT('Ctrl Pts',(-16.3368941098554,50.7119528048789,-7.47049608819872));
#10260=CARTESIAN_POINT('Ctrl Pts',(-15.6546701125345,51.4491381158497,-8.51465364035904));
#10261=CARTESIAN_POINT('Ctrl Pts',(-15.3410965582918,51.9069865870322,-8.99458427326844));
#10262=CARTESIAN_POINT('Ctrl Pts',(-15.0730520016066,52.4464936789421,-9.40483185951187));
#10263=CARTESIAN_POINT('Ctrl Pts',(-18.4027826367895,51.2031435600979,-6.10926424384539));
#10264=CARTESIAN_POINT('Ctrl Pts',(-18.2939440254996,51.258714477603,-6.27584392792467));
#10265=CARTESIAN_POINT('Ctrl Pts',(-18.1851938301853,51.3221566628979,-6.43985552872669));
#10266=CARTESIAN_POINT('Ctrl Pts',(-18.0760031446508,51.3934302595351,-6.60096676949891));
#10267=CARTESIAN_POINT('Ctrl Pts',(-18.0704140011347,50.826524131469,-6.01774375846261));
#10268=CARTESIAN_POINT('Ctrl Pts',(-17.9615753898448,50.8820950489741,-6.18432344254188));
#10269=CARTESIAN_POINT('Ctrl Pts',(-17.8527957225386,50.9429134783391,-6.34919107110306));
#10270=CARTESIAN_POINT('Ctrl Pts',(-17.7437223950857,51.0089528485989,-6.5121251263109));
#10271=CARTESIAN_POINT('Ctrl Pts',(-17.7380453654799,50.44990470284,-5.92622327307983));
#10272=CARTESIAN_POINT('Ctrl Pts',(-17.62920675419,50.5054756203451,-6.0928029571591));
#10273=CARTESIAN_POINT('Ctrl Pts',(-17.5203976148918,50.5636702937802,-6.25852661347944));
#10274=CARTESIAN_POINT('Ctrl Pts',(-17.4114416455205,50.6244754376626,-6.42328348312289));
#10275=CARTESIAN_POINT('Ctrl Pts',(-17.4056767298251,50.0732852742111,-5.83470278769705));
#10276=CARTESIAN_POINT('Ctrl Pts',(-17.2968381185351,50.1288561917162,-6.00128247177632));
#10277=CARTESIAN_POINT('Ctrl Pts',(-17.1879995072451,50.1844271092214,-6.16786215585581));
#10278=CARTESIAN_POINT('Ctrl Pts',(-17.0791608959553,50.2399980267264,-6.33444183993487));
#10279=CARTESIAN_POINT('Ctrl Pts',(-18.0760008413834,51.3934275949044,-6.60096615410739));
#10280=CARTESIAN_POINT('Ctrl Pts',(-18.1305255027989,51.3578352025819,-6.520513133397));
#10281=CARTESIAN_POINT('Ctrl Pts',(-18.1850185440305,51.3241478009379,-6.43922372999436));
#10282=CARTESIAN_POINT('Ctrl Pts',(-18.2939365189229,51.2606917828726,-6.27523844995246));
#10283=CARTESIAN_POINT('Ctrl Pts',(-18.3483378255316,51.2309308253346,-6.19258080001671));
#10284=CARTESIAN_POINT('Ctrl Pts',(-18.4027755866181,51.203135571349,-6.10926230259425));
#10285=CARTESIAN_POINT('',(-17.4056767298251,50.0732852742111,-5.83470278769705));
#10286=CARTESIAN_POINT('',(-18.4027826367895,51.2031435600979,-6.10926424384539));
#10287=CARTESIAN_POINT('',(-17.4056767298251,50.0732852742111,-5.83470278769705));
#10288=CARTESIAN_POINT('Origin',(-20.7270565611476,49.1969328934705,-1.65159019259835));
#10289=CARTESIAN_POINT('',(-20.2285036076865,48.6320037505361,-1.51430946448525));
#10290=CARTESIAN_POINT('Ctrl Pts',(-16.3567688813319,53.5292005622089,-9.06915560641029));
#10291=CARTESIAN_POINT('Ctrl Pts',(-16.2681285023449,53.7256554077941,-9.19250660265773));
#10292=CARTESIAN_POINT('Ctrl Pts',(-16.1874746677696,53.9305047548859,-9.30405067966593));
#10293=CARTESIAN_POINT('Ctrl Pts',(-16.1157183635278,54.1429373230552,-9.40286563976401));
#10294=CARTESIAN_POINT('Ctrl Pts',(-15.9072655322308,53.2129369087126,-9.21410343958375));
#10295=CARTESIAN_POINT('Ctrl Pts',(-15.8105535730288,53.4237612376222,-9.35391311404765));
#10296=CARTESIAN_POINT('Ctrl Pts',(-15.7220753306714,53.6453796412766,-9.48139868434215));
#10297=CARTESIAN_POINT('Ctrl Pts',(-15.6430161945061,53.8770489553189,-9.59506061129675));
#10298=CARTESIAN_POINT('Ctrl Pts',(-15.4577621831296,52.8966732552164,-9.35905127275721));
#10299=CARTESIAN_POINT('Ctrl Pts',(-15.3529786437126,53.1218670674503,-9.51531962543756));
#10300=CARTESIAN_POINT('Ctrl Pts',(-15.2566759935731,53.3602545276674,-9.65874668901838));
#10301=CARTESIAN_POINT('Ctrl Pts',(-15.1703140254845,53.6111605875826,-9.78725558282949));
#10302=CARTESIAN_POINT('Ctrl Pts',(-15.0082588340285,52.5804096017202,-9.50399910593068));
#10303=CARTESIAN_POINT('Ctrl Pts',(-14.8954037143964,52.8199728972783,-9.67672613682748));
#10304=CARTESIAN_POINT('Ctrl Pts',(-14.7912766564748,53.0751294140582,-9.8360946936946));
#10305=CARTESIAN_POINT('Ctrl Pts',(-14.6976118564628,53.3452722198463,-9.97945055436224));
#10306=CARTESIAN_POINT('',(-15.5111690305817,53.3603536138558,-9.50399906872414));
#10307=CARTESIAN_POINT('',(-15.5992671079354,53.8524407051763,-9.61284845954257));
#10308=CARTESIAN_POINT('Ctrl Pts',(-15.5992671079355,53.8524407051763,-9.61284845954256));
#10309=CARTESIAN_POINT('Ctrl Pts',(-15.5905537326445,53.7863883283196,-9.59823769755057));
#10310=CARTESIAN_POINT('Ctrl Pts',(-15.5805786161018,53.7205315108072,-9.58367019315213));
#10311=CARTESIAN_POINT('Ctrl Pts',(-15.5526058077366,53.5561735481538,-9.54731427095682));
#10312=CARTESIAN_POINT('Ctrl Pts',(-15.5331224063187,53.4580392428803,-9.52560699800664));
#10313=CARTESIAN_POINT('Ctrl Pts',(-15.5111701736593,53.3603537146387,-9.5039989943114));
#10314=CARTESIAN_POINT('',(-14.6976118564628,53.3452722198463,-9.97945055436223));
#10315=CARTESIAN_POINT('Ctrl Pts',(-16.1157183635278,54.1429373230552,-9.40286563976401));
#10316=CARTESIAN_POINT('Ctrl Pts',(-16.1874746677696,53.9305047548859,-9.30405067966593));
#10317=CARTESIAN_POINT('Ctrl Pts',(-16.2681285023449,53.7256554077941,-9.19250660265773));
#10318=CARTESIAN_POINT('Ctrl Pts',(-16.3567688813319,53.5292005622089,-9.06915560641029));
#10319=CARTESIAN_POINT('Ctrl Pts',(-15.5111678869151,53.360352907682,-9.50399910593051));
#10320=CARTESIAN_POINT('Ctrl Pts',(-15.4256097289495,53.2175433056467,-9.50399910593051));
#10321=CARTESIAN_POINT('Ctrl Pts',(-15.3365224585867,53.0754736960239,-9.50399910593051));
#10322=CARTESIAN_POINT('Ctrl Pts',(-15.2453014368,52.9350980186046,-9.50399910593051));
#10323=CARTESIAN_POINT('Ctrl Pts',(-15.1675407991689,52.8154358840414,-9.50399910593051));
#10324=CARTESIAN_POINT('Ctrl Pts',(-15.0882293412316,52.6970071874309,-9.50399910593051));
#10325=CARTESIAN_POINT('Ctrl Pts',(-15.0082588340285,52.5804096017202,-9.50399910593051));
#10326=CARTESIAN_POINT('Ctrl Pts',(-16.1157183635278,54.1429373230552,-9.40286563976401));
#10327=CARTESIAN_POINT('Ctrl Pts',(-16.0886590363722,54.2230457179918,-9.44012879543815));
#10328=CARTESIAN_POINT('Ctrl Pts',(-16.0628863126991,54.3032566107428,-9.47743962891207));
#10329=CARTESIAN_POINT('Ctrl Pts',(-16.038401875805,54.3838181141751,-9.51491355216461));
#10330=CARTESIAN_POINT('Ctrl Pts',(-15.9489228632023,54.6782322276012,-9.65186298112201));
#10331=CARTESIAN_POINT('Ctrl Pts',(-15.8594438505995,54.9726463410273,-9.78881241007942));
#10332=CARTESIAN_POINT('Ctrl Pts',(-15.7699648379967,55.2670604544534,-9.92576183903682));
#10333=CARTESIAN_POINT('Ctrl Pts',(-15.943567944997,54.0461051170956,-9.47285991302354));
#10334=CARTESIAN_POINT('Ctrl Pts',(-15.9155058696202,54.1288553527352,-9.51216204286556));
#10335=CARTESIAN_POINT('Ctrl Pts',(-15.8887548139973,54.2119541750843,-9.55122939160097));
#10336=CARTESIAN_POINT('Ctrl Pts',(-15.8633283118333,54.295614798716,-9.59014490857129));
#10337=CARTESIAN_POINT('Ctrl Pts',(-15.7738492992305,54.5900289121491,-9.72709433751355));
#10338=CARTESIAN_POINT('Ctrl Pts',(-15.6843702866277,54.8844430255823,-9.86404376645581));
#10339=CARTESIAN_POINT('Ctrl Pts',(-15.5948912740249,55.1788571390155,-10.0009931953981));
#10340=CARTESIAN_POINT('Ctrl Pts',(-15.7714175264662,53.9492729111359,-9.54285418628306));
#10341=CARTESIAN_POINT('Ctrl Pts',(-15.7423521706829,54.0346650312711,-9.58419533864863));
#10342=CARTESIAN_POINT('Ctrl Pts',(-15.7146227756057,54.1206518020554,-9.62501921192034));
#10343=CARTESIAN_POINT('Ctrl Pts',(-15.6882547478615,54.2074114832569,-9.66537626497797));
#10344=CARTESIAN_POINT('Ctrl Pts',(-15.5987757352587,54.5018255966971,-9.80232569390509));
#10345=CARTESIAN_POINT('Ctrl Pts',(-15.5092967226559,54.7962397101373,-9.93927512283221));
#10346=CARTESIAN_POINT('Ctrl Pts',(-15.4198177100532,55.0906538235775,-10.0762245517593));
#10347=CARTESIAN_POINT('Ctrl Pts',(-15.5992671079355,53.8524407051763,-9.61284845954259));
#10348=CARTESIAN_POINT('Ctrl Pts',(-15.5691990039309,53.9404746660145,-9.65622858607604));
#10349=CARTESIAN_POINT('Ctrl Pts',(-15.5404912769039,54.0293493663969,-9.69880897460924));
#10350=CARTESIAN_POINT('Ctrl Pts',(-15.5131811838897,54.1192081677978,-9.74060762138466));
#10351=CARTESIAN_POINT('Ctrl Pts',(-15.4237021712869,54.4136222812451,-9.87755705029664));
#10352=CARTESIAN_POINT('Ctrl Pts',(-15.3342231586842,54.7080363946923,-10.0145064792086));
#10353=CARTESIAN_POINT('Ctrl Pts',(-15.2447441460814,55.0024505081396,-10.1514559081206));
#10354=CARTESIAN_POINT('Ctrl Pts',(-15.7699648379967,55.2670604544534,-9.92576183903681));
#10355=CARTESIAN_POINT('Ctrl Pts',(-15.7417393224995,55.031264713449,-9.87360390597689));
#10356=CARTESIAN_POINT('Ctrl Pts',(-15.7135138070308,54.7954689724414,-9.82144597291625));
#10357=CARTESIAN_POINT('Ctrl Pts',(-15.657062776631,54.3238774944349,-9.71713010768172));
#10358=CARTESIAN_POINT('Ctrl Pts',(-15.6303275213126,54.0878964333356,-9.6649311818835));
#10359=CARTESIAN_POINT('Ctrl Pts',(-15.5992671079356,53.8524407051763,-9.61284845954256));
#10360=CARTESIAN_POINT('Origin',(-20.7979505412043,45.409,-0.642759477205211));
#10361=CARTESIAN_POINT('',(-15.0082588340285,46.159,-9.50399910593069));
#10362=CARTESIAN_POINT('',(-15.0791925905014,46.159,-9.39543356467863));
#10363=CARTESIAN_POINT('',(-15.0082588340285,45.409,-9.50399910593069));
#10364=CARTESIAN_POINT('Origin',(7.50412941701419,54.3137073368504,-9.7148804724838));
#10365=CARTESIAN_POINT('',(7.50412941701421,53.360354219247,-9.50399910593064));
#10366=CARTESIAN_POINT('Origin',(15.0082588340285,45.409,-9.50399910593069));
#10367=CARTESIAN_POINT('',(-16.5014181486426,45.409,-9.5039991059307));
#10368=CARTESIAN_POINT('',(-15.471100802294,45.9265187953478,-9.50399910593069));
#10369=CARTESIAN_POINT('',(-16.5014181486426,37.159,-9.5039991059307));
#10370=CARTESIAN_POINT('',(-16.5014181486426,37.159,-9.5039991059307));
#10371=CARTESIAN_POINT('',(-16.5011553255376,37.159,-9.5039991059307));
#10372=CARTESIAN_POINT('Ctrl Pts',(18.0760031446509,51.3934302595351,-6.6009667694989));
#10373=CARTESIAN_POINT('Ctrl Pts',(18.1851938301852,51.322156662898,-6.4398555287268));
#10374=CARTESIAN_POINT('Ctrl Pts',(18.2939440254996,51.258714477603,-6.27584392792465));
#10375=CARTESIAN_POINT('Ctrl Pts',(18.4027826367895,51.2031435600979,-6.10926424384538));
#10376=CARTESIAN_POINT('Ctrl Pts',(17.7437223950857,51.0089528485989,-6.51212512631089));
#10377=CARTESIAN_POINT('Ctrl Pts',(17.8527957225386,50.942913478339,-6.34919107110294));
#10378=CARTESIAN_POINT('Ctrl Pts',(17.9615753898448,50.8820950489741,-6.18432344254189));
#10379=CARTESIAN_POINT('Ctrl Pts',(18.0704140011347,50.826524131469,-6.01774375846261));
#10380=CARTESIAN_POINT('Ctrl Pts',(17.4114416455205,50.6244754376626,-6.42328348312288));
#10381=CARTESIAN_POINT('Ctrl Pts',(17.5203976148921,50.5636702937801,-6.25852661347907));
#10382=CARTESIAN_POINT('Ctrl Pts',(17.6292067541899,50.5054756203452,-6.09280295715914));
#10383=CARTESIAN_POINT('Ctrl Pts',(17.7380453654799,50.4499047028401,-5.92622327307984));
#10384=CARTESIAN_POINT('Ctrl Pts',(17.0791608959553,50.2399980267264,-6.33444183993487));
#10385=CARTESIAN_POINT('Ctrl Pts',(17.1879995072455,50.1844271092212,-6.1678621558552));
#10386=CARTESIAN_POINT('Ctrl Pts',(17.2968381185351,50.1288561917162,-6.00128247177638));
#10387=CARTESIAN_POINT('Ctrl Pts',(17.4056767298251,50.0732852742111,-5.83470278769706));
#10388=CARTESIAN_POINT('',(17.0791608959553,50.2399980267264,-6.33444183993488));
#10389=CARTESIAN_POINT('',(18.0760019929348,51.3934289270498,-6.60096646170924));
#10390=CARTESIAN_POINT('',(17.0791608959553,50.2399980267264,-6.33444183993487));
#10391=CARTESIAN_POINT('',(17.4056767298759,50.0732852742291,-5.83470278761919));
#10392=CARTESIAN_POINT('',(17.0791608959553,50.2399980267264,-6.33444183993487));
#10393=CARTESIAN_POINT('',(18.4027826367981,51.2031435600979,-6.10926424384539));
#10394=CARTESIAN_POINT('Ctrl Pts',(18.4027755866583,51.2031355713285,-6.10926230253275));
#10395=CARTESIAN_POINT('Ctrl Pts',(18.3483378255714,51.2309308253133,-6.19258079995602));
#10396=CARTESIAN_POINT('Ctrl Pts',(18.2939365189227,51.2606917828727,-6.2752384499527));
#10397=CARTESIAN_POINT('Ctrl Pts',(18.1850185440305,51.3241478009379,-6.43922372999431));
#10398=CARTESIAN_POINT('Ctrl Pts',(18.130525502799,51.3578352025818,-6.5205131333969));
#10399=CARTESIAN_POINT('Ctrl Pts',(18.0760008413835,51.3934275949044,-6.60096615410738));
#10400=CARTESIAN_POINT('Ctrl Pts',(16.4077814084168,53.4189208632952,-8.99809111129888));
#10401=CARTESIAN_POINT('Ctrl Pts',(16.4564414919204,53.3162855024895,-8.93023152091639));
#10402=CARTESIAN_POINT('Ctrl Pts',(16.5072315548665,53.2162278868122,-8.85919648587932));
#10403=CARTESIAN_POINT('Ctrl Pts',(16.6526184682199,52.9479632512809,-8.65520580350329));
#10404=CARTESIAN_POINT('Ctrl Pts',(16.751338753617,52.7853499973392,-8.51598289664143));
#10405=CARTESIAN_POINT('Ctrl Pts',(16.8698698262591,52.6102039019317,-8.34781450027874));
#10406=CARTESIAN_POINT('Ctrl Pts',(16.8845341545181,52.5888637504236,-8.32699288830028));
#10407=CARTESIAN_POINT('Ctrl Pts',(16.97291988683,52.4621825106145,-8.20139491281063));
#10408=CARTESIAN_POINT('Ctrl Pts',(17.0489582702738,52.3612130301722,-8.09292512028507));
#10409=CARTESIAN_POINT('Ctrl Pts',(17.4180794026893,51.9066980307376,-7.56423940876039));
#10410=CARTESIAN_POINT('Ctrl Pts',(17.73896034766,51.6134330211684,-7.09827460258698));
#10411=CARTESIAN_POINT('Ctrl Pts',(18.0760031446509,51.3934302595351,-6.6009667694989));
#10412=CARTESIAN_POINT('Ctrl Pts',(15.9628716061468,53.0947784685109,-9.13367136070324));
#10413=CARTESIAN_POINT('Ctrl Pts',(16.0158669146991,52.9849826565446,-9.05697132509783));
#10414=CARTESIAN_POINT('Ctrl Pts',(16.071046931719,52.8784345481406,-8.97698410023701));
#10415=CARTESIAN_POINT('Ctrl Pts',(16.2286024096276,52.5940380616062,-8.74819341783155));
#10416=CARTESIAN_POINT('Ctrl Pts',(16.3351519494714,52.4231072105879,-8.59303077364185));
#10417=CARTESIAN_POINT('Ctrl Pts',(16.4625571605352,52.2404643397299,-8.40686526719384));
#10418=CARTESIAN_POINT('Ctrl Pts',(16.4783112016381,52.2182371472986,-8.38383496051721));
#10419=CARTESIAN_POINT('Ctrl Pts',(16.5732159160418,52.086448031139,-8.24503181127959));
#10420=CARTESIAN_POINT('Ctrl Pts',(16.6546473821831,51.982049061379,-8.12567472094608));
#10421=CARTESIAN_POINT('Ctrl Pts',(17.0490104431508,51.5149406290036,-7.54626141131042));
#10422=CARTESIAN_POINT('Ctrl Pts',(17.3889581224237,51.2220559068181,-7.04272521713978));
#10423=CARTESIAN_POINT('Ctrl Pts',(17.7437223950857,51.0089528485989,-6.51212512631089));
#10424=CARTESIAN_POINT('Ctrl Pts',(15.5179618038767,52.7706360737266,-9.26925161010759));
#10425=CARTESIAN_POINT('Ctrl Pts',(15.5752914102854,52.6536805409472,-9.18371279027703));
#10426=CARTESIAN_POINT('Ctrl Pts',(15.6348626653088,52.5406409760949,-9.0947710628736));
#10427=CARTESIAN_POINT('Ctrl Pts',(15.8045853602188,52.2401135638652,-8.84118283119564));
#10428=CARTESIAN_POINT('Ctrl Pts',(15.9189634841659,52.0608654113052,-8.67008171745282));
#10429=CARTESIAN_POINT('Ctrl Pts',(16.0552447578924,51.8707246188106,-8.46591554916249));
#10430=CARTESIAN_POINT('Ctrl Pts',(16.0720879851126,51.8476107036856,-8.44067751833667));
#10431=CARTESIAN_POINT('Ctrl Pts',(16.1735052685099,51.7107058626323,-8.28868406640573));
#10432=CARTESIAN_POINT('Ctrl Pts',(16.2603418149915,51.6028914334643,-8.15841206137703));
#10433=CARTESIAN_POINT('Ctrl Pts',(16.6799188878617,51.1231569850487,-7.5283352294129));
#10434=CARTESIAN_POINT('Ctrl Pts',(17.0389213289935,50.8306251515671,-6.98726413881278));
#10435=CARTESIAN_POINT('Ctrl Pts',(17.4114416455205,50.6244754376626,-6.42328348312289));
#10436=CARTESIAN_POINT('Ctrl Pts',(15.0730520016066,52.4464936789423,-9.40483185951194));
#10437=CARTESIAN_POINT('Ctrl Pts',(15.1347168330641,52.3223776950023,-9.31045259445847));
#10438=CARTESIAN_POINT('Ctrl Pts',(15.1986780421613,52.2028476374233,-9.21255867723129));
#10439=CARTESIAN_POINT('Ctrl Pts',(15.3805693016265,51.8861883741904,-8.9341704455239));
#10440=CARTESIAN_POINT('Ctrl Pts',(15.5027766800204,51.6986226245539,-8.74712959445325));
#10441=CARTESIAN_POINT('Ctrl Pts',(15.6479320921685,51.5009850566089,-8.52496631607759));
#10442=CARTESIAN_POINT('Ctrl Pts',(15.6658650322325,51.4769841005606,-8.4975195905536));
#10443=CARTESIAN_POINT('Ctrl Pts',(15.7738012977218,51.3349713831568,-8.33232096487468));
#10444=CARTESIAN_POINT('Ctrl Pts',(15.8660309269008,51.2237274646711,-8.19116166203804));
#10445=CARTESIAN_POINT('Ctrl Pts',(16.3108499283233,50.7313995833147,-7.51035723196294));
#10446=CARTESIAN_POINT('Ctrl Pts',(16.6889191037572,50.4392480372168,-6.93171475336558));
#10447=CARTESIAN_POINT('Ctrl Pts',(17.0791608959553,50.2399980267264,-6.33444183993488));
#10448=CARTESIAN_POINT('',(16.4077814084168,53.4189208632952,-8.99809111129888));
#10449=CARTESIAN_POINT('Ctrl Pts',(18.0760031446509,51.3934302595351,-6.6009667694989));
#10450=CARTESIAN_POINT('Ctrl Pts',(17.9123698535429,51.5002409561597,-6.84240826639046));
#10451=CARTESIAN_POINT('Ctrl Pts',(17.7525161720916,51.6243273111405,-7.07649111957702));
#10452=CARTESIAN_POINT('Ctrl Pts',(17.598081169119,51.764727842051,-7.30110456026256));
#10453=CARTESIAN_POINT('Ctrl Pts',(17.4344213020475,51.9135149161167,-7.53913483278837));
#10454=CARTESIAN_POINT('Ctrl Pts',(17.2768215993388,52.0806244291478,-7.7665538776362));
#10455=CARTESIAN_POINT('Ctrl Pts',(17.1271459713423,52.2649318793971,-7.98093500890521));
#10456=CARTESIAN_POINT('Ctrl Pts',(17.0489581841994,52.3612106916648,-8.09292375739725));
#10457=CARTESIAN_POINT('Ctrl Pts',(16.9729211342203,52.4621803872785,-8.20139295626593));
#10458=CARTESIAN_POINT('Ctrl Pts',(16.8992952916335,52.5677068815259,-8.30601696512579));
#10459=CARTESIAN_POINT('Ctrl Pts',(16.8944216235773,52.5746922155611,-8.31294255907456));
#10460=CARTESIAN_POINT('Ctrl Pts',(16.8895585003018,52.5816975402099,-8.31985134259994));
#10461=CARTESIAN_POINT('Ctrl Pts',(16.8847060004132,52.5887228121042,-8.32674322659214));
#10462=CARTESIAN_POINT('Ctrl Pts',(16.874861492934,52.6029753300426,-8.34072513387003));
#10463=CARTESIAN_POINT('Ctrl Pts',(16.8650607777972,52.6173098883882,-8.35463741025957));
#10464=CARTESIAN_POINT('Ctrl Pts',(16.8553045119343,52.6317261230983,-8.36847931259592));
#10465=CARTESIAN_POINT('Ctrl Pts',(16.7513381284341,52.7853508610429,-8.51598375198984));
#10466=CARTESIAN_POINT('Ctrl Pts',(16.6526188972399,52.9479624529951,-8.65520519363307));
#10467=CARTESIAN_POINT('Ctrl Pts',(16.5600008004277,53.1188590890147,-8.78515649335012));
#10468=CARTESIAN_POINT('Ctrl Pts',(16.5072313184738,53.2162280402328,-8.85919669716914));
#10469=CARTESIAN_POINT('Ctrl Pts',(16.4564428771058,53.3162825808134,-8.93022958918699));
#10470=CARTESIAN_POINT('Ctrl Pts',(16.4077814084168,53.4189208632952,-8.99809111129888));
#10471=CARTESIAN_POINT('',(15.0730520016066,52.4464936789423,-9.40483185951194));
#10472=CARTESIAN_POINT('',(15.0730520016066,52.4464936789423,-9.40483185951194));
#10473=CARTESIAN_POINT('Ctrl Pts',(15.0730520016066,52.4464936789423,-9.40483185951194));
#10474=CARTESIAN_POINT('Ctrl Pts',(15.3411631734061,51.9068525073583,-8.99448231749581));
#10475=CARTESIAN_POINT('Ctrl Pts',(15.6548728256079,51.4489032808759,-8.51434338392212));
#10476=CARTESIAN_POINT('Ctrl Pts',(16.3369368283002,50.7119192149443,-7.47043070675948));
#10477=CARTESIAN_POINT('Ctrl Pts',(16.7012419978975,50.4329562026777,-6.91285431598483));
#10478=CARTESIAN_POINT('Ctrl Pts',(17.0791608959552,50.2399980267263,-6.33444183993486));
#10479=CARTESIAN_POINT('Origin',(20.7270565611476,49.1969328934705,-1.65159019259835));
#10480=CARTESIAN_POINT('',(20.2285036076865,48.6320037505361,-1.51430946448525));
#10481=CARTESIAN_POINT('Ctrl Pts',(16.356768881332,53.5292005622088,-9.06915560641022));
#10482=CARTESIAN_POINT('Ctrl Pts',(16.3665761967012,53.5074644793028,-9.0555078520218));
#10483=CARTESIAN_POINT('Ctrl Pts',(16.376482216263,53.4858292596739,-9.04171428144394));
#10484=CARTESIAN_POINT('Ctrl Pts',(16.3935379776271,53.4491159428385,-9.01795004415748));
#10485=CARTESIAN_POINT('Ctrl Pts',(16.4006367150761,53.4339906725942,-9.00805484190929));
#10486=CARTESIAN_POINT('Ctrl Pts',(16.4077814084168,53.4189208632952,-8.99809111129889));
#10487=CARTESIAN_POINT('Ctrl Pts',(15.9072655322308,53.2129369087125,-9.21410343958367));
#10488=CARTESIAN_POINT('Ctrl Pts',(15.9179659005385,53.1896109624208,-9.1986346699953));
#10489=CARTESIAN_POINT('Ctrl Pts',(15.9287681554118,53.1664149323672,-9.1830134627099));
#10490=CARTESIAN_POINT('Ctrl Pts',(15.9473568598695,53.1270896801685,-9.15612304232355));
#10491=CARTESIAN_POINT('Ctrl Pts',(15.9550906884772,53.1108990670626,-9.14493263419162));
#10492=CARTESIAN_POINT('Ctrl Pts',(15.9628716061468,53.0947784685109,-9.13367136070324));
#10493=CARTESIAN_POINT('Ctrl Pts',(15.4577621831297,52.8966732552163,-9.35905127275712));
#10494=CARTESIAN_POINT('Ctrl Pts',(15.4693556037592,52.8717574468384,-9.34176148897177));
#10495=CARTESIAN_POINT('Ctrl Pts',(15.4810540943749,52.8470006054343,-9.32431264428023));
#10496=CARTESIAN_POINT('Ctrl Pts',(15.5011757421295,52.8050634174433,-9.29429604046284));
#10497=CARTESIAN_POINT('Ctrl Pts',(15.5095446615795,52.7878074620133,-9.28181042697683));
#10498=CARTESIAN_POINT('Ctrl Pts',(15.5179618038767,52.7706360737266,-9.26925161010759));
#10499=CARTESIAN_POINT('Ctrl Pts',(15.0082588340286,52.58040960172,-9.50399910593057));
#10500=CARTESIAN_POINT('Ctrl Pts',(15.0207453075965,52.5539039299563,-9.48488830694527));
#10501=CARTESIAN_POINT('Ctrl Pts',(15.0333400335237,52.5275862781276,-9.46561182554619));
#10502=CARTESIAN_POINT('Ctrl Pts',(15.0549946243719,52.4830371547733,-9.43246903862891));
#10503=CARTESIAN_POINT('Ctrl Pts',(15.0639986349806,52.4647158564817,-9.41868821925916));
#10504=CARTESIAN_POINT('Ctrl Pts',(15.0730520016066,52.4464936789423,-9.40483185951194));
#10505=CARTESIAN_POINT('',(16.356768881332,53.5292005622087,-9.06915560641022));
#10506=CARTESIAN_POINT('Origin',(19.6298081185789,56.440222460145,-4.23205387153515));
#10507=CARTESIAN_POINT('',(15.0082588340286,52.58040960172,-9.50399910593061));
#10508=CARTESIAN_POINT('',(16.356768881332,53.5292005622087,-9.06915560641022));
#10509=CARTESIAN_POINT('Origin',(17.8147507556012,56.999755966828,-5.20860676208165));
#10510=CARTESIAN_POINT('Ctrl Pts',(16.1157183635278,54.1429373230552,-9.40286563976397));
#10511=CARTESIAN_POINT('Ctrl Pts',(16.1873937991392,53.9307441642454,-9.3041620431283));
#10512=CARTESIAN_POINT('Ctrl Pts',(16.2680376809904,53.7258566963647,-9.19263298867604));
#10513=CARTESIAN_POINT('Ctrl Pts',(16.356768881332,53.5292005622087,-9.06915560641021));
#10514=CARTESIAN_POINT('Ctrl Pts',(15.6430161945062,53.8770489553188,-9.59506061129671));
#10515=CARTESIAN_POINT('Ctrl Pts',(15.7219862318231,53.6456407302546,-9.48152678018628));
#10516=CARTESIAN_POINT('Ctrl Pts',(15.8104544814947,53.4239772492338,-9.35405636370606));
#10517=CARTESIAN_POINT('Ctrl Pts',(15.9072655322308,53.2129369087125,-9.21410343958366));
#10518=CARTESIAN_POINT('Ctrl Pts',(15.1703140254845,53.6111605875825,-9.78725558282945));
#10519=CARTESIAN_POINT('Ctrl Pts',(15.2565786645069,53.3605372962638,-9.65889151724426));
#10520=CARTESIAN_POINT('Ctrl Pts',(15.352871281999,53.1220978021029,-9.51547973873608));
#10521=CARTESIAN_POINT('Ctrl Pts',(15.4577621831297,52.8966732552163,-9.35905127275711));
#10522=CARTESIAN_POINT('Ctrl Pts',(14.6976118564628,53.3452722198462,-9.97945055436219));
#10523=CARTESIAN_POINT('Ctrl Pts',(14.7911710971908,53.075433862273,-9.83625625430225));
#10524=CARTESIAN_POINT('Ctrl Pts',(14.8952880825033,52.820218354972,-9.67690311376609));
#10525=CARTESIAN_POINT('Ctrl Pts',(15.0082588340286,52.58040960172,-9.50399910593057));
#10526=CARTESIAN_POINT('Ctrl Pts',(15.0082588340285,52.5804096017201,-9.50399910593069));
#10527=CARTESIAN_POINT('Ctrl Pts',(15.0955949914181,52.7077463593954,-9.50399910593069));
#10528=CARTESIAN_POINT('Ctrl Pts',(15.1816947043093,52.8366234862114,-9.50399910593077));
#10529=CARTESIAN_POINT('Ctrl Pts',(15.3494487537563,53.096139338519,-9.50399910593077));
#10530=CARTESIAN_POINT('Ctrl Pts',(15.4317092372553,53.2277226202685,-9.50399910593069));
#10531=CARTESIAN_POINT('Ctrl Pts',(15.5111690733779,53.3603539703102,-9.50399910593069));
#10532=CARTESIAN_POINT('Ctrl Pts',(16.356768881332,53.5292005622087,-9.06915560641021));
#10533=CARTESIAN_POINT('Ctrl Pts',(16.2680376809904,53.7258566963647,-9.19263298867604));
#10534=CARTESIAN_POINT('Ctrl Pts',(16.1873937991392,53.9307441642454,-9.3041620431283));
#10535=CARTESIAN_POINT('Ctrl Pts',(16.1157183635278,54.1429373230552,-9.40286563976397));
#10536=CARTESIAN_POINT('',(16.1157183635278,54.1429373230551,-9.40286563976396));
#10537=CARTESIAN_POINT('Ctrl Pts',(15.7699648379966,55.2670604544538,-9.92576183903701));
#10538=CARTESIAN_POINT('Ctrl Pts',(15.8594438505994,54.9726463410276,-9.78881241007954));
#10539=CARTESIAN_POINT('Ctrl Pts',(15.9489228632022,54.6782322276013,-9.65186298112207));
#10540=CARTESIAN_POINT('Ctrl Pts',(16.038401875805,54.3838181141751,-9.51491355216461));
#10541=CARTESIAN_POINT('Ctrl Pts',(16.0628741652078,54.3032965798125,-9.47745822089195));
#10542=CARTESIAN_POINT('Ctrl Pts',(16.0886460111153,54.2230842789074,-9.44014673240219));
#10543=CARTESIAN_POINT('Ctrl Pts',(16.1157183635278,54.1429373230551,-9.40286563976397));
#10544=CARTESIAN_POINT('Ctrl Pts',(15.5948912740247,55.1788571390158,-10.0009931953983));
#10545=CARTESIAN_POINT('Ctrl Pts',(15.6843702866276,54.8844430255826,-9.86404376645597));
#10546=CARTESIAN_POINT('Ctrl Pts',(15.7738492992304,54.5900289121493,-9.72709433751364));
#10547=CARTESIAN_POINT('Ctrl Pts',(15.8633283118332,54.2956147987159,-9.59014490857132));
#10548=CARTESIAN_POINT('Ctrl Pts',(15.8887421975564,54.2119956841953,-9.55124870422849));
#10549=CARTESIAN_POINT('Ctrl Pts',(15.9154923602578,54.1288951876455,-9.51218096665612));
#10550=CARTESIAN_POINT('Ctrl Pts',(15.943567944997,54.0461051170955,-9.47285991302352));
#10551=CARTESIAN_POINT('Ctrl Pts',(15.4198177100529,55.0906538235779,-10.0762245517596));
#10552=CARTESIAN_POINT('Ctrl Pts',(15.5092967226557,54.7962397101375,-9.9392751228324));
#10553=CARTESIAN_POINT('Ctrl Pts',(15.5987757352585,54.5018255966972,-9.80232569390522));
#10554=CARTESIAN_POINT('Ctrl Pts',(15.6882547478613,54.2074114832568,-9.66537626497803));
#10555=CARTESIAN_POINT('Ctrl Pts',(15.7146096951678,54.1206948437625,-9.6250392288826));
#10556=CARTESIAN_POINT('Ctrl Pts',(15.7423381812287,54.0347061332361,-9.58421523324664));
#10557=CARTESIAN_POINT('Ctrl Pts',(15.7714175264661,53.9492729111358,-9.54285418628307));
#10558=CARTESIAN_POINT('Ctrl Pts',(15.244744146081,55.0024505081399,-10.1514559081209));
#10559=CARTESIAN_POINT('Ctrl Pts',(15.3342231586839,54.7080363946925,-10.0145064792088));
#10560=CARTESIAN_POINT('Ctrl Pts',(15.4237021712867,54.4136222812451,-9.87755705029679));
#10561=CARTESIAN_POINT('Ctrl Pts',(15.5131811838895,54.1192081677977,-9.74060762138475));
#10562=CARTESIAN_POINT('Ctrl Pts',(15.5404777275164,54.0293939481453,-9.69882971221914));
#10563=CARTESIAN_POINT('Ctrl Pts',(15.5691845303712,53.9405170419742,-9.65624946750057));
#10564=CARTESIAN_POINT('Ctrl Pts',(15.5992671079353,53.8524407051761,-9.61284845954262));
#10565=CARTESIAN_POINT('Origin',(20.7979505412043,45.409,-0.642759477205211));
#10566=CARTESIAN_POINT('',(15.0082588340285,46.159,-9.50399910593069));
#10567=CARTESIAN_POINT('',(15.0082588340285,45.409,-9.50399910593069));
#10568=CARTESIAN_POINT('',(15.0791925905014,46.159,-9.39543356467863));
#10569=CARTESIAN_POINT('Origin',(11.9355047427179,0.,-8.26440386422017));
#10570=CARTESIAN_POINT('',(13.1750999844285,37.159,-9.5039991059307));
#10571=CARTESIAN_POINT('',(1.88835835995246,37.159,1.7827425185453));
#10572=CARTESIAN_POINT('',(13.1750999844285,22.7045,-9.50399910593068));
#10573=CARTESIAN_POINT('',(13.2235259457887,0.,-9.55242506729094));
#10574=CARTESIAN_POINT('Origin',(11.8822789494755,0.,-10.7073954110144));
#10575=CARTESIAN_POINT('',(13.6522789494755,0.,-10.7073954110144));
#10576=CARTESIAN_POINT('Origin',(-0.150000223517415,-12.9999996647239,26.07));
#10577=CARTESIAN_POINT('',(27.7,41.1595348821504,26.07));
#10578=CARTESIAN_POINT('',(-0.0750001117587074,41.1595348821504,26.07));
#10579=CARTESIAN_POINT('',(27.7,39.6322369945275,26.07));
#10580=CARTESIAN_POINT('',(27.7,39.6322369945275,26.07));
#10581=CARTESIAN_POINT('',(28.45,38.806766813118,26.07));
#10582=CARTESIAN_POINT('Ctrl Pts',(28.45,38.806766813118,26.07));
#10583=CARTESIAN_POINT('Ctrl Pts',(28.45,39.1763577546192,26.07));
#10584=CARTESIAN_POINT('Ctrl Pts',(28.1977246270802,39.5074266931968,26.07));
#10585=CARTESIAN_POINT('Ctrl Pts',(27.8395191274529,39.621476461567,26.07));
#10586=CARTESIAN_POINT('Ctrl Pts',(27.769743503231,39.6322369945275,26.07));
#10587=CARTESIAN_POINT('Ctrl Pts',(27.7,39.6322369945275,26.07));
#10588=CARTESIAN_POINT('',(28.45,-69.,26.07));
#10589=CARTESIAN_POINT('',(28.45,-69.,26.07));
#10590=CARTESIAN_POINT('',(27.7,-69.75,26.07));
#10591=CARTESIAN_POINT('Origin',(27.7,-69.,26.07));
#10592=CARTESIAN_POINT('',(-27.7,-69.75,26.07));
#10593=CARTESIAN_POINT('',(-27.7,-69.75,26.07));
#10594=CARTESIAN_POINT('',(-28.45,-69.,26.07));
#10595=CARTESIAN_POINT('Origin',(-27.7,-69.,26.07));
#10596=CARTESIAN_POINT('',(-28.45,38.806766813118,26.07));
#10597=CARTESIAN_POINT('',(-28.45,38.806766813118,26.07));
#10598=CARTESIAN_POINT('',(-27.7,39.6322369945275,26.07));
#10599=CARTESIAN_POINT('Ctrl Pts',(-27.7,39.6322369945275,26.07));
#10600=CARTESIAN_POINT('Ctrl Pts',(-28.0166253177497,39.6322369945275,26.07));
#10601=CARTESIAN_POINT('Ctrl Pts',(-28.3483007565225,39.3760450453063,26.07));
#10602=CARTESIAN_POINT('Ctrl Pts',(-28.4432233751867,38.9340851712058,26.07));
#10603=CARTESIAN_POINT('Ctrl Pts',(-28.45,38.8704304153818,26.07));
#10604=CARTESIAN_POINT('Ctrl Pts',(-28.45,38.806766813118,26.07));
#10605=CARTESIAN_POINT('',(-16.0000002384186,39.6322369945276,26.07));
#10606=CARTESIAN_POINT('',(-27.7,41.1595348821504,26.07));
#10607=CARTESIAN_POINT('',(-0.0750001117587074,41.1595348821504,26.07));
#10608=CARTESIAN_POINT('',(-29.7,39.0840647007408,26.07));
#10609=CARTESIAN_POINT('Origin',(-27.7,39.0840647007408,26.07));
#10610=CARTESIAN_POINT('',(-29.7,-69.,26.07));
#10611=CARTESIAN_POINT('',(-29.7,-6.49999983236194,26.07));
#10612=CARTESIAN_POINT('',(-27.7,-71.,26.07));
#10613=CARTESIAN_POINT('Origin',(-27.7,-69.,26.07));
#10614=CARTESIAN_POINT('',(27.7,-71.,26.07));
#10615=CARTESIAN_POINT('',(-0.0750001117587074,-71.,26.07));
#10616=CARTESIAN_POINT('',(29.7,-69.,26.07));
#10617=CARTESIAN_POINT('Origin',(27.7,-69.,26.07));
#10618=CARTESIAN_POINT('',(29.7,39.0840647007408,26.07));
#10619=CARTESIAN_POINT('',(29.7,-6.49999983236194,26.07));
#10620=CARTESIAN_POINT('Origin',(27.7,39.0840647007408,26.07));
#10621=CARTESIAN_POINT('Origin',(27.7,39.6322369945275,27.07));
#10622=CARTESIAN_POINT('',(27.7,39.6322369945275,27.07));
#10623=CARTESIAN_POINT('Ctrl Pts',(28.45,38.806766813118,27.07));
#10624=CARTESIAN_POINT('Ctrl Pts',(28.45,38.806766813118,25.87));
#10625=CARTESIAN_POINT('Ctrl Pts',(28.45,39.1763577546192,27.07));
#10626=CARTESIAN_POINT('Ctrl Pts',(28.45,39.1763577546192,25.87));
#10627=CARTESIAN_POINT('Ctrl Pts',(28.1977246270802,39.5074266931968,27.07));
#10628=CARTESIAN_POINT('Ctrl Pts',(28.1977246270802,39.5074266931968,25.87));
#10629=CARTESIAN_POINT('Ctrl Pts',(27.9074060922814,39.5998617945055,27.07));
#10630=CARTESIAN_POINT('Ctrl Pts',(27.9074060922814,39.5998617945055,25.87));
#10631=CARTESIAN_POINT('Ctrl Pts',(27.8395191274529,39.621476461567,27.07));
#10632=CARTESIAN_POINT('Ctrl Pts',(27.8395191274529,39.621476461567,25.87));
#10633=CARTESIAN_POINT('Ctrl Pts',(27.769743503231,39.6322369945275,27.07));
#10634=CARTESIAN_POINT('Ctrl Pts',(27.769743503231,39.6322369945275,25.87));
#10635=CARTESIAN_POINT('Ctrl Pts',(27.7,39.6322369945275,27.07));
#10636=CARTESIAN_POINT('Ctrl Pts',(27.7,39.6322369945275,25.87));
#10637=CARTESIAN_POINT('',(28.45,38.806766813118,27.07));
#10638=CARTESIAN_POINT('Origin',(28.45,-69.,27.07));
#10639=CARTESIAN_POINT('',(28.45,-69.,27.07));
#10640=CARTESIAN_POINT('Origin',(27.7,-69.,27.07));
#10641=CARTESIAN_POINT('',(27.7,-69.75,27.07));
#10642=CARTESIAN_POINT('Origin',(-27.7,-69.75,27.07));
#10643=CARTESIAN_POINT('',(-27.7,-69.75,27.07));
#10644=CARTESIAN_POINT('Origin',(-27.7,-69.,27.07));
#10645=CARTESIAN_POINT('',(-28.45,-69.,27.07));
#10646=CARTESIAN_POINT('Origin',(-28.45,38.806766813118,27.07));
#10647=CARTESIAN_POINT('',(-28.45,38.806766813118,27.07));
#10648=CARTESIAN_POINT('Ctrl Pts',(-27.7,39.6322369945275,27.07));
#10649=CARTESIAN_POINT('Ctrl Pts',(-27.7,39.6322369945275,25.87));
#10650=CARTESIAN_POINT('Ctrl Pts',(-28.0166253177497,39.6322369945275,27.07));
#10651=CARTESIAN_POINT('Ctrl Pts',(-28.0166253177497,39.6322369945275,25.87));
#10652=CARTESIAN_POINT('Ctrl Pts',(-28.3483007565225,39.3760450453063,27.07));
#10653=CARTESIAN_POINT('Ctrl Pts',(-28.3483007565225,39.3760450453063,25.87));
#10654=CARTESIAN_POINT('Ctrl Pts',(-28.429971354201,38.9957866034761,27.07));
#10655=CARTESIAN_POINT('Ctrl Pts',(-28.429971354201,38.9957866034761,25.87));
#10656=CARTESIAN_POINT('Ctrl Pts',(-28.4432233751867,38.9340851712058,27.07));
#10657=CARTESIAN_POINT('Ctrl Pts',(-28.4432233751867,38.9340851712058,25.87));
#10658=CARTESIAN_POINT('Ctrl Pts',(-28.45,38.8704304153818,27.07));
#10659=CARTESIAN_POINT('Ctrl Pts',(-28.45,38.8704304153818,25.87));
#10660=CARTESIAN_POINT('Ctrl Pts',(-28.45,38.806766813118,27.07));
#10661=CARTESIAN_POINT('Ctrl Pts',(-28.45,38.806766813118,25.87));
#10662=CARTESIAN_POINT('',(-27.7,39.6322369945275,27.07));
#10663=CARTESIAN_POINT('Origin',(-16.0000002384186,39.6322369945276,27.07));
#10664=CARTESIAN_POINT('Origin',(0.,17.3850655662966,111.806207800439));
#10665=CARTESIAN_POINT('',(27.7,27.287899446089,76.0943097954249));
#10666=CARTESIAN_POINT('',(21.25,42.7678626303628,20.27));
#10667=CARTESIAN_POINT('',(21.25,29.4551156470187,68.2788294125471));
#10668=CARTESIAN_POINT('',(27.7,42.7678626303628,20.27));
#10669=CARTESIAN_POINT('',(12.425,42.7678626303628,20.27));
#10670=CARTESIAN_POINT('',(27.7,27.287899446089,76.0943097954249));
#10671=CARTESIAN_POINT('Origin',(27.7,25.3606253104118,75.5598807487315));
#10672=CARTESIAN_POINT('',(29.7,42.6475253300865,13.2193408770836));
#10673=CARTESIAN_POINT('',(29.7,25.3606253104118,75.5598807487315));
#10674=CARTESIAN_POINT('Origin',(27.7,42.6475253300865,13.2193408770837));
#10675=CARTESIAN_POINT('',(28.45,42.6164048013759,20.27));
#10676=CARTESIAN_POINT('Origin',(27.7,40.6923924489532,20.27));
#10677=CARTESIAN_POINT('',(28.45,27.1472562515652,76.0553097346749));
#10678=CARTESIAN_POINT('Origin',(29.7,0.,30.0695000000001));
#10679=CARTESIAN_POINT('',(29.7,-69.,8.93766462881218));
#10680=CARTESIAN_POINT('',(29.7,-69.,1.50974999999989));
#10681=CARTESIAN_POINT('',(29.7,44.0752785988272,8.93766462881219));
#10682=CARTESIAN_POINT('',(29.7,0.,8.93766462881219));
#10683=CARTESIAN_POINT('',(29.7,37.9935829777123,27.1760061267888));
#10684=CARTESIAN_POINT('Origin',(27.7,-69.,1.50974999999989));
#10685=CARTESIAN_POINT('',(27.7,-71.,1.50974999999989));
#10686=CARTESIAN_POINT('',(28.45,-70.8540496217739,20.27));
#10687=CARTESIAN_POINT('',(28.45,-70.8540496217739,1.50974999999989));
#10688=CARTESIAN_POINT('',(27.7,-71.,20.27));
#10689=CARTESIAN_POINT('Origin',(27.7,-69.,20.27));
#10690=CARTESIAN_POINT('',(27.7,-71.,8.93766462881218));
#10691=CARTESIAN_POINT('',(27.7,-71.,1.50974999999989));
#10692=CARTESIAN_POINT('Origin',(27.7,-69.,8.93766462881218));
#10693=CARTESIAN_POINT('Origin',(0.,-71.,3.01949999999978));
#10694=CARTESIAN_POINT('',(-27.7,-71.,16.5444999999999));
#10695=CARTESIAN_POINT('',(-21.25,-71.,20.27));
#10696=CARTESIAN_POINT('',(-21.25,-71.,11.6447499999999));
#10697=CARTESIAN_POINT('',(-27.7,-71.,20.27));
#10698=CARTESIAN_POINT('',(-14.225,-71.,20.27));
#10699=CARTESIAN_POINT('',(-27.7,-71.,8.93766462881219));
#10700=CARTESIAN_POINT('',(-27.7,-71.,16.5444999999999));
#10701=CARTESIAN_POINT('',(-25.2195846594563,-71.,-1.45207287525435));
#10702=CARTESIAN_POINT('Origin',(-4.7,-71.,8.93766462881218));
#10703=CARTESIAN_POINT('',(25.2195846594563,-71.,-1.45207287525435));
#10704=CARTESIAN_POINT('',(-2.5000000372529,-71.,-1.45207287525435));
#10705=CARTESIAN_POINT('Origin',(4.7,-71.,8.93766462881218));
#10706=CARTESIAN_POINT('',(21.25,-71.,20.27));
#10707=CARTESIAN_POINT('',(10.625,-71.,20.27));
#10708=CARTESIAN_POINT('',(21.25,-71.,13.5447499999999));
#10709=CARTESIAN_POINT('',(-13.667813161519,-71.,7.51523790033198));
#10710=CARTESIAN_POINT('',(-21.367813161519,-71.,7.51523790033198));
#10711=CARTESIAN_POINT('Origin',(-17.517813161519,-71.,7.51523790033198));
#10712=CARTESIAN_POINT('',(-21.367813161519,-71.,8.51523790033198));
#10713=CARTESIAN_POINT('',(-21.367813161519,-71.,5.76736895016588));
#10714=CARTESIAN_POINT('',(-13.667813161519,-71.,8.51523790033198));
#10715=CARTESIAN_POINT('Origin',(-17.517813161519,-71.,8.51523790033198));
#10716=CARTESIAN_POINT('',(-13.667813161519,-71.,5.26736895016588));
#10717=CARTESIAN_POINT('',(21.5000000000001,-71.,8.98710000000006));
#10718=CARTESIAN_POINT('',(21.5000000000001,-71.,7.98710000000006));
#10719=CARTESIAN_POINT('',(21.5000000000001,-71.,5.50329999999992));
#10720=CARTESIAN_POINT('',(8.50000000000008,-71.,7.98710000000006));
#10721=CARTESIAN_POINT('Origin',(15.0000000000001,-71.,7.98710000000006));
#10722=CARTESIAN_POINT('',(8.50000000000008,-71.,8.98710000000006));
#10723=CARTESIAN_POINT('',(8.50000000000008,-71.,6.00329999999992));
#10724=CARTESIAN_POINT('Origin',(15.0000000000001,-71.,8.98710000000006));
#10725=CARTESIAN_POINT('Origin',(-27.7,-69.,16.5444999999999));
#10726=CARTESIAN_POINT('',(-29.7,-69.,8.93766462881219));
#10727=CARTESIAN_POINT('',(-29.7,-69.,16.5444999999999));
#10728=CARTESIAN_POINT('Origin',(-27.7,-69.,8.93766462881219));
#10729=CARTESIAN_POINT('',(-28.45,-70.8540496217739,20.27));
#10730=CARTESIAN_POINT('Origin',(-27.7,-69.,20.27));
#10731=CARTESIAN_POINT('',(-28.45,-70.8540496217739,16.5444999999999));
#10732=CARTESIAN_POINT('Origin',(-29.7,0.,0.));
#10733=CARTESIAN_POINT('',(-29.7,42.6475253300866,13.2193408770836));
#10734=CARTESIAN_POINT('',(-29.7,29.2320406560741,61.5986660461942));
#10735=CARTESIAN_POINT('',(-29.7,44.0752785988272,8.93766462881219));
#10736=CARTESIAN_POINT('',(-29.7,42.5053423449819,13.6457321335842));
#10737=CARTESIAN_POINT('',(-29.7,0.,8.93766462881219));
#10738=CARTESIAN_POINT('Origin',(-27.7,29.2320406560741,61.5986660461942));
#10739=CARTESIAN_POINT('',(-27.7,31.1593147917514,62.1330950928876));
#10740=CARTESIAN_POINT('',(-28.45,42.6164048013759,20.27));
#10741=CARTESIAN_POINT('',(-28.45,31.0186715972276,62.0940950321377));
#10742=CARTESIAN_POINT('',(-27.7,42.7678626303628,20.27));
#10743=CARTESIAN_POINT('Origin',(-27.7,40.6923924489532,20.27));
#10744=CARTESIAN_POINT('',(-27.7,44.5610722506409,13.8032734206863));
#10745=CARTESIAN_POINT('',(-27.7,31.1593147917514,62.1330950928876));
#10746=CARTESIAN_POINT('Origin',(-27.7,42.6475253300866,13.2193408770836));
#10747=CARTESIAN_POINT('Origin',(0.,17.3850655662966,111.806207800439));
#10748=CARTESIAN_POINT('',(0.,44.5610722506409,13.8032734206863));
#10749=CARTESIAN_POINT('',(-21.25,42.7678626303628,20.27));
#10750=CARTESIAN_POINT('',(-12.425,42.7678626303628,20.27));
#10751=CARTESIAN_POINT('',(-21.25,29.4551156470187,68.2788294125471));
#10752=CARTESIAN_POINT('Origin',(9.03331659817436,0.,-23.238021033377));
#10753=CARTESIAN_POINT('',(23.0669874659078,0.,-6.11943573703465));
#10754=CARTESIAN_POINT('',(23.0669874659078,0.,-6.11943573703465));
#10755=CARTESIAN_POINT('',(12.4826066142184,0.,-19.0305000000005));
#10756=CARTESIAN_POINT('',(13.6548004056646,0.,-17.6006318214007));
#10757=CARTESIAN_POINT('',(12.4826066142184,0.,-19.0305000000005));
#10758=CARTESIAN_POINT('Origin',(-20.,-66.75,27.07));
#10759=CARTESIAN_POINT('',(20.,-66.75,26.07));
#10760=CARTESIAN_POINT('',(20.,-66.75,23.67));
#10761=CARTESIAN_POINT('',(-20.,-66.75,26.07));
#10762=CARTESIAN_POINT('',(-9.6875,-66.75,26.07));
#10763=CARTESIAN_POINT('',(-20.,-66.75,23.67));
#10764=CARTESIAN_POINT('Origin',(-9.6875,-67.75,25.07));
#10765=CARTESIAN_POINT('',(20.,-68.75,24.07));
#10766=CARTESIAN_POINT('',(20.,-67.0875,25.7325));
#10767=CARTESIAN_POINT('',(-20.,-68.75,24.07));
#10768=CARTESIAN_POINT('',(-4.84375,-68.75,24.07));
#10769=CARTESIAN_POINT('',(-20.,-67.0875,25.7325));
#10770=CARTESIAN_POINT('Origin',(-20.,-60.3,20.27));
#10771=CARTESIAN_POINT('',(-20.,-68.75,18.71));
#10772=CARTESIAN_POINT('',(-20.,-68.75,11.6447499999999));
#10773=CARTESIAN_POINT('',(-20.,-62.05,18.71));
#10774=CARTESIAN_POINT('',(-20.,-62.4125,18.71));
#10775=CARTESIAN_POINT('',(-20.,-62.05,20.27));
#10776=CARTESIAN_POINT('Origin',(0.,-68.75,3.01949999999978));
#10777=CARTESIAN_POINT('',(20.,-68.75,18.71));
#10778=CARTESIAN_POINT('',(20.,-68.75,11.6447499999999));
#10779=CARTESIAN_POINT('',(28.44,-68.75,10.27));
#10780=CARTESIAN_POINT('',(21.032625,-68.75,17.6773749999999));
#10781=CARTESIAN_POINT('',(28.45,-68.75,10.27));
#10782=CARTESIAN_POINT('',(12.1125,-68.75,10.27));
#10783=CARTESIAN_POINT('',(28.45,-68.75,8.93766462881218));
#10784=CARTESIAN_POINT('',(28.45,-68.75,1.50974999999989));
#10785=CARTESIAN_POINT('',(25.9029240808712,-68.75,-1.76273304703224));
#10786=CARTESIAN_POINT('Origin',(4.7,-68.75,8.93766462881218));
#10787=CARTESIAN_POINT('',(-25.9029240808712,-68.75,-1.76273304703224));
#10788=CARTESIAN_POINT('',(-2.5000000372529,-68.75,-1.76273304703417));
#10789=CARTESIAN_POINT('',(-28.45,-68.75,8.93766462881219));
#10790=CARTESIAN_POINT('Origin',(-4.7,-68.75,8.93766462881218));
#10791=CARTESIAN_POINT('',(-28.45,-68.75,10.27));
#10792=CARTESIAN_POINT('',(-28.45,-68.75,16.5444999999999));
#10793=CARTESIAN_POINT('',(-28.44,-68.75,10.27));
#10794=CARTESIAN_POINT('',(-12.1125,-68.75,10.27));
#10795=CARTESIAN_POINT('',(-21.032625,-68.75,17.6773749999999));
#10796=CARTESIAN_POINT('',(-16.3112823488587,-68.75,1.81523790033216));
#10797=CARTESIAN_POINT('',(-16.3112823488587,-68.75,2.2152379003331));
#10798=CARTESIAN_POINT('',(-16.3112823488587,-68.75,2.6173689501659));
#10799=CARTESIAN_POINT('',(-17.0112823488587,-68.75,2.91523790033308));
#10800=CARTESIAN_POINT('Origin',(-17.0112823488587,-68.75,2.2152379003331));
#10801=CARTESIAN_POINT('',(-18.6112823488589,-68.75,2.91523790033308));
#10802=CARTESIAN_POINT('',(-9.3056411744294,-68.75,2.91523790033688));
#10803=CARTESIAN_POINT('',(-19.3112823488588,-68.75,2.2152379003331));
#10804=CARTESIAN_POINT('Origin',(-18.6112823488589,-68.75,2.2152379003331));
#10805=CARTESIAN_POINT('',(-19.3112823488588,-68.75,1.81523790033216));
#10806=CARTESIAN_POINT('',(-19.3112823488587,-68.75,2.41736895017149));
#10807=CARTESIAN_POINT('',(-18.6112823488589,-68.75,1.11523790033217));
#10808=CARTESIAN_POINT('Origin',(-18.6112823488589,-68.75,1.81523790033216));
#10809=CARTESIAN_POINT('',(-17.0112823488584,-68.75,1.11523790033217));
#10810=CARTESIAN_POINT('',(-8.50564117442874,-68.75,1.11523790033715));
#10811=CARTESIAN_POINT('Origin',(-17.0112823488587,-68.75,1.81523790033216));
#10812=CARTESIAN_POINT('',(-21.367813161519,-68.75,7.51523790033198));
#10813=CARTESIAN_POINT('',(-13.667813161519,-68.75,7.51523790033198));
#10814=CARTESIAN_POINT('Origin',(-17.517813161519,-68.75,7.51523790033198));
#10815=CARTESIAN_POINT('',(-13.667813161519,-68.75,8.51523790033198));
#10816=CARTESIAN_POINT('',(-13.667813161519,-68.75,5.26736895016588));
#10817=CARTESIAN_POINT('',(-21.367813161519,-68.75,8.51523790033198));
#10818=CARTESIAN_POINT('Origin',(-17.517813161519,-68.75,8.51523790033198));
#10819=CARTESIAN_POINT('',(-21.367813161519,-68.75,5.76736895016588));
#10820=CARTESIAN_POINT('',(21.5000000000001,-68.75,7.98710000000006));
#10821=CARTESIAN_POINT('',(21.5000000000001,-68.75,8.98710000000006));
#10822=CARTESIAN_POINT('',(21.5000000000001,-68.75,5.50329999999992));
#10823=CARTESIAN_POINT('',(8.50000000000008,-68.75,8.98710000000006));
#10824=CARTESIAN_POINT('Origin',(15.0000000000001,-68.75,8.98710000000006));
#10825=CARTESIAN_POINT('',(8.50000000000008,-68.75,7.98710000000006));
#10826=CARTESIAN_POINT('',(8.50000000000008,-68.75,6.00329999999992));
#10827=CARTESIAN_POINT('Origin',(15.0000000000001,-68.75,7.98710000000006));
#10828=CARTESIAN_POINT('Origin',(26.95,-15.075,24.57));
#10829=CARTESIAN_POINT('',(25.45,-60.3,26.07));
#10830=CARTESIAN_POINT('',(28.45,-60.3,23.07));
#10831=CARTESIAN_POINT('',(28.4,-60.3,23.12));
#10832=CARTESIAN_POINT('',(25.45,0.,26.07));
#10833=CARTESIAN_POINT('',(25.45,-15.075,26.07));
#10834=CARTESIAN_POINT('',(28.45,0.,23.07));
#10835=CARTESIAN_POINT('',(25.6001250000001,1.11022302462516E-15,25.9198749999999));
#10836=CARTESIAN_POINT('',(28.45,-7.5375,23.07));
#10837=CARTESIAN_POINT('Origin',(25.45,0.,27.07));
#10838=CARTESIAN_POINT('',(25.45,-60.3,23.67));
#10839=CARTESIAN_POINT('',(25.45,0.,15.0444999999999));
#10840=CARTESIAN_POINT('Origin',(28.45,-60.3,20.27));
#10841=CARTESIAN_POINT('',(28.45,-60.3,18.71));
#10842=CARTESIAN_POINT('',(28.45,-60.3,10.135));
#10843=CARTESIAN_POINT('',(21.75,-60.3,18.71));
#10844=CARTESIAN_POINT('',(26.3375,-60.3,18.71));
#10845=CARTESIAN_POINT('',(21.75,-60.3,20.27));
#10846=CARTESIAN_POINT('Origin',(-26.95,-15.075,24.57));
#10847=CARTESIAN_POINT('',(-28.45,-60.3,23.07));
#10848=CARTESIAN_POINT('',(-25.45,-60.3,26.07));
#10849=CARTESIAN_POINT('',(-28.4,-60.3,23.12));
#10850=CARTESIAN_POINT('',(-28.45,0.,23.07));
#10851=CARTESIAN_POINT('',(-28.45,-7.5375,23.07));
#10852=CARTESIAN_POINT('',(-25.45,0.,26.07));
#10853=CARTESIAN_POINT('',(-25.6001250000001,1.11022302462516E-15,25.9198749999999));
#10854=CARTESIAN_POINT('',(-25.45,-15.075,26.07));
#10855=CARTESIAN_POINT('Origin',(-25.45,0.,27.07));
#10856=CARTESIAN_POINT('',(-25.45,0.,5.978582314406));
#10857=CARTESIAN_POINT('',(-25.45,-60.3,23.67));
#10858=CARTESIAN_POINT('Origin',(-28.45,0.,30.0695000000001));
#10859=CARTESIAN_POINT('',(-28.45,-60.3,18.71));
#10860=CARTESIAN_POINT('',(-28.45,-60.3,25.1697500000001));
#10861=CARTESIAN_POINT('',(-28.45,-68.74,10.27));
#10862=CARTESIAN_POINT('',(-28.45,-44.495125,34.514875));
#10863=CARTESIAN_POINT('',(-28.45,-32.2625,10.27));
#10864=CARTESIAN_POINT('',(-28.45,0.,8.93766462881219));
#10865=CARTESIAN_POINT('',(-28.45,0.,8.93766462881219));
#10866=CARTESIAN_POINT('',(-28.45,0.,16.5444999999999));
#10867=CARTESIAN_POINT('Origin',(-28.45,-60.3,20.27));
#10868=CARTESIAN_POINT('',(-21.75,-60.3,18.71));
#10869=CARTESIAN_POINT('',(-21.75,-60.3,20.27));
#10870=CARTESIAN_POINT('',(-26.3375,-60.3,18.71));
#10871=CARTESIAN_POINT('Origin',(-24.85,-65.15,27.07));
#10872=CARTESIAN_POINT('',(-27.1,-65.15,27.07));
#10873=CARTESIAN_POINT('Origin',(-21.75,-62.05,24.07));
#10874=CARTESIAN_POINT('',(-21.25,-62.05,20.27));
#10875=CARTESIAN_POINT('',(-21.75,-61.55,20.27));
#10876=CARTESIAN_POINT('Origin',(-21.75,-62.05,20.27));
#10877=CARTESIAN_POINT('',(-21.25,-62.05,24.07));
#10878=CARTESIAN_POINT('',(-21.75,-61.55,24.07));
#10879=CARTESIAN_POINT('Origin',(-24.225,-64.525,20.27));
#10880=CARTESIAN_POINT('',(-28.45,-61.55,20.27));
#10881=CARTESIAN_POINT('',(-22.7375,-61.55,20.27));
#10882=CARTESIAN_POINT('',(-28.45,-68.75,20.27));
#10883=CARTESIAN_POINT('',(-21.25,-66.6375,20.27));
#10884=CARTESIAN_POINT('Origin',(-21.25,-61.55,24.07));
#10885=CARTESIAN_POINT('',(-28.45,-61.55,27.06975));
#10886=CARTESIAN_POINT('Origin',(-21.25,-68.75,24.07));
#10887=CARTESIAN_POINT('Origin',(-21.75,-62.05,20.27));
#10888=CARTESIAN_POINT('',(-20.5125631329235,-60.8125631329235,18.1974368670765));
#10889=CARTESIAN_POINT('Origin',(-21.75,-62.05,16.96));
#10890=CARTESIAN_POINT('Origin',(-21.75,-62.05,16.96));
#10891=CARTESIAN_POINT('Origin',(-26.3375,-64.52,14.49));
#10892=CARTESIAN_POINT('',(-28.44,-68.74,10.27));
#10893=CARTESIAN_POINT('',(-28.44,-68.74,10.27));
#10894=CARTESIAN_POINT('',(-26.3375,-68.74,10.27));
#10895=CARTESIAN_POINT('Origin',(-24.22,-62.4125,14.49));
#10896=CARTESIAN_POINT('',(-28.44,-62.4125,10.27));
#10897=CARTESIAN_POINT('Origin',(-24.225,-64.525,10.27));
#10898=CARTESIAN_POINT('Origin',(-28.45,0.,30.0695000000001));
#10899=CARTESIAN_POINT('Origin',(24.85,-65.15,27.07));
#10900=CARTESIAN_POINT('',(27.1,-65.15,27.07));
#10901=CARTESIAN_POINT('Origin',(21.75,-62.05,24.07));
#10902=CARTESIAN_POINT('',(21.25,-62.05,20.27));
#10903=CARTESIAN_POINT('',(21.75,-61.55,20.27));
#10904=CARTESIAN_POINT('Origin',(21.75,-62.05,20.27));
#10905=CARTESIAN_POINT('',(21.75,-61.55,24.07));
#10906=CARTESIAN_POINT('',(21.25,-62.05,24.07));
#10907=CARTESIAN_POINT('Origin',(24.225,-64.525,20.27));
#10908=CARTESIAN_POINT('',(21.25,-68.75,20.27));
#10909=CARTESIAN_POINT('',(28.45,-61.55,20.27));
#10910=CARTESIAN_POINT('',(28.45,-68.75,20.27));
#10911=CARTESIAN_POINT('',(22.7375,-61.55,20.27));
#10912=CARTESIAN_POINT('Origin',(21.25,-61.55,24.07));
#10913=CARTESIAN_POINT('',(28.45,-61.55,12.035));
#10914=CARTESIAN_POINT('Origin',(20.,-60.3,20.27));
#10915=CARTESIAN_POINT('',(20.,-62.05,18.71));
#10916=CARTESIAN_POINT('',(20.,-62.05,20.27));
#10917=CARTESIAN_POINT('',(20.,-62.4125,18.71));
#10918=CARTESIAN_POINT('Origin',(21.25,-68.75,24.07));
#10919=CARTESIAN_POINT('Origin',(21.75,-62.05,20.27));
#10920=CARTESIAN_POINT('',(20.5125631329235,-60.8125631329235,18.1974368670765));
#10921=CARTESIAN_POINT('Origin',(21.75,-62.05,16.96));
#10922=CARTESIAN_POINT('Origin',(21.75,-62.05,16.96));
#10923=CARTESIAN_POINT('Origin',(26.3375,-64.52,14.49));
#10924=CARTESIAN_POINT('',(28.45,-68.74,10.27));
#10925=CARTESIAN_POINT('',(28.45,-52.0125,26.9975));
#10926=CARTESIAN_POINT('',(28.44,-68.74,10.27));
#10927=CARTESIAN_POINT('',(26.3375,-68.74,10.27));
#10928=CARTESIAN_POINT('',(28.44,-68.74,10.27));
#10929=CARTESIAN_POINT('Origin',(24.22,-62.4125,14.49));
#10930=CARTESIAN_POINT('',(28.44,-62.4125,10.27));
#10931=CARTESIAN_POINT('Origin',(24.225,-64.525,10.27));
#10932=CARTESIAN_POINT('',(28.45,-32.2625,10.27));
#10933=CARTESIAN_POINT('Origin',(28.45,0.,-1.84609492114128E-16));
#10934=CARTESIAN_POINT('Ctrl Pts',(-10.5950312562378,-48.4153714620083,
-23.3046677598809));
#10935=CARTESIAN_POINT('Ctrl Pts',(-10.545895343839,-48.8361014229167,-23.3646048437214));
#10936=CARTESIAN_POINT('Ctrl Pts',(-10.1929428151363,-49.5729431204147,
-23.4549991506244));
#10937=CARTESIAN_POINT('Ctrl Pts',(-9.44582765579985,-49.8861356577922,
-23.394364340766));
#10938=CARTESIAN_POINT('Ctrl Pts',(-9.12659776058265,-49.9250485380398,
-23.3554514619608));
#10939=CARTESIAN_POINT('Ctrl Pts',(-10.052213646483,-48.2674028228708,-23.5466118399208));
#10940=CARTESIAN_POINT('Ctrl Pts',(-10.0082368840037,-48.5890477484233,
-23.5865698958144));
#10941=CARTESIAN_POINT('Ctrl Pts',(-9.75045385526437,-49.1073444981371,
-23.6468327670831));
#10942=CARTESIAN_POINT('Ctrl Pts',(-9.22866860169249,-49.3300616817637,
-23.6064095605108));
#10943=CARTESIAN_POINT('Ctrl Pts',(-8.9932779629358,-49.3613416998568,-23.5804676413074));
#10944=CARTESIAN_POINT('Ctrl Pts',(-9.50939603672828,-48.1194341837332,
-23.7885559199607));
#10945=CARTESIAN_POINT('Ctrl Pts',(-9.4705784241684,-48.3419940739298,-23.8085349479075));
#10946=CARTESIAN_POINT('Ctrl Pts',(-9.30796489539244,-48.6417458758595,
-23.8386663835418));
#10947=CARTESIAN_POINT('Ctrl Pts',(-9.01150954758513,-48.7739877057353,
-23.8184547802557));
#10948=CARTESIAN_POINT('Ctrl Pts',(-8.85995816528895,-48.7976348616738,
-23.8054838206539));
#10949=CARTESIAN_POINT('Ctrl Pts',(-8.96657842697351,-47.9714655445957,
-24.0305000000005));
#10950=CARTESIAN_POINT('Ctrl Pts',(-8.9329199643331,-48.0949403994364,-24.0305000000005));
#10951=CARTESIAN_POINT('Ctrl Pts',(-8.86547593552051,-48.1761472535819,
-24.0305000000005));
#10952=CARTESIAN_POINT('Ctrl Pts',(-8.79435049347778,-48.2179137297069,
-24.0305000000005));
#10953=CARTESIAN_POINT('Ctrl Pts',(-8.7266383676421,-48.2339280234907,-24.0305000000005));
#10954=CARTESIAN_POINT('',(-9.12659775924843,-49.9250485387562,-23.3554514610707));
#10955=CARTESIAN_POINT('',(-8.72663836766618,-48.233928023485,-24.0305000000005));
#10956=CARTESIAN_POINT('',(-10.5950312562448,-48.4153714620112,-23.3046677598723));
#10957=CARTESIAN_POINT('Ctrl Pts',(-9.12659776058265,-49.9250485380398,
-23.3554514619608));
#10958=CARTESIAN_POINT('Ctrl Pts',(-9.44582765579985,-49.8861356577922,
-23.394364340766));
#10959=CARTESIAN_POINT('Ctrl Pts',(-10.1929428151363,-49.5729431204147,
-23.4549991506244));
#10960=CARTESIAN_POINT('Ctrl Pts',(-10.545895343839,-48.8361014229167,-23.3646048437214));
#10961=CARTESIAN_POINT('Ctrl Pts',(-10.5950312562378,-48.4153714620083,
-23.3046677598809));
#10962=CARTESIAN_POINT('',(-10.5950312562448,-48.4153714620112,-23.3046677598723));
#10963=CARTESIAN_POINT('Ctrl Pts',(-10.6339833223104,-47.6895392218515,
-23.2571531593307));
#10964=CARTESIAN_POINT('Ctrl Pts',(-10.6339833223104,-47.934029024809,-23.2571531593307));
#10965=CARTESIAN_POINT('Ctrl Pts',(-10.6233675315758,-48.1727399643076,
-23.2701025380708));
#10966=CARTESIAN_POINT('Ctrl Pts',(-10.5950312562377,-48.4153714620091,
-23.304667759881));
#10967=CARTESIAN_POINT('Ctrl Pts',(-10.0893222645442,-47.6895392218515,
-23.514935439554));
#10968=CARTESIAN_POINT('Ctrl Pts',(-10.0893222645442,-47.8911517207048,
-23.514935439554));
#10969=CARTESIAN_POINT('Ctrl Pts',(-10.0775746826229,-48.0819128476712,
-23.523568358714));
#10970=CARTESIAN_POINT('Ctrl Pts',(-10.052213646483,-48.2674028228714,-23.5466118399208));
#10971=CARTESIAN_POINT('Ctrl Pts',(-9.54466120677788,-47.6895392218515,
-23.7727177197773));
#10972=CARTESIAN_POINT('Ctrl Pts',(-9.54466120677788,-47.8482744166006,
-23.7727177197773));
#10973=CARTESIAN_POINT('Ctrl Pts',(-9.53178183367009,-47.9910857310348,
-23.7770341793573));
#10974=CARTESIAN_POINT('Ctrl Pts',(-9.5093960367282,-48.1194341837336,-23.7885559199607));
#10975=CARTESIAN_POINT('Ctrl Pts',(-9.00000014901161,-47.6895392218515,
-24.0305000000005));
#10976=CARTESIAN_POINT('Ctrl Pts',(-9.00000014901161,-47.8053971124964,
-24.0305000000005));
#10977=CARTESIAN_POINT('Ctrl Pts',(-8.98598898471725,-47.9002586143984,
-24.0305000000005));
#10978=CARTESIAN_POINT('Ctrl Pts',(-8.96657842697345,-47.9714655445959,
-24.0305000000005));
#10979=CARTESIAN_POINT('',(-10.6339833223104,-47.6895392218515,-23.2571531593307));
#10980=CARTESIAN_POINT('Ctrl Pts',(-10.5950312562377,-48.4153714620091,
-23.304667759881));
#10981=CARTESIAN_POINT('Ctrl Pts',(-10.6233675315758,-48.1727399643076,
-23.2701025380708));
#10982=CARTESIAN_POINT('Ctrl Pts',(-10.6339833223104,-47.934029024809,-23.2571531593307));
#10983=CARTESIAN_POINT('Ctrl Pts',(-10.6339833223104,-47.6895392218515,
-23.2571531593307));
#10984=CARTESIAN_POINT('',(-9.00000014901161,-47.6895392218515,-24.0305000000005));
#10985=CARTESIAN_POINT('Origin',(-7.50000011175871,-49.1035533905933,-23.6769466094073));
#10986=CARTESIAN_POINT('',(8.57319869334289,-49.9571067811866,-23.323393218814));
#10987=CARTESIAN_POINT('',(8.57319869334289,-48.25,-24.0305000000005));
#10988=CARTESIAN_POINT('',(-8.57319869334288,-49.9571067811866,-23.323393218814));
#10989=CARTESIAN_POINT('',(-7.50000011175871,-49.9571067811866,-23.323393218814));
#10990=CARTESIAN_POINT('',(-8.57319869334288,-49.9571067811866,-23.323393218814));
#10991=CARTESIAN_POINT('Ctrl Pts',(-9.12659776069617,-49.9250485380259,
-23.3554514619746));
#10992=CARTESIAN_POINT('Ctrl Pts',(-8.94115646846056,-49.9476531085187,
-23.3328468914818));
#10993=CARTESIAN_POINT('Ctrl Pts',(-8.75791053369504,-49.9571067811866,
-23.323393218814));
#10994=CARTESIAN_POINT('Ctrl Pts',(-8.57319869334288,-49.9571067811866,
-23.323393218814));
#10995=CARTESIAN_POINT('Ctrl Pts',(-8.9932779630195,-49.3613416998456,-23.5804676413166));
#10996=CARTESIAN_POINT('Ctrl Pts',(-8.85653906455607,-49.3795123253966,
-23.5653979276547));
#10997=CARTESIAN_POINT('Ctrl Pts',(-8.71743061609375,-49.3880711874577,
-23.5590954792095));
#10998=CARTESIAN_POINT('Ctrl Pts',(-8.57319869334288,-49.3880711874577,
-23.5590954792095));
#10999=CARTESIAN_POINT('Ctrl Pts',(-8.85995816534284,-48.7976348616653,
-23.8054838206586));
#11000=CARTESIAN_POINT('Ctrl Pts',(-8.77192166065159,-48.8113715422746,
-23.7979489638276));
#11001=CARTESIAN_POINT('Ctrl Pts',(-8.67695069849246,-48.8190355937289,
-23.794797739605));
#11002=CARTESIAN_POINT('Ctrl Pts',(-8.57319869334288,-48.8190355937289,
-23.794797739605));
#11003=CARTESIAN_POINT('Ctrl Pts',(-8.72663836766618,-48.233928023485,-24.0305000000005));
#11004=CARTESIAN_POINT('Ctrl Pts',(-8.6873042567471,-48.2432307591525,-24.0305000000005));
#11005=CARTESIAN_POINT('Ctrl Pts',(-8.63647078089118,-48.25,-24.0305000000005));
#11006=CARTESIAN_POINT('Ctrl Pts',(-8.57319869334288,-48.25,-24.0305000000005));
#11007=CARTESIAN_POINT('Ctrl Pts',(-8.57319869334288,-49.9571067811866,
-23.323393218814));
#11008=CARTESIAN_POINT('Ctrl Pts',(-8.75791053369504,-49.9571067811866,
-23.323393218814));
#11009=CARTESIAN_POINT('Ctrl Pts',(-8.94115646846056,-49.9476531085187,
-23.3328468914818));
#11010=CARTESIAN_POINT('Ctrl Pts',(-9.12659776069617,-49.9250485380259,
-23.3554514619746));
#11011=CARTESIAN_POINT('Ctrl Pts',(9.12659776058265,-49.9250485380398,-23.3554514619608));
#11012=CARTESIAN_POINT('Ctrl Pts',(9.44582765579984,-49.8861356577922,-23.394364340766));
#11013=CARTESIAN_POINT('Ctrl Pts',(10.1929428151363,-49.5729431204147,-23.4549991506244));
#11014=CARTESIAN_POINT('Ctrl Pts',(10.545895343839,-48.8361014229167,-23.3646048437214));
#11015=CARTESIAN_POINT('Ctrl Pts',(10.5950312562378,-48.4153714620083,-23.3046677598809));
#11016=CARTESIAN_POINT('Ctrl Pts',(8.9932779629358,-49.3613416998568,-23.5804676413074));
#11017=CARTESIAN_POINT('Ctrl Pts',(9.22866860169249,-49.3300616817637,-23.6064095605108));
#11018=CARTESIAN_POINT('Ctrl Pts',(9.75045385526436,-49.1073444981371,-23.6468327670831));
#11019=CARTESIAN_POINT('Ctrl Pts',(10.0082368840037,-48.5890477484233,-23.5865698958144));
#11020=CARTESIAN_POINT('Ctrl Pts',(10.052213646483,-48.2674028228708,-23.5466118399208));
#11021=CARTESIAN_POINT('Ctrl Pts',(8.85995816528895,-48.7976348616737,-23.8054838206539));
#11022=CARTESIAN_POINT('Ctrl Pts',(9.01150954758513,-48.7739877057353,-23.8184547802557));
#11023=CARTESIAN_POINT('Ctrl Pts',(9.30796489539244,-48.6417458758595,-23.8386663835418));
#11024=CARTESIAN_POINT('Ctrl Pts',(9.4705784241684,-48.3419940739298,-23.8085349479075));
#11025=CARTESIAN_POINT('Ctrl Pts',(9.50939603672828,-48.1194341837332,-23.7885559199607));
#11026=CARTESIAN_POINT('Ctrl Pts',(8.7266383676421,-48.2339280234907,-24.0305000000005));
#11027=CARTESIAN_POINT('Ctrl Pts',(8.79435049347778,-48.2179137297068,-24.0305000000005));
#11028=CARTESIAN_POINT('Ctrl Pts',(8.86547593552051,-48.1761472535819,-24.0305000000005));
#11029=CARTESIAN_POINT('Ctrl Pts',(8.93291996433311,-48.0949403994363,-24.0305000000005));
#11030=CARTESIAN_POINT('Ctrl Pts',(8.96657842697351,-47.9714655445956,-24.0305000000005));
#11031=CARTESIAN_POINT('',(10.5950312562448,-48.4153714620112,-23.3046677598723));
#11032=CARTESIAN_POINT('',(8.96657842697345,-47.9714655445959,-24.0305000000005));
#11033=CARTESIAN_POINT('',(9.12659775924842,-49.9250485387562,-23.3554514610707));
#11034=CARTESIAN_POINT('Ctrl Pts',(10.5950312562378,-48.4153714620083,-23.3046677598809));
#11035=CARTESIAN_POINT('Ctrl Pts',(10.545895343839,-48.8361014229167,-23.3646048437214));
#11036=CARTESIAN_POINT('Ctrl Pts',(10.1929428151363,-49.5729431204147,-23.4549991506244));
#11037=CARTESIAN_POINT('Ctrl Pts',(9.44582765579984,-49.8861356577922,-23.394364340766));
#11038=CARTESIAN_POINT('Ctrl Pts',(9.12659776058265,-49.9250485380398,-23.3554514619608));
#11039=CARTESIAN_POINT('',(9.12659776105534,-49.9250485394992,-23.3554514605013));
#11040=CARTESIAN_POINT('Ctrl Pts',(8.5731986933429,-49.9571067811866,-23.323393218814));
#11041=CARTESIAN_POINT('Ctrl Pts',(8.75791053369505,-49.9571067811866,-23.323393218814));
#11042=CARTESIAN_POINT('Ctrl Pts',(8.94115646846056,-49.9476531085187,-23.3328468914818));
#11043=CARTESIAN_POINT('Ctrl Pts',(9.12659776069616,-49.9250485380259,-23.3554514619746));
#11044=CARTESIAN_POINT('Ctrl Pts',(8.5731986933429,-49.3880711874577,-23.5590954792095));
#11045=CARTESIAN_POINT('Ctrl Pts',(8.71743061609376,-49.3880711874577,-23.5590954792095));
#11046=CARTESIAN_POINT('Ctrl Pts',(8.85653906455607,-49.3795123253966,-23.5653979276547));
#11047=CARTESIAN_POINT('Ctrl Pts',(8.9932779630195,-49.3613416998456,-23.5804676413166));
#11048=CARTESIAN_POINT('Ctrl Pts',(8.5731986933429,-48.8190355937289,-23.794797739605));
#11049=CARTESIAN_POINT('Ctrl Pts',(8.67695069849247,-48.8190355937289,-23.794797739605));
#11050=CARTESIAN_POINT('Ctrl Pts',(8.77192166065159,-48.8113715422746,-23.7979489638276));
#11051=CARTESIAN_POINT('Ctrl Pts',(8.85995816534284,-48.7976348616653,-23.8054838206586));
#11052=CARTESIAN_POINT('Ctrl Pts',(8.57319869334289,-48.25,-24.0305000000005));
#11053=CARTESIAN_POINT('Ctrl Pts',(8.63647078089118,-48.25,-24.0305000000005));
#11054=CARTESIAN_POINT('Ctrl Pts',(8.6873042567471,-48.2432307591525,-24.0305000000005));
#11055=CARTESIAN_POINT('Ctrl Pts',(8.72663836766618,-48.233928023485,-24.0305000000005));
#11056=CARTESIAN_POINT('Ctrl Pts',(9.12659776069616,-49.9250485380259,-23.3554514619746));
#11057=CARTESIAN_POINT('Ctrl Pts',(8.94115646846056,-49.9476531085187,-23.3328468914818));
#11058=CARTESIAN_POINT('Ctrl Pts',(8.75791053369505,-49.9571067811866,-23.323393218814));
#11059=CARTESIAN_POINT('Ctrl Pts',(8.5731986933429,-49.9571067811866,-23.323393218814));
#11060=CARTESIAN_POINT('Ctrl Pts',(10.5950312562377,-48.4153714620091,-23.304667759881));
#11061=CARTESIAN_POINT('Ctrl Pts',(10.6233675315758,-48.1727399643076,-23.2701025380708));
#11062=CARTESIAN_POINT('Ctrl Pts',(10.6339833223104,-47.934029024809,-23.2571531593307));
#11063=CARTESIAN_POINT('Ctrl Pts',(10.6339833223104,-47.6895392218515,-23.2571531593307));
#11064=CARTESIAN_POINT('Ctrl Pts',(10.052213646483,-48.2674028228714,-23.5466118399208));
#11065=CARTESIAN_POINT('Ctrl Pts',(10.0775746826229,-48.0819128476712,-23.523568358714));
#11066=CARTESIAN_POINT('Ctrl Pts',(10.0893222645442,-47.8911517207048,-23.514935439554));
#11067=CARTESIAN_POINT('Ctrl Pts',(10.0893222645442,-47.6895392218515,-23.514935439554));
#11068=CARTESIAN_POINT('Ctrl Pts',(9.50939603672821,-48.1194341837336,-23.7885559199607));
#11069=CARTESIAN_POINT('Ctrl Pts',(9.53178183367009,-47.9910857310348,-23.7770341793573));
#11070=CARTESIAN_POINT('Ctrl Pts',(9.54466120677788,-47.8482744166006,-23.7727177197773));
#11071=CARTESIAN_POINT('Ctrl Pts',(9.54466120677788,-47.6895392218514,-23.7727177197773));
#11072=CARTESIAN_POINT('Ctrl Pts',(8.96657842697345,-47.9714655445959,-24.0305000000005));
#11073=CARTESIAN_POINT('Ctrl Pts',(8.98598898471725,-47.9002586143984,-24.0305000000005));
#11074=CARTESIAN_POINT('Ctrl Pts',(9.00000014901161,-47.8053971124964,-24.0305000000005));
#11075=CARTESIAN_POINT('Ctrl Pts',(9.00000014901161,-47.6895392218514,-24.0305000000005));
#11076=CARTESIAN_POINT('',(10.6339833223104,-47.6895392218514,-23.2571531593307));
#11077=CARTESIAN_POINT('',(10.6339833223104,-47.6895392218514,-23.2571531593307));
#11078=CARTESIAN_POINT('Ctrl Pts',(10.6339833223104,-47.6895392218515,-23.2571531593307));
#11079=CARTESIAN_POINT('Ctrl Pts',(10.6339833223104,-47.934029024809,-23.2571531593307));
#11080=CARTESIAN_POINT('Ctrl Pts',(10.6233675315758,-48.1727399643076,-23.2701025380708));
#11081=CARTESIAN_POINT('Ctrl Pts',(10.5950312562377,-48.4153714620091,-23.304667759881));
#11082=CARTESIAN_POINT('Origin',(-10.2484568930016,-49.8793038219623,-20.5727690532921));
#11083=CARTESIAN_POINT('',(-22.4869773354055,-66.2223380805669,-7.05816191943363));
#11084=CARTESIAN_POINT('',(-10.2484568930016,-51.2935173843354,-21.9869826156652));
#11085=CARTESIAN_POINT('',(-24.0336710167451,-64.8081245181938,-6.91191470365816));
#11086=CARTESIAN_POINT('Origin',(-22.4869773354055,-64.8081245181938,-5.64394835706053));
#11087=CARTESIAN_POINT('',(-11.7951505743412,-49.8793038219623,-21.8407353998897));
#11088=CARTESIAN_POINT('Origin',(-5.00000007450581,-60.125,-13.1555000000005));
#11089=CARTESIAN_POINT('',(22.4869773354055,-66.2223380805669,-7.05816191943363));
#11090=CARTESIAN_POINT('',(2.8271875565118,-42.2408872249715,-31.039612775029));
#11091=CARTESIAN_POINT('',(25.2195846594563,-70.4142135623731,-2.86628643762744));
#11092=CARTESIAN_POINT('Origin',(4.7,-80.8039510664396,7.52345106643909));
#11093=CARTESIAN_POINT('',(-25.2195846594563,-70.4142135623731,-2.86628643762744));
#11094=CARTESIAN_POINT('',(-2.5000000372529,-70.4142135623731,-2.86628643762744));
#11095=CARTESIAN_POINT('Origin',(-4.7,-80.8039510664396,7.52345106643909));
#11096=CARTESIAN_POINT('Origin',(2.8271875565118,-40.8266736625984,-29.6253992126559));
#11097=CARTESIAN_POINT('',(24.0336710167451,-64.8081245181938,-6.91191470365816));
#11098=CARTESIAN_POINT('',(4.3738812378514,-40.8266736625984,-30.8933655592536));
#11099=CARTESIAN_POINT('Origin',(22.4869773354055,-64.8081245181938,-5.64394835706054));
#11100=CARTESIAN_POINT('Origin',(25.2195846594563,-69.,-1.45207287525435));
#11101=CARTESIAN_POINT('Origin',(25.2195846594563,-69.,-1.45207287525435));
#11102=CARTESIAN_POINT('',(27.0038963689742,-69.,-2.35552831039057));
#11103=CARTESIAN_POINT('Origin',(25.2195846594563,-69.,-1.45207287525435));
#11104=CARTESIAN_POINT('Origin',(25.2195846594563,-69.,-1.45207287525436));
#11105=CARTESIAN_POINT('Ctrl Pts',(24.032664700285,-64.8069952664803,-6.91314215117286));
#11106=CARTESIAN_POINT('Ctrl Pts',(25.1851190822697,-66.1001535789727,-5.50753528976808));
#11107=CARTESIAN_POINT('Ctrl Pts',(26.1836300417755,-67.509350900087,-3.97579907116557));
#11108=CARTESIAN_POINT('Ctrl Pts',(27.0046133197927,-69.0013027933325,-2.35411223068128));
#11109=CARTESIAN_POINT('Ctrl Pts',(23.8692609186184,-65.1402669242806,-7.11243954395673));
#11110=CARTESIAN_POINT('Ctrl Pts',(25.0237865054654,-66.4394576748306,-5.73429816890248));
#11111=CARTESIAN_POINT('Ctrl Pts',(26.0284878358299,-67.8553713052585,-4.23043330497546));
#11112=CARTESIAN_POINT('Ctrl Pts',(26.8619162152684,-69.3554137989709,-2.63598223742851));
#11113=CARTESIAN_POINT('Ctrl Pts',(23.3975269414553,-65.7219477654861,-7.30734665143105));
#11114=CARTESIAN_POINT('Ctrl Pts',(24.5284263935477,-67.031219518918,-5.97743480835257));
#11115=CARTESIAN_POINT('Ctrl Pts',(25.516186350154,-68.4590520898509,-4.52664903532299));
#11116=CARTESIAN_POINT('Ctrl Pts',(26.3377841200985,-69.9724442188002,-2.98766943111641));
#11117=CARTESIAN_POINT('Ctrl Pts',(22.7593251490033,-66.1091965494553,-7.17133528295825));
#11118=CARTESIAN_POINT('Ctrl Pts',(23.84073069076,-67.4103290822546,-5.87028495584605));
#11119=CARTESIAN_POINT('Ctrl Pts',(24.7801163785098,-68.8284492260975,-4.45194989141818));
#11120=CARTESIAN_POINT('Ctrl Pts',(25.5552416260828,-70.3307400392534,-2.94980076889849));
#11121=CARTESIAN_POINT('Ctrl Pts',(22.4859300387658,-66.221258628158,-7.05924136478388));
#11122=CARTESIAN_POINT('Ctrl Pts',(23.5461786689309,-67.5144133959569,-5.76608656103025));
#11123=CARTESIAN_POINT('Ctrl Pts',(24.4647995246451,-68.9236067506886,-4.35689330247036));
#11124=CARTESIAN_POINT('Ctrl Pts',(25.2200953290302,-70.4155540480709,-2.86494594283411));
#11125=CARTESIAN_POINT('Origin',(4.7,-79.3897375040665,8.93766462881218));
#11126=CARTESIAN_POINT('Origin',(4.7,-69.,8.93766462881218));
#11127=CARTESIAN_POINT('Origin',(4.7,-69.,8.93766462881218));
#11128=CARTESIAN_POINT('Origin',(-25.2195846594563,-69.,-1.45207287525435));
#11129=CARTESIAN_POINT('Origin',(-25.2195846594563,-69.,-1.45207287525435));
#11130=CARTESIAN_POINT('',(-27.0038963689742,-69.,-2.35552831039057));
#11131=CARTESIAN_POINT('Origin',(-25.2195846594563,-69.,-1.45207287525435));
#11132=CARTESIAN_POINT('Origin',(-25.2195846594563,-69.,-1.45207287525435));
#11133=CARTESIAN_POINT('Origin',(-4.7,-69.,8.93766462881218));
#11134=CARTESIAN_POINT('Origin',(-4.7,-69.,8.93766462881218));
#11135=CARTESIAN_POINT('Ctrl Pts',(-27.0046133197927,-69.0013027933326,
-2.35411223068124));
#11136=CARTESIAN_POINT('Ctrl Pts',(-26.1836300417755,-67.509350900087,-3.97579907116556));
#11137=CARTESIAN_POINT('Ctrl Pts',(-25.1851190822697,-66.1001535789727,
-5.50753528976809));
#11138=CARTESIAN_POINT('Ctrl Pts',(-24.032664700285,-64.8069952664803,-6.91314215117289));
#11139=CARTESIAN_POINT('Ctrl Pts',(-26.8619162152684,-69.3554137989709,
-2.63598223742847));
#11140=CARTESIAN_POINT('Ctrl Pts',(-26.0284878358299,-67.8553713052585,
-4.23043330497544));
#11141=CARTESIAN_POINT('Ctrl Pts',(-25.0237865054654,-66.4394576748306,
-5.73429816890249));
#11142=CARTESIAN_POINT('Ctrl Pts',(-23.8692609186184,-65.1402669242805,
-7.11243954395676));
#11143=CARTESIAN_POINT('Ctrl Pts',(-26.3377841200985,-69.9724442188002,
-2.98766943111639));
#11144=CARTESIAN_POINT('Ctrl Pts',(-25.5161863501541,-68.4590520898509,
-4.52664903532297));
#11145=CARTESIAN_POINT('Ctrl Pts',(-24.5284263935477,-67.031219518918,-5.97743480835258));
#11146=CARTESIAN_POINT('Ctrl Pts',(-23.3975269414553,-65.721947765486,-7.30734665143108));
#11147=CARTESIAN_POINT('Ctrl Pts',(-25.5552416260828,-70.3307400392535,
-2.94980076889845));
#11148=CARTESIAN_POINT('Ctrl Pts',(-24.7801163785098,-68.8284492260975,
-4.45194989141817));
#11149=CARTESIAN_POINT('Ctrl Pts',(-23.84073069076,-67.4103290822546,-5.87028495584606));
#11150=CARTESIAN_POINT('Ctrl Pts',(-22.7593251490033,-66.1091965494553,
-7.17133528295827));
#11151=CARTESIAN_POINT('Ctrl Pts',(-25.2200953290303,-70.415554048071,-2.86494594283407));
#11152=CARTESIAN_POINT('Ctrl Pts',(-24.4647995246451,-68.9236067506886,
-4.35689330247034));
#11153=CARTESIAN_POINT('Ctrl Pts',(-23.5461786689309,-67.5144133959569,
-5.76608656103025));
#11154=CARTESIAN_POINT('Ctrl Pts',(-22.4859300387658,-66.221258628158,-7.05924136478391));
#11155=CARTESIAN_POINT('Origin',(-4.7,-79.3897375040665,8.93766462881218));
#11156=CARTESIAN_POINT('Origin',(-2.5000000372529,-69.,-1.45207287525435));
#11157=CARTESIAN_POINT('Origin',(-19.3112823488591,-69.,1.81523790033216));
#11158=CARTESIAN_POINT('',(-19.3112823488588,-70.,2.2152379003331));
#11159=CARTESIAN_POINT('',(-19.3112823488588,-69.,2.2152379003331));
#11160=CARTESIAN_POINT('',(-19.3112823488588,-70.,1.81523790033216));
#11161=CARTESIAN_POINT('',(-19.3112823488588,-70.,2.2152379003331));
#11162=CARTESIAN_POINT('',(-19.3112823488588,-69.,1.81523790033216));
#11163=CARTESIAN_POINT('Origin',(-18.6112823488589,-69.,1.81523790033216));
#11164=CARTESIAN_POINT('',(-18.6112823488589,-70.,1.11523790033217));
#11165=CARTESIAN_POINT('Origin',(-18.6112823488589,-70.,1.81523790033216));
#11166=CARTESIAN_POINT('',(-18.6112823488589,-69.,1.11523790033217));
#11167=CARTESIAN_POINT('Origin',(-17.0112823488584,-69.,1.11523790033296));
#11168=CARTESIAN_POINT('',(-17.0112823488584,-70.,1.11523790033217));
#11169=CARTESIAN_POINT('',(-18.6112823488589,-70.,1.11523790033217));
#11170=CARTESIAN_POINT('',(-17.0112823488584,-69.,1.11523790033217));
#11171=CARTESIAN_POINT('Origin',(-17.0112823488587,-69.,1.81523790033216));
#11172=CARTESIAN_POINT('',(-16.3112823488587,-70.,1.81523790033216));
#11173=CARTESIAN_POINT('Origin',(-17.0112823488587,-70.,1.81523790033216));
#11174=CARTESIAN_POINT('',(-16.3112823488587,-69.,1.81523790033216));
#11175=CARTESIAN_POINT('Origin',(-17.8112823488589,-70.,2.01523790033263));
#11176=CARTESIAN_POINT('',(-18.6112823488589,-70.,2.91523790033308));
#11177=CARTESIAN_POINT('Origin',(-18.6112823488589,-70.,2.2152379003331));
#11178=CARTESIAN_POINT('',(-17.0112823488587,-70.,2.91523790033308));
#11179=CARTESIAN_POINT('',(-17.0112823488587,-70.,2.91523790033308));
#11180=CARTESIAN_POINT('',(-16.3112823488587,-70.,2.2152379003331));
#11181=CARTESIAN_POINT('Origin',(-17.0112823488587,-70.,2.2152379003331));
#11182=CARTESIAN_POINT('',(-16.3112823488587,-70.,1.81523790033216));
#11183=CARTESIAN_POINT('Origin',(-16.3112823488587,-69.,2.2152379003331));
#11184=CARTESIAN_POINT('',(-16.3112823488587,-69.,2.2152379003331));
#11185=CARTESIAN_POINT('Origin',(-17.0112823488587,-69.,2.2152379003331));
#11186=CARTESIAN_POINT('',(-17.0112823488587,-69.,2.91523790033308));
#11187=CARTESIAN_POINT('Origin',(-18.6112823488589,-69.,2.9152379003323));
#11188=CARTESIAN_POINT('',(-18.6112823488589,-69.,2.91523790033308));
#11189=CARTESIAN_POINT('Origin',(-18.6112823488589,-69.,2.2152379003331));
#11190=CARTESIAN_POINT('Origin',(-17.517813161519,-69.,8.51523790033198));
#11191=CARTESIAN_POINT('',(-13.667813161519,-69.,8.51523790033198));
#11192=CARTESIAN_POINT('',(-21.367813161519,-69.,8.51523790033198));
#11193=CARTESIAN_POINT('Origin',(-21.367813161519,-69.,8.51523790033198));
#11194=CARTESIAN_POINT('',(-21.367813161519,-69.,7.51523790033198));
#11195=CARTESIAN_POINT('Origin',(-17.517813161519,-69.,7.51523790033198));
#11196=CARTESIAN_POINT('',(-13.667813161519,-69.,7.51523790033198));
#11197=CARTESIAN_POINT('Origin',(-13.667813161519,-69.,7.51523790033198));
#11198=CARTESIAN_POINT('Origin',(8.50000000000008,-69.,8.98710000000006));
#11199=CARTESIAN_POINT('',(8.50000000000008,-69.,8.98710000000006));
#11200=CARTESIAN_POINT('',(8.50000000000008,-69.,7.98710000000006));
#11201=CARTESIAN_POINT('Origin',(15.0000000000001,-69.,7.98710000000006));
#11202=CARTESIAN_POINT('',(21.5000000000001,-69.,7.98710000000006));
#11203=CARTESIAN_POINT('Origin',(21.5000000000001,-69.,7.98710000000006));
#11204=CARTESIAN_POINT('',(21.5000000000001,-69.,8.98710000000006));
#11205=CARTESIAN_POINT('Origin',(15.0000000000001,-69.,8.98710000000006));
#11206=CARTESIAN_POINT('Origin',(25.9029240808712,-69.75,-1.76273304703417));
#11207=CARTESIAN_POINT('',(-25.9029240808607,0.,-1.76273304703417));
#11208=CARTESIAN_POINT('',(25.9029240808607,0.,-1.76273304703417));
#11209=CARTESIAN_POINT('Origin',(-4.7,0.,8.93766462881218));
#11210=CARTESIAN_POINT('Origin',(-4.7,0.,8.93766462881218));
#11211=CARTESIAN_POINT('Origin',(4.7,0.,8.93766462881218));
#11212=CARTESIAN_POINT('',(28.45,0.,8.93766462881218));
#11213=CARTESIAN_POINT('',(28.45,0.,8.93766462881218));
#11214=CARTESIAN_POINT('Origin',(4.7,0.,8.93766462881218));
#11215=CARTESIAN_POINT('Origin',(28.45,0.,-1.84609492114128E-16));
#11216=CARTESIAN_POINT('',(28.45,0.,1.50974999999989));
#11217=CARTESIAN_POINT('Origin',(9.81699173566102,0.,-23.6438265796656));
#11218=CARTESIAN_POINT('',(10.6339833223104,0.,-23.2571531593307));
#11219=CARTESIAN_POINT('Origin',(-9.81699173566102,0.,-23.6438265796656));
#11220=CARTESIAN_POINT('',(-10.6339833223104,0.,-23.2571531593307));
#11221=CARTESIAN_POINT('Origin',(-10.0000001490116,0.,-24.0305000000005));
#11222=CARTESIAN_POINT('',(-24.0336710167451,48.9395607872808,-6.91191470365816));
#11223=CARTESIAN_POINT('',(-24.0336710167451,0.,-6.91191470365816));
#11224=CARTESIAN_POINT('',(-23.1333546140344,49.3059285732267,-8.0101407685814));
#11225=CARTESIAN_POINT('',(-20.447723881651,50.3987983491511,-11.2861331443531));
#11226=CARTESIAN_POINT('',(-19.4655224008987,53.2994118576107,-12.4842444571323));
#11227=CARTESIAN_POINT('Ctrl Pts',(-19.4655224008987,53.2994118576107,-12.4842444571323));
#11228=CARTESIAN_POINT('Ctrl Pts',(-19.6575137383112,52.7959383559472,-12.2500491338537));
#11229=CARTESIAN_POINT('Ctrl Pts',(-19.8917589461717,52.3279848329808,-11.9643115952714));
#11230=CARTESIAN_POINT('Ctrl Pts',(-20.4245234526735,51.4734608889212,-11.3144335460161));
#11231=CARTESIAN_POINT('Ctrl Pts',(-20.7267035913044,51.0863957549318,-10.9458274609249));
#11232=CARTESIAN_POINT('Ctrl Pts',(-21.6830238930112,50.0833290205293,-9.77928658864091));
#11233=CARTESIAN_POINT('Ctrl Pts',(-22.397510243287,49.6053673840391,-8.90774017391122));
#11234=CARTESIAN_POINT('Ctrl Pts',(-23.1333546140344,49.3059285732267,-8.0101407685814));
#11235=CARTESIAN_POINT('',(-15.7594385171431,63.018157783825,-17.0050083882104));
#11236=CARTESIAN_POINT('',(-24.7140130917007,39.535895132157,-6.08201823889241));
#11237=CARTESIAN_POINT('',(-10.336095745221,63.0181577838249,-23.6205230819395));
#11238=CARTESIAN_POINT('Origin',(-21.25,39.0676965039495,24.07));
#11239=CARTESIAN_POINT('',(-21.25,32.3676965039495,20.27));
#11240=CARTESIAN_POINT('',(-21.25,39.0676965039495,20.27));
#11241=CARTESIAN_POINT('',(-21.25,32.3676965039495,24.07));
#11242=CARTESIAN_POINT('Origin',(-21.75,32.3676965039495,24.07));
#11243=CARTESIAN_POINT('',(-21.75,31.8676965039495,20.27));
#11244=CARTESIAN_POINT('Origin',(-21.75,32.3676965039495,20.27));
#11245=CARTESIAN_POINT('',(-21.75,31.8676965039495,24.07));
#11246=CARTESIAN_POINT('Origin',(-21.25,31.8676965039495,24.07));
#11247=CARTESIAN_POINT('',(-27.95,31.8676965039495,20.27));
#11248=CARTESIAN_POINT('',(-21.25,31.8676965039495,20.27));
#11249=CARTESIAN_POINT('',(-27.95,31.8676965039495,24.07));
#11250=CARTESIAN_POINT('Origin',(-27.95,32.3676965039495,24.07));
#11251=CARTESIAN_POINT('',(-28.45,32.3676965039495,20.27));
#11252=CARTESIAN_POINT('Origin',(-27.95,32.3676965039495,20.27));
#11253=CARTESIAN_POINT('',(-28.45,32.3676965039495,24.07));
#11254=CARTESIAN_POINT('Origin',(-28.45,31.8676965039495,24.07));
#11255=CARTESIAN_POINT('',(-28.45,31.8676965039495,20.27));
#11256=CARTESIAN_POINT('Origin',(-24.85,35.4676965039495,20.27));
#11257=CARTESIAN_POINT('Origin',(-24.85,35.4676965039495,24.07));
#11258=CARTESIAN_POINT('',(-27.1,35.4676965039495,24.07));
#11259=CARTESIAN_POINT('Origin',(24.85,35.4676965039495,20.27));
#11260=CARTESIAN_POINT('',(21.25,32.3676965039495,20.27));
#11261=CARTESIAN_POINT('',(21.25,39.0676965039495,20.27));
#11262=CARTESIAN_POINT('',(21.75,31.8676965039495,20.27));
#11263=CARTESIAN_POINT('Origin',(21.75,32.3676965039495,20.27));
#11264=CARTESIAN_POINT('',(27.95,31.8676965039495,20.27));
#11265=CARTESIAN_POINT('',(21.25,31.8676965039495,20.27));
#11266=CARTESIAN_POINT('',(28.45,32.3676965039495,20.27));
#11267=CARTESIAN_POINT('Origin',(27.95,32.3676965039495,20.27));
#11268=CARTESIAN_POINT('',(28.45,31.8676965039495,20.27));
#11269=CARTESIAN_POINT('Origin',(28.45,31.8676965039495,24.07));
#11270=CARTESIAN_POINT('',(28.45,32.3676965039495,24.07));
#11271=CARTESIAN_POINT('Origin',(21.75,32.3676965039495,24.07));
#11272=CARTESIAN_POINT('',(21.25,32.3676965039495,24.07));
#11273=CARTESIAN_POINT('',(21.75,31.8676965039495,24.07));
#11274=CARTESIAN_POINT('Origin',(21.25,31.8676965039495,24.07));
#11275=CARTESIAN_POINT('',(27.95,31.8676965039495,24.07));
#11276=CARTESIAN_POINT('Origin',(27.95,32.3676965039495,24.07));
#11277=CARTESIAN_POINT('Origin',(21.25,39.0676965039495,24.07));
#11278=CARTESIAN_POINT('Origin',(24.85,35.4676965039495,24.07));
#11279=CARTESIAN_POINT('',(27.1,35.4676965039495,24.07));
#11280=CARTESIAN_POINT('Origin',(5.00000007450581,64.5181577838249,-23.5305000000005));
#11281=CARTESIAN_POINT('',(7.41383842335205,65.0181577838249,-23.0305000000005));
#11282=CARTESIAN_POINT('',(7.41383842335205,65.0181577838249,-23.0305000000005));
#11283=CARTESIAN_POINT('',(-7.41383842335206,65.0181577838249,-23.0305000000005));
#11284=CARTESIAN_POINT('',(-7.41383842335206,64.0181577838249,-24.0305000000005));
#11285=CARTESIAN_POINT('',(5.00000007450581,65.0181577838249,-23.0305000000005));
#11286=CARTESIAN_POINT('Ctrl Pts',(-7.96432176089006,63.9516663404822,-24.0305000000005));
#11287=CARTESIAN_POINT('Ctrl Pts',(-7.78983767355335,63.9950679456143,-24.0305000000005));
#11288=CARTESIAN_POINT('Ctrl Pts',(-7.60188391989775,64.0181577838248,-24.0305000000005));
#11289=CARTESIAN_POINT('Ctrl Pts',(-7.41383842335206,64.0181577838248,-24.0305000000005));
#11290=CARTESIAN_POINT('Ctrl Pts',(-8.05274900413652,64.3071634882631,-23.6988038478408));
#11291=CARTESIAN_POINT('Ctrl Pts',(-7.84319791909258,64.3360978916845,-23.6965651774995));
#11292=CARTESIAN_POINT('Ctrl Pts',(-7.62862398987767,64.3514911171582,-23.6971666666672));
#11293=CARTESIAN_POINT('Ctrl Pts',(-7.41383842335206,64.3514911171582,-23.6971666666672));
#11294=CARTESIAN_POINT('Ctrl Pts',(-8.14117624738297,64.662660636044,-23.3671076956812));
#11295=CARTESIAN_POINT('Ctrl Pts',(-7.89655816463182,64.6771278377547,-23.3626303549986));
#11296=CARTESIAN_POINT('Ctrl Pts',(-7.65536405985759,64.6848244504915,-23.3638333333339));
#11297=CARTESIAN_POINT('Ctrl Pts',(-7.41383842335206,64.6848244504915,-23.3638333333339));
#11298=CARTESIAN_POINT('Ctrl Pts',(-8.22960349062943,65.0181577838249,-23.0354115435215));
#11299=CARTESIAN_POINT('Ctrl Pts',(-7.94991841017105,65.0181577838249,-23.0286955324976));
#11300=CARTESIAN_POINT('Ctrl Pts',(-7.68210412983751,65.0181577838249,-23.0305000000005));
#11301=CARTESIAN_POINT('Ctrl Pts',(-7.41383842335206,65.0181577838249,-23.0305000000005));
#11302=CARTESIAN_POINT('Ctrl Pts',(-8.22960349062943,65.0181577838249,-23.0354115435215));
#11303=CARTESIAN_POINT('Ctrl Pts',(-7.94991841017105,65.0181577838249,-23.0286955324976));
#11304=CARTESIAN_POINT('Ctrl Pts',(-7.68210412983751,65.0181577838249,-23.0305000000005));
#11305=CARTESIAN_POINT('Ctrl Pts',(-7.41383842335206,65.0181577838249,-23.0305000000005));
#11306=CARTESIAN_POINT('Ctrl Pts',(7.41383842335205,64.0181577838249,-24.0305000000005));
#11307=CARTESIAN_POINT('Ctrl Pts',(7.60188391989775,64.0181577838249,-24.0305000000005));
#11308=CARTESIAN_POINT('Ctrl Pts',(7.78983767355335,63.9950679456143,-24.0305000000005));
#11309=CARTESIAN_POINT('Ctrl Pts',(7.96432176089006,63.9516663404822,-24.0305000000005));
#11310=CARTESIAN_POINT('Ctrl Pts',(7.41383842335205,64.3514911171582,-23.6971666666672));
#11311=CARTESIAN_POINT('Ctrl Pts',(7.62862398987767,64.3514911171582,-23.6971666666672));
#11312=CARTESIAN_POINT('Ctrl Pts',(7.84319791909258,64.3360978916845,-23.6965651774995));
#11313=CARTESIAN_POINT('Ctrl Pts',(8.05274900413652,64.3071634882631,-23.6988038478408));
#11314=CARTESIAN_POINT('Ctrl Pts',(7.41383842335205,64.6848244504915,-23.3638333333339));
#11315=CARTESIAN_POINT('Ctrl Pts',(7.65536405985759,64.6848244504915,-23.3638333333339));
#11316=CARTESIAN_POINT('Ctrl Pts',(7.89655816463181,64.6771278377547,-23.3626303549986));
#11317=CARTESIAN_POINT('Ctrl Pts',(8.14117624738297,64.662660636044,-23.3671076956812));
#11318=CARTESIAN_POINT('Ctrl Pts',(7.41383842335205,65.0181577838249,-23.0305000000005));
#11319=CARTESIAN_POINT('Ctrl Pts',(7.68210412983751,65.0181577838249,-23.0305000000005));
#11320=CARTESIAN_POINT('Ctrl Pts',(7.94991841017105,65.0181577838249,-23.0286955324976));
#11321=CARTESIAN_POINT('Ctrl Pts',(8.22960349062943,65.0181577838249,-23.0354115435215));
#11322=CARTESIAN_POINT('Ctrl Pts',(7.41383842335205,65.0181577838249,-23.0305000000005));
#11323=CARTESIAN_POINT('Ctrl Pts',(7.68210412983751,65.0181577838249,-23.0305000000005));
#11324=CARTESIAN_POINT('Ctrl Pts',(7.94991841017105,65.0181577838249,-23.0286955324976));
#11325=CARTESIAN_POINT('Ctrl Pts',(8.22960349062943,65.0181577838249,-23.0354115435215));
#11326=CARTESIAN_POINT('Origin',(29.7,0.,0.));
#11327=CARTESIAN_POINT('',(15.759438517143,63.018157783825,-17.0050083882104));
#11328=CARTESIAN_POINT('',(20.1860956707152,63.018157783825,-11.6052730819393));
#11329=CARTESIAN_POINT('',(19.4655224011917,53.2994118568424,-12.4842444567749));
#11330=CARTESIAN_POINT('',(27.330877285068,32.6734929263623,-2.88990882394943));
#11331=CARTESIAN_POINT('',(23.1333546140344,49.3059285732266,-8.01014076858141));
#11332=CARTESIAN_POINT('Ctrl Pts',(23.1333546140344,49.3059285732266,-8.01014076858141));
#11333=CARTESIAN_POINT('Ctrl Pts',(22.3967183754086,49.6056896206223,-8.90870611204307));
#11334=CARTESIAN_POINT('Ctrl Pts',(21.6845252657747,50.0821107416553,-9.77745518059695));
#11335=CARTESIAN_POINT('Ctrl Pts',(20.7271116469373,51.0859205212751,-10.9453297055462));
#11336=CARTESIAN_POINT('Ctrl Pts',(20.4263305928694,51.4708275863303,-11.3122291560259));
#11337=CARTESIAN_POINT('Ctrl Pts',(19.8906957054873,52.3296111434829,-11.9656085600157));
#11338=CARTESIAN_POINT('Ctrl Pts',(19.6571028373215,52.7970158929808,-12.2505503600623));
#11339=CARTESIAN_POINT('Ctrl Pts',(19.4655224010657,53.2994118571729,-12.4842444569286));
#11340=CARTESIAN_POINT('',(24.0336710167451,48.9395607872808,-6.91191470365816));
#11341=CARTESIAN_POINT('',(29.6830404106223,46.6406501480948,-0.0206876860722188));
#11342=CARTESIAN_POINT('',(24.0336710167451,0.,-6.91191470365816));
#11343=CARTESIAN_POINT('Origin',(18.6394019893756,63.018157783825,-10.3373067353416));
#11344=CARTESIAN_POINT('',(14.9297397789972,65.018157783825,-14.8624355891892));
#11345=CARTESIAN_POINT('',(18.6394019893756,65.018157783825,-10.3373067353417));
#11346=CARTESIAN_POINT('Origin',(14.2127448358034,63.018157783825,-15.7370420416128));
#11347=CARTESIAN_POINT('Origin',(-27.7,42.5053423449819,13.6457321335842));
#11348=CARTESIAN_POINT('',(-27.7,45.9725750126289,9.57033066881671));
#11349=CARTESIAN_POINT('',(-27.7,44.4026387587836,14.2783981735887));
#11350=CARTESIAN_POINT('Origin',(-27.7,44.0752785988272,8.93766462881219));
#11351=CARTESIAN_POINT('Ctrl Pts',(-27.7,45.9725750126289,9.57033066881671));
#11352=CARTESIAN_POINT('Ctrl Pts',(-27.7,46.0800350979044,9.24806959974064));
#11353=CARTESIAN_POINT('Ctrl Pts',(-27.6932260335884,46.1874951775892,8.9258085474304));
#11354=CARTESIAN_POINT('Ctrl Pts',(-27.67968408351,46.2948603432943,8.60383213178769));
#11355=CARTESIAN_POINT('Ctrl Pts',(-28.2983986006838,45.9725750126289,9.57033066881671));
#11356=CARTESIAN_POINT('Ctrl Pts',(-28.3001246993319,46.0826294060056,9.24051289089974));
#11357=CARTESIAN_POINT('Ctrl Pts',(-28.2948056370548,46.1924678595595,8.91066761074427));
#11358=CARTESIAN_POINT('Ctrl Pts',(-28.2826670105028,46.3024708203401,8.58100914162649));
#11359=CARTESIAN_POINT('Ctrl Pts',(-29.3345122715253,45.4963696547985,9.41153684209786));
#11360=CARTESIAN_POINT('Ctrl Pts',(-29.3389851613532,45.6078315794982,9.06772350412177));
#11361=CARTESIAN_POINT('Ctrl Pts',(-29.3362915275324,45.7194031225504,8.7237117415728));
#11362=CARTESIAN_POINT('Ctrl Pts',(-29.3263367591495,45.8308511956779,8.37984893348867));
#11363=CARTESIAN_POINT('Ctrl Pts',(-29.7,44.5010309184902,9.07963455620175));
#11364=CARTESIAN_POINT('Ctrl Pts',(-29.7020066971638,44.6096794866675,8.7297255692996));
#11365=CARTESIAN_POINT('Ctrl Pts',(-29.6966152404847,44.7183795083704,8.37981615389186));
#11366=CARTESIAN_POINT('Ctrl Pts',(-29.6839290003481,44.8269572172542,8.03005393562295));
#11367=CARTESIAN_POINT('Ctrl Pts',(-29.7,44.0752785988272,8.93766462881219));
#11368=CARTESIAN_POINT('Ctrl Pts',(-29.7,44.1827386841026,8.58738085807732));
#11369=CARTESIAN_POINT('Ctrl Pts',(-29.6926369930308,44.2901987637874,8.2370971055662));
#11370=CARTESIAN_POINT('Ctrl Pts',(-29.677917482076,44.3975639294925,7.88712274073716));
#11371=CARTESIAN_POINT('',(-29.677917482076,44.3975639294925,7.88712274073716));
#11372=CARTESIAN_POINT('Ctrl Pts',(-27.6796892173586,46.294819637829,8.60395420303611));
#11373=CARTESIAN_POINT('Ctrl Pts',(-28.2826706344913,46.3024368682402,8.58111087370573));
#11374=CARTESIAN_POINT('Ctrl Pts',(-28.8790523057344,46.0329479225688,8.46614011747762));
#11375=CARTESIAN_POINT('Ctrl Pts',(-29.2514089565044,45.589655179778,8.30263371354005));
#11376=CARTESIAN_POINT('Ctrl Pts',(-29.5306764445819,45.257185622685,8.18000391058686));
#11377=CARTESIAN_POINT('Ctrl Pts',(-29.6839297975799,44.8269514021884,8.03007289078363));
#11378=CARTESIAN_POINT('Ctrl Pts',(-29.677917482076,44.3975639294925,7.88712274073716));
#11379=CARTESIAN_POINT('Origin',(-4.7,44.0752785988272,8.93766462881218));
#11380=CARTESIAN_POINT('Origin',(-4.7,45.9725750126289,9.57033066881671));
#11381=CARTESIAN_POINT('Ctrl Pts',(-27.6783874132973,46.2903064272564,8.61748026079106));
#11382=CARTESIAN_POINT('Ctrl Pts',(-27.5611449052312,47.2330705748082,5.79144468028145));
#11383=CARTESIAN_POINT('Ctrl Pts',(-26.4322198345947,48.869986995673,0.884615692404176));
#11384=CARTESIAN_POINT('Ctrl Pts',(-23.8233947925409,50.2925423274672,-3.37964404325332));
#11385=CARTESIAN_POINT('Ctrl Pts',(-22.4767970868737,50.8398449198474,-5.02024175146295));
#11386=CARTESIAN_POINT('Ctrl Pts',(-27.9804710703864,46.2943385579073,8.60629575142693));
#11387=CARTESIAN_POINT('Ctrl Pts',(-27.8692680067877,47.2483919607776,5.74654839679133));
#11388=CARTESIAN_POINT('Ctrl Pts',(-26.7397526321777,48.9063721951981,0.776526470716294));
#11389=CARTESIAN_POINT('Ctrl Pts',(-24.1059017489861,50.3500751549262,-3.55106355742156));
#11390=CARTESIAN_POINT('Ctrl Pts',(-22.7438071837779,50.9059740686004,-5.21733538385209));
#11391=CARTESIAN_POINT('Ctrl Pts',(-28.5832409860882,46.1700314346119,8.53982575541979));
#11392=CARTESIAN_POINT('Ctrl Pts',(-28.484038106464,47.1399393445311,5.61056495092384));
#11393=CARTESIAN_POINT('Ctrl Pts',(-27.3531895011343,48.8281179372138,0.510615663132802));
#11394=CARTESIAN_POINT('Ctrl Pts',(-24.6692917987163,50.3028328753794,-3.94692278925339));
#11395=CARTESIAN_POINT('Ctrl Pts',(-23.2762458264089,50.8714014545218,-5.66587952061605));
#11396=CARTESIAN_POINT('Ctrl Pts',(-29.4276309686156,45.5351670612069,8.2930117325463));
#11397=CARTESIAN_POINT('Ctrl Pts',(-29.3350642022205,46.5063766370877,5.2599500748995));
#11398=CARTESIAN_POINT('Ctrl Pts',(-28.1831147884181,48.1974215116229,-0.0278393871075205));
#11399=CARTESIAN_POINT('Ctrl Pts',(-25.4161088313275,49.6758687951917,-4.6609793550402));
#11400=CARTESIAN_POINT('Ctrl Pts',(-23.97653491539,50.2460814710858,-6.44926241810128));
#11401=CARTESIAN_POINT('Ctrl Pts',(-29.6844965949914,44.8223169135017,8.04455245821506));
#11402=CARTESIAN_POINT('Ctrl Pts',(-29.5750381739963,45.7759734727445,4.97439087813836));
#11403=CARTESIAN_POINT('Ctrl Pts',(-28.3802976563178,47.433407642173,-0.366715901110281));
#11404=CARTESIAN_POINT('Ctrl Pts',(-25.5641393753474,48.877290366125,-5.02862350996799));
#11405=CARTESIAN_POINT('Ctrl Pts',(-24.1046547597174,49.4334031152773,-6.82553167017276));
#11406=CARTESIAN_POINT('Ctrl Pts',(-29.678520264963,44.3929291892498,7.9015554013092));
#11407=CARTESIAN_POINT('Ctrl Pts',(-29.5511152564693,45.3357578720906,4.82955193598323));
#11408=CARTESIAN_POINT('Ctrl Pts',(-28.324004816611,46.9727946242749,-0.504376223670567));
#11409=CARTESIAN_POINT('Ctrl Pts',(-25.4881499689784,48.3954704548023,-5.1398521114069));
#11410=CARTESIAN_POINT('Ctrl Pts',(-24.0243515813109,48.9428219681899,-6.92327589185287));
#11411=CARTESIAN_POINT('Origin',(-22.4869773354055,48.9395607872808,-5.64394835706053));
#11412=CARTESIAN_POINT('Origin',(-4.7,44.0751403953579,8.93766462881218));
#11413=CARTESIAN_POINT('Ctrl Pts',(-21.5866695930457,51.2031370054495,-6.10924459555152));
#11414=CARTESIAN_POINT('Ctrl Pts',(-20.8508191793524,51.4235822001287,-6.7700604982608));
#11415=CARTESIAN_POINT('Ctrl Pts',(-20.1363265887037,51.7753964339346,-7.41158235547571));
#11416=CARTESIAN_POINT('Ctrl Pts',(-19.1800008138003,52.5138373406074,-8.27037154410186));
#11417=CARTESIAN_POINT('Ctrl Pts',(-18.8778203499244,52.7987543730654,-8.54170449491311));
#11418=CARTESIAN_POINT('Ctrl Pts',(-18.3450551911674,53.4278473166512,-9.02013529571168));
#11419=CARTESIAN_POINT('Ctrl Pts',(-18.1108096547178,53.7722414991586,-9.23043277308452));
#11420=CARTESIAN_POINT('Ctrl Pts',(-17.9188180192322,54.1429339684834,-9.40286407939048));
#11421=CARTESIAN_POINT('Ctrl Pts',(-21.8532314679519,51.2687374728541,-6.30588566524532));
#11422=CARTESIAN_POINT('Ctrl Pts',(-21.1331395728246,51.5149275152826,-6.96186121809935));
#11423=CARTESIAN_POINT('Ctrl Pts',(-20.4373451089477,51.8921326081938,-7.58897667075062));
#11424=CARTESIAN_POINT('Ctrl Pts',(-19.514102139665,52.6521188543273,-8.41010907966185));
#11425=CARTESIAN_POINT('Ctrl Pts',(-19.2238678883518,52.94123069435,-8.66617046002178));
#11426=CARTESIAN_POINT('Ctrl Pts',(-18.7150600102387,53.5686498565817,-9.11163798714305));
#11427=CARTESIAN_POINT('Ctrl Pts',(-18.4928835174833,53.9072929167721,-9.30425855186701));
#11428=CARTESIAN_POINT('Ctrl Pts',(-18.3118400900921,54.2661476013183,-9.46017535979117));
#11429=CARTESIAN_POINT('Ctrl Pts',(-22.3842435700884,51.2333110194474,-6.75302302286595));
#11430=CARTESIAN_POINT('Ctrl Pts',(-21.6953357456414,51.5229932371015,-7.42494348992502));
#11431=CARTESIAN_POINT('Ctrl Pts',(-21.0360396791146,51.9478142706098,-8.05357585243755));
#11432=CARTESIAN_POINT('Ctrl Pts',(-20.1780211674547,52.7615043726489,-8.84980778503278));
#11433=CARTESIAN_POINT('Ctrl Pts',(-19.9113307812553,53.065241460411,-9.09286975287103));
#11434=CARTESIAN_POINT('Ctrl Pts',(-19.4497949642952,53.7079944259967,-9.50595337601471));
#11435=CARTESIAN_POINT('Ctrl Pts',(-19.251356102225,54.0474830168155,-9.67917808670667));
#11436=CARTESIAN_POINT('Ctrl Pts',(-19.0919658769106,54.3981044647278,-9.81603476767857));
#11437=CARTESIAN_POINT('Ctrl Pts',(-23.0855788310541,50.6090234919535,-7.5362319149301));
#11438=CARTESIAN_POINT('Ctrl Pts',(-22.4182688759132,50.9301656532014,-8.3020342108002));
#11439=CARTESIAN_POINT('Ctrl Pts',(-21.7852536031886,51.404064312577,-9.02244747672014));
#11440=CARTESIAN_POINT('Ctrl Pts',(-20.9699145695676,52.3148714651448,-9.93937809360188));
#11441=CARTESIAN_POINT('Ctrl Pts',(-20.718373112618,52.6552906704012,-10.2201562850202));
#11442=CARTESIAN_POINT('Ctrl Pts',(-20.286508939865,53.3759335390904,-10.6984766279805));
#11443=CARTESIAN_POINT('Ctrl Pts',(-20.102964886305,53.7567394130451,-10.8997128649624));
#11444=CARTESIAN_POINT('Ctrl Pts',(-19.956582645673,54.1496656598635,-11.0589344154731));
#11445=CARTESIAN_POINT('Ctrl Pts',(-23.2135884820766,49.7963757173543,-7.91226968438594));
#11446=CARTESIAN_POINT('Ctrl Pts',(-22.5130101056929,50.1044766508529,-8.76773807389818));
#11447=CARTESIAN_POINT('Ctrl Pts',(-21.8372653120363,50.5812207857802,-9.58983658476286));
#11448=CARTESIAN_POINT('Ctrl Pts',(-20.9490094331087,51.5502028492649,-10.6737756666051));
#11449=CARTESIAN_POINT('Ctrl Pts',(-20.670944094185,51.919886139375,-11.0130631201859));
#11450=CARTESIAN_POINT('Ctrl Pts',(-20.1859127826022,52.724168460971,-11.605228421069));
#11451=CARTESIAN_POINT('Ctrl Pts',(-19.9750277000505,53.159262167409,-11.8622360922248));
#11452=CARTESIAN_POINT('Ctrl Pts',(-19.8044044244479,53.6209245223049,-12.0708685927417));
#11453=CARTESIAN_POINT('Ctrl Pts',(-23.1333705317368,49.3059220958293,-8.01012135181235));
#11454=CARTESIAN_POINT('Ctrl Pts',(-22.3975205470811,49.6053604912422,-8.90772760511296));
#11455=CARTESIAN_POINT('Ctrl Pts',(-21.6830284655035,50.0833242245264,-9.77928101101264));
#11456=CARTESIAN_POINT('Ctrl Pts',(-20.7267035913044,51.0863957549318,-10.9458274609249));
#11457=CARTESIAN_POINT('Ctrl Pts',(-20.4245234526735,51.4734608889212,-11.3144335460161));
#11458=CARTESIAN_POINT('Ctrl Pts',(-19.8917589461717,52.3279848329808,-11.9643115952714));
#11459=CARTESIAN_POINT('Ctrl Pts',(-19.6575137383112,52.7959383559472,-12.2500491338537));
#11460=CARTESIAN_POINT('Ctrl Pts',(-19.4655224008987,53.2994118576107,-12.4842444571323));
#11461=CARTESIAN_POINT('Origin',(-17.9188287195591,53.2994118576107,-11.2162781105347));
#11462=CARTESIAN_POINT('Origin',(-21.5866609326948,49.3059285732267,-6.74217442198378));
#11463=CARTESIAN_POINT('',(-19.502288713708,52.2649883926897,-7.98096614316086));
#11464=CARTESIAN_POINT('Origin',(-23.5333976490076,56.4267496106459,-4.36076658008844));
#11465=CARTESIAN_POINT('',(-18.6066857229778,53.1189274700763,-8.78519899322787));
#11466=CARTESIAN_POINT('Origin',(-23.2786497983319,56.2389720581325,-4.58986294402729));
#11467=CARTESIAN_POINT('Origin',(-20.7910070859665,54.9974433125192,-6.82426917605166));
#11468=CARTESIAN_POINT('Origin',(-23.1673194103611,39.535895132157,-4.81405189229478));
#11469=CARTESIAN_POINT('',(-14.9297397789972,65.018157783825,-14.8624355891892));
#11470=CARTESIAN_POINT('Origin',(-13.4500777361812,65.018157783825,-16.667360410958));
#11471=CARTESIAN_POINT('Origin',(-14.2127448358035,63.018157783825,-15.7370420416128));
#11472=CARTESIAN_POINT('Origin',(-8.78940206388142,63.0181577838249,-22.3525567353419));
#11473=CARTESIAN_POINT('',(-8.78940206388142,65.0181577838249,-22.3525567353419));
#11474=CARTESIAN_POINT('Origin',(-18.9010302003114,50.3987983491511,-10.0181667977555));
#11475=CARTESIAN_POINT('Origin',(-4.7,0.,8.93766462881218));
#11476=CARTESIAN_POINT('Origin',(0.,65.018157783825,-14.4615743224306));
#11477=CARTESIAN_POINT('Origin',(13.4500777361812,65.0181577838249,-16.667360410958));
#11478=CARTESIAN_POINT('Origin',(25.7841836037284,32.6734929263623,-1.6219424773518));
#11479=CARTESIAN_POINT('Origin',(17.9188287198521,53.2994118568424,-11.2162781101773));
#11480=CARTESIAN_POINT('Ctrl Pts',(17.9188287197261,54.1429373227326,-9.40286563961395));
#11481=CARTESIAN_POINT('Ctrl Pts',(18.1104091559818,53.7730385335962,-9.23080382060986));
#11482=CARTESIAN_POINT('Ctrl Pts',(18.3440020241476,53.4290671164492,-9.02110744569466));
#11483=CARTESIAN_POINT('Ctrl Pts',(18.8796369115299,52.7967958573614,-8.54006713442474));
#11484=CARTESIAN_POINT('Ctrl Pts',(19.1804179655976,52.5134936016797,-8.27001395562866));
#11485=CARTESIAN_POINT('Ctrl Pts',(20.137831584435,51.7744798154954,-7.41021628878444));
#11486=CARTESIAN_POINT('Ctrl Pts',(20.850024694069,51.4238269905077,-6.77078609321617));
#11487=CARTESIAN_POINT('Ctrl Pts',(21.5866609326948,51.2031435600979,-6.10926424384541));
#11488=CARTESIAN_POINT('Ctrl Pts',(18.3118471701169,54.2661487985482,-9.46017858919269));
#11489=CARTESIAN_POINT('Ctrl Pts',(18.4925029310549,53.9080622118361,-9.30459564807777));
#11490=CARTESIAN_POINT('Ctrl Pts',(18.7140478504143,53.5698675028885,-9.11255108832941));
#11491=CARTESIAN_POINT('Ctrl Pts',(19.2256066516202,52.939261928656,-8.66463277836321));
#11492=CARTESIAN_POINT('Ctrl Pts',(19.5144999819867,52.6517618795553,-8.40977212754768));
#11493=CARTESIAN_POINT('Ctrl Pts',(20.4388059069058,51.8911714541211,-7.58764741471568));
#11494=CARTESIAN_POINT('Ctrl Pts',(21.132359730952,51.5151979624865,-6.96258037729816));
#11495=CARTESIAN_POINT('Ctrl Pts',(21.8532207102207,51.2687424768866,-6.30590391303219));
#11496=CARTESIAN_POINT('Ctrl Pts',(19.0919681189549,54.3981038202341,-9.81603799033252));
#11497=CARTESIAN_POINT('Ctrl Pts',(19.251017182578,54.0482326653034,-9.67947415308316));
#11498=CARTESIAN_POINT('Ctrl Pts',(19.4488656086733,53.7092430977543,-9.50680800767796));
#11499=CARTESIAN_POINT('Ctrl Pts',(19.9129170294447,53.0632053447657,-9.09142160803288));
#11500=CARTESIAN_POINT('Ctrl Pts',(20.1783818970629,52.7611183769181,-8.84948434857091));
#11501=CARTESIAN_POINT('Ctrl Pts',(21.0374140927227,51.9467654101853,-8.05225295631162));
#11502=CARTESIAN_POINT('Ctrl Pts',(21.6945867604133,51.5233095634562,-7.42567790128032));
#11503=CARTESIAN_POINT('Ctrl Pts',(22.3842304863537,51.2333156670524,-6.75303958848356));
#11504=CARTESIAN_POINT('Ctrl Pts',(19.9565826458003,54.1496656595218,-11.0589344153346));
#11505=CARTESIAN_POINT('Ctrl Pts',(20.1026515981751,53.7575803561666,-10.9000536318578));
#11506=CARTESIAN_POINT('Ctrl Pts',(20.2856335275556,53.3773258446276,-10.6994531379857));
#11507=CARTESIAN_POINT('Ctrl Pts',(20.7198673017419,52.6530208026702,-10.2184890338436));
#11508=CARTESIAN_POINT('Ctrl Pts',(20.9702556290206,52.3144394313699,-9.93899830358956));
#11509=CARTESIAN_POINT('Ctrl Pts',(21.7865746408264,51.4029067371765,-9.02094224478579));
#11510=CARTESIAN_POINT('Ctrl Pts',(22.4175416372239,50.9305180795691,-8.30286869998629));
#11511=CARTESIAN_POINT('Ctrl Pts',(23.0855643959929,50.6090304388368,-7.53624848054896));
#11512=CARTESIAN_POINT('Ctrl Pts',(19.8044044245966,53.6209245219034,-12.0708685925602));
#11513=CARTESIAN_POINT('Ctrl Pts',(19.9746625311139,53.1602502199699,-11.8626826087283));
#11514=CARTESIAN_POINT('Ctrl Pts',(20.1849371025544,52.7257069683742,-11.6064175041356));
#11515=CARTESIAN_POINT('Ctrl Pts',(20.6725972459286,51.9173884884248,-11.0110378121227));
#11516=CARTESIAN_POINT('Ctrl Pts',(20.9493801597625,51.5497430732826,-10.6733161144378));
#11517=CARTESIAN_POINT('Ctrl Pts',(21.838670294346,50.5800268406764,-9.58811456724803));
#11518=CARTESIAN_POINT('Ctrl Pts',(22.5122464495934,50.1048150844837,-8.76867052181505));
#11519=CARTESIAN_POINT('Ctrl Pts',(23.2135733273605,49.7963823821358,-7.91228818963911));
#11520=CARTESIAN_POINT('Ctrl Pts',(19.4655224010657,53.2994118571729,-12.4842444569286));
#11521=CARTESIAN_POINT('Ctrl Pts',(19.6571028373215,52.7970158929808,-12.2505503600623));
#11522=CARTESIAN_POINT('Ctrl Pts',(19.8906957054873,52.3296111434829,-11.9656085600157));
#11523=CARTESIAN_POINT('Ctrl Pts',(20.4263305928694,51.4708275863303,-11.3122291560259));
#11524=CARTESIAN_POINT('Ctrl Pts',(20.7271116469373,51.0859205212751,-10.9453297055462));
#11525=CARTESIAN_POINT('Ctrl Pts',(21.6845252657747,50.0821107416553,-9.77745518059695));
#11526=CARTESIAN_POINT('Ctrl Pts',(22.3967183754086,49.6056896206223,-8.90870611204307));
#11527=CARTESIAN_POINT('Ctrl Pts',(23.1333546140344,49.3059285732266,-8.01014076858141));
#11528=CARTESIAN_POINT('Origin',(21.5866609326948,49.3059285732266,-6.74217442198378));
#11529=CARTESIAN_POINT('',(18.6068158484391,53.1188378347302,-8.78508091564052));
#11530=CARTESIAN_POINT('Origin',(21.2371986757258,55.2504316155634,-6.42310390175326));
#11531=CARTESIAN_POINT('',(19.502495473901,52.2648866109242,-7.98077481725213));
#11532=CARTESIAN_POINT('Origin',(56.5112174150291,84.9078596379851,25.2489919522439));
#11533=CARTESIAN_POINT('Ctrl Pts',(19.5025023403176,52.26488131066,-7.98076865092169));
#11534=CARTESIAN_POINT('Ctrl Pts',(20.137831584435,51.7744798154954,-7.41021628878444));
#11535=CARTESIAN_POINT('Ctrl Pts',(20.850024694069,51.4238269905077,-6.77078609321617));
#11536=CARTESIAN_POINT('Ctrl Pts',(21.5866609326948,51.2031435600979,-6.10926424384541));
#11537=CARTESIAN_POINT('Ctrl Pts',(27.67968408351,46.2948603432943,8.60383213178769));
#11538=CARTESIAN_POINT('Ctrl Pts',(27.6932260335884,46.1874951775892,8.9258085474304));
#11539=CARTESIAN_POINT('Ctrl Pts',(27.7,46.0800350979044,9.24806959974064));
#11540=CARTESIAN_POINT('Ctrl Pts',(27.7,45.9725750126289,9.57033066881672));
#11541=CARTESIAN_POINT('Ctrl Pts',(28.2826670105028,46.3024708203401,8.58100914162649));
#11542=CARTESIAN_POINT('Ctrl Pts',(28.2948056370548,46.1924678595595,8.91066761074427));
#11543=CARTESIAN_POINT('Ctrl Pts',(28.3001246993319,46.0826294060056,9.24051289089974));
#11544=CARTESIAN_POINT('Ctrl Pts',(28.2983986006838,45.9725750126289,9.57033066881672));
#11545=CARTESIAN_POINT('Ctrl Pts',(29.3263367591495,45.8308511956779,8.37984893348867));
#11546=CARTESIAN_POINT('Ctrl Pts',(29.3362915275324,45.7194031225504,8.7237117415728));
#11547=CARTESIAN_POINT('Ctrl Pts',(29.3389851613532,45.6078315794982,9.06772350412178));
#11548=CARTESIAN_POINT('Ctrl Pts',(29.3345122715253,45.4963696547985,9.41153684209787));
#11549=CARTESIAN_POINT('Ctrl Pts',(29.6839290003481,44.8269572172542,8.03005393562295));
#11550=CARTESIAN_POINT('Ctrl Pts',(29.6966152404847,44.7183795083704,8.37981615389187));
#11551=CARTESIAN_POINT('Ctrl Pts',(29.7020066971638,44.6096794866675,8.7297255692996));
#11552=CARTESIAN_POINT('Ctrl Pts',(29.7,44.5010309184902,9.07963455620176));
#11553=CARTESIAN_POINT('Ctrl Pts',(29.677917482076,44.3975639294925,7.88712274073716));
#11554=CARTESIAN_POINT('Ctrl Pts',(29.6926369930308,44.2901987637874,8.2370971055662));
#11555=CARTESIAN_POINT('Ctrl Pts',(29.7,44.1827386841026,8.58738085807733));
#11556=CARTESIAN_POINT('Ctrl Pts',(29.7,44.0752785988272,8.93766462881219));
#11557=CARTESIAN_POINT('',(29.677917482076,44.3975639294925,7.88712274073716));
#11558=CARTESIAN_POINT('Ctrl Pts',(29.677917482076,44.3975639294925,7.88712274073716));
#11559=CARTESIAN_POINT('Ctrl Pts',(29.6839297975799,44.8269514021884,8.03007289078363));
#11560=CARTESIAN_POINT('Ctrl Pts',(29.5306764445819,45.257185622685,8.18000391058686));
#11561=CARTESIAN_POINT('Ctrl Pts',(29.2514089565044,45.589655179778,8.30263371354005));
#11562=CARTESIAN_POINT('Ctrl Pts',(28.8790523057344,46.0329479225688,8.46614011747762));
#11563=CARTESIAN_POINT('Ctrl Pts',(28.2826706344913,46.3024368682402,8.58111087370573));
#11564=CARTESIAN_POINT('Ctrl Pts',(27.6796892173586,46.294819637829,8.60395420303611));
#11565=CARTESIAN_POINT('Origin',(27.7,44.0752785988272,8.93766462881219));
#11566=CARTESIAN_POINT('Origin',(4.70000000000001,44.0752785988272,8.93766462881218));
#11567=CARTESIAN_POINT('Ctrl Pts',(22.4767970868737,50.8398449198475,-5.02024175146296));
#11568=CARTESIAN_POINT('Ctrl Pts',(23.8233947925409,50.2925423274673,-3.37964404325333));
#11569=CARTESIAN_POINT('Ctrl Pts',(26.4322198345947,48.869986995673,0.884615692404181));
#11570=CARTESIAN_POINT('Ctrl Pts',(27.5611449052312,47.2330705748082,5.79144468028146));
#11571=CARTESIAN_POINT('Ctrl Pts',(27.6783874132973,46.2903064272564,8.61748026079107));
#11572=CARTESIAN_POINT('Ctrl Pts',(22.7438071837779,50.9059740686004,-5.21733538385209));
#11573=CARTESIAN_POINT('Ctrl Pts',(24.1059017489861,50.3500751549262,-3.55106355742156));
#11574=CARTESIAN_POINT('Ctrl Pts',(26.7397526321777,48.9063721951981,0.776526470716302));
#11575=CARTESIAN_POINT('Ctrl Pts',(27.8692680067877,47.2483919607776,5.74654839679133));
#11576=CARTESIAN_POINT('Ctrl Pts',(27.9804710703864,46.2943385579072,8.60629575142694));
#11577=CARTESIAN_POINT('Ctrl Pts',(23.2762458264089,50.8714014545218,-5.66587952061605));
#11578=CARTESIAN_POINT('Ctrl Pts',(24.6692917987164,50.3028328753795,-3.94692278925339));
#11579=CARTESIAN_POINT('Ctrl Pts',(27.3531895011343,48.8281179372137,0.510615663132802));
#11580=CARTESIAN_POINT('Ctrl Pts',(28.484038106464,47.1399393445311,5.61056495092385));
#11581=CARTESIAN_POINT('Ctrl Pts',(28.5832409860882,46.1700314346119,8.53982575541981));
#11582=CARTESIAN_POINT('Ctrl Pts',(23.97653491539,50.2460814710858,-6.44926241810128));
#11583=CARTESIAN_POINT('Ctrl Pts',(25.4161088313276,49.6758687951917,-4.6609793550402));
#11584=CARTESIAN_POINT('Ctrl Pts',(28.1831147884181,48.1974215116229,-0.0278393871075144));
#11585=CARTESIAN_POINT('Ctrl Pts',(29.3350642022205,46.5063766370877,5.25995007489951));
#11586=CARTESIAN_POINT('Ctrl Pts',(29.4276309686156,45.5351670612069,8.2930117325463));
#11587=CARTESIAN_POINT('Ctrl Pts',(24.1046547597174,49.4334031152774,-6.82553167017277));
#11588=CARTESIAN_POINT('Ctrl Pts',(25.5641393753474,48.877290366125,-5.02862350996799));
#11589=CARTESIAN_POINT('Ctrl Pts',(28.3802976563178,47.433407642173,-0.366715901110278));
#11590=CARTESIAN_POINT('Ctrl Pts',(29.5750381739963,45.7759734727445,4.97439087813836));
#11591=CARTESIAN_POINT('Ctrl Pts',(29.6844965949914,44.8223169135017,8.04455245821508));
#11592=CARTESIAN_POINT('Ctrl Pts',(24.0243515813109,48.9428219681899,-6.92327589185287));
#11593=CARTESIAN_POINT('Ctrl Pts',(25.4881499689784,48.3954704548023,-5.1398521114069));
#11594=CARTESIAN_POINT('Ctrl Pts',(28.324004816611,46.9727946242749,-0.504376223670563));
#11595=CARTESIAN_POINT('Ctrl Pts',(29.5511152564693,45.3357578720906,4.82955193598324));
#11596=CARTESIAN_POINT('Ctrl Pts',(29.678520264963,44.3929291892498,7.90155540130921));
#11597=CARTESIAN_POINT('Origin',(4.70000000000001,44.0751403953579,8.93766462881218));
#11598=CARTESIAN_POINT('Origin',(22.4869773354055,48.9395607872808,-5.64394835706053));
#11599=CARTESIAN_POINT('Origin',(27.7,37.9935829777123,27.1760061267888));
#11600=CARTESIAN_POINT('Origin',(28.1363467292827,46.6406501480948,1.24727866052541));
#11601=CARTESIAN_POINT('Origin',(4.70000000000001,0.,8.93766462881218));
#11602=CARTESIAN_POINT('Origin',(-8.88178419700125E-15,-2.2,0.616714243259762));
#11603=CARTESIAN_POINT('',(8.60336402572901,-2.2,-19.0305000000005));
#11604=CARTESIAN_POINT('',(-8.60336402572899,-2.2,-19.0305000000005));
#11605=CARTESIAN_POINT('',(7.04947884637781,-2.2,-19.0305000000005));
#11606=CARTESIAN_POINT('',(6.71327607616495,-2.2,-21.3360715134806));
#11607=CARTESIAN_POINT('',(20.7469469438984,-2.2,-4.21748621713821));
#11608=CARTESIAN_POINT('',(-6.71327607616495,-2.2,-21.3360715134806));
#11609=CARTESIAN_POINT('',(-6.71327607616495,-2.2,-21.3360715134806));
#11610=CARTESIAN_POINT('',(-20.7469469438984,-2.2,-4.21748621713821));
#11611=CARTESIAN_POINT('Origin',(-20.7469469438984,0.,-4.21748621713821));
#11612=CARTESIAN_POINT('',(-8.60336402572899,0.,-19.0305000000005));
#11613=CARTESIAN_POINT('',(-8.60336402572899,0.,-19.0305000000005));
#11614=CARTESIAN_POINT('',(-6.71327607616495,0.,-21.3360715134806));
#11615=CARTESIAN_POINT('',(-6.71327607616495,0.,-21.3360715134806));
#11616=CARTESIAN_POINT('',(-20.7469469438984,0.,-4.21748621713821));
#11617=CARTESIAN_POINT('Origin',(6.71327607616495,0.,-21.3360715134806));
#11618=CARTESIAN_POINT('',(8.60336402572901,0.,-19.0305000000005));
#11619=CARTESIAN_POINT('',(8.60336402572901,0.,-19.0305000000005));
#11620=CARTESIAN_POINT('',(6.71327607616495,0.,-21.3360715134806));
#11621=CARTESIAN_POINT('',(20.7469469438984,0.,-4.21748621713821));
#11622=CARTESIAN_POINT('',(6.71327607616495,0.,-21.3360715134806));
#11623=CARTESIAN_POINT('Origin',(-6.71327607616495,0.,-21.3360715134806));
#11624=CARTESIAN_POINT('',(-6.71327607616495,0.,-21.3360715134806));
#11625=CARTESIAN_POINT('Origin',(14.0989576927556,0.,-19.0305000000005));
#11626=CARTESIAN_POINT('',(7.04947884637782,0.,-19.0305000000005));
#11627=CARTESIAN_POINT('',(7.04947884637782,0.,-19.0305000000005));
#11628=CARTESIAN_POINT('Origin',(0.,0.,3.01949999999978));
#11629=CARTESIAN_POINT('',(12.4242062396288,0.,-13.1612916443578));
#11630=CARTESIAN_POINT('Origin',(12.6442789494753,0.,-12.1776087674199));
#11631=CARTESIAN_POINT('',(4.78447795673204,0.,-11.4521069618496));
#11632=CARTESIAN_POINT('Origin',(-12.6442789494752,0.,-12.1776087674199));
#11633=CARTESIAN_POINT('Origin',(-12.6442789494752,0.,-12.1776087674199));
#11634=CARTESIAN_POINT('Origin',(-19.3670388239795,37.159,0.621638100144254));
#11635=CARTESIAN_POINT('',(16.5014181486426,37.159,-9.5039991059307));
#11636=CARTESIAN_POINT('',(22.0549818973442,37.159,-1.00415806719807));
#11637=CARTESIAN_POINT('',(16.5014181486426,37.159,-9.5039991059307));
#11638=CARTESIAN_POINT('',(-16.5011553255376,37.159,-9.5039991059307));
#11639=CARTESIAN_POINT('',(22.0548229355933,37.159,-1.00399910593069));
#11640=CARTESIAN_POINT('Origin',(15.0082588340285,45.409,-9.50399910593069));
#11641=CARTESIAN_POINT('',(16.5014181486426,45.409,-9.5039991059307));
#11642=CARTESIAN_POINT('',(16.5014181486426,37.159,-9.5039991059307));
#11643=CARTESIAN_POINT('',(15.471100802294,45.9265187953478,-9.50399910593069));
#11644=CARTESIAN_POINT('Origin',(-9.4903743084587,45.784,11.1124153480315));
#11645=CARTESIAN_POINT('',(-22.0549602031852,45.409,-1.00419127041982));
#11646=CARTESIAN_POINT('',(-22.0548229355933,45.409,-1.00399910593069));
#11647=CARTESIAN_POINT('',(-14.9527266875756,49.6469943608305,1.0392073990247));
#11648=CARTESIAN_POINT('Origin',(-15.6024120436124,45.784,-9.73729085052495));
#11649=CARTESIAN_POINT('',(-16.5014181486426,45.409,-9.5039991059307));
#11650=CARTESIAN_POINT('Origin',(-22.0550857586983,37.159,-1.0039991059307));
#11651=CARTESIAN_POINT('',(-22.0549818973359,37.159,-1.00415806712358));
#11652=CARTESIAN_POINT('',(-22.0549818973999,37.159,-1.00415806773729));
#11653=CARTESIAN_POINT('',(-16.5014181486426,37.159,-9.5039991059307));
#11654=CARTESIAN_POINT('Origin',(-18.8035485234434,37.159,2.2472753062192));
#11655=CARTESIAN_POINT('',(-22.0548229355933,37.159,-1.00399910593069));
#11656=CARTESIAN_POINT('Origin',(-19.3670388239795,37.159,0.621638100144254));
#11657=CARTESIAN_POINT('Origin',(18.4498929544887,54.409,1.70529810951047));
#11658=CARTESIAN_POINT('',(18.4498929544887,45.4675044435643,2.53066461024239));
#11659=CARTESIAN_POINT('Origin',(9.4903743084587,45.784,11.1124153480315));
#11660=CARTESIAN_POINT('',(22.0549602032239,45.409,-1.00419127045226));
#11661=CARTESIAN_POINT('',(14.9527266875756,49.6469943608305,1.0392073990247));
#11662=CARTESIAN_POINT('',(22.0548229355933,45.409,-1.00399910593069));
#11663=CARTESIAN_POINT('Origin',(15.6024120436124,45.784,-9.73729085052495));
#11664=CARTESIAN_POINT('',(16.5014181486426,45.409,-9.5039991059307));
#11665=CARTESIAN_POINT('Origin',(22.0550857586983,37.159,-1.0039991059307));
#11666=CARTESIAN_POINT('',(22.0549818973999,37.159,-1.00415806773729));
#11667=CARTESIAN_POINT('Origin',(18.8035485234434,37.159,2.2472753062192));
#11668=CARTESIAN_POINT('Origin',(12.4242062396288,0.,-13.1612916443578));
#11669=CARTESIAN_POINT('',(12.4242062396288,0.,-13.1612916443578));
#11670=CARTESIAN_POINT('Origin',(12.6442789494753,0.,-12.1776087674199));
#11671=CARTESIAN_POINT('',(13.6522789494753,0.,-12.17760876742));
#11672=CARTESIAN_POINT('Origin',(13.6522789494755,0.,-10.7073954110144));
#11673=CARTESIAN_POINT('Origin',(0.,44.5610722506409,13.8032734206863));
#11674=CARTESIAN_POINT('Origin',(-30.,56.4963660834178,-4.34342769156962));
#11675=CARTESIAN_POINT('Origin',(-30.,56.4963660834178,-4.34342769156962));
#11676=CARTESIAN_POINT('Origin',(-1.0000000596045,-42.7100711899125,-23.281));
#11677=CARTESIAN_POINT('',(-3.36086277885825,-48.25,-23.181));
#11678=CARTESIAN_POINT('',(-2.79021590669173,-48.25,-23.381));
#11679=CARTESIAN_POINT('Ctrl Pts',(-3.36086277885827,-48.25,-23.181));
#11680=CARTESIAN_POINT('Ctrl Pts',(-3.07072131784964,-48.25,-23.2947469542685));
#11681=CARTESIAN_POINT('Ctrl Pts',(-2.79021590669174,-48.25,-23.381));
#11682=CARTESIAN_POINT('',(-1.00000005960449,-48.5320711899125,-23.381));
#11683=CARTESIAN_POINT('Origin',(-1.0000000596045,-42.7100711899125,-23.381));
#11684=CARTESIAN_POINT('',(-1.00000005960449,-48.7320711899125,-23.181));
#11685=CARTESIAN_POINT('',(-1.00000005960449,-48.7320711899125,-23.181));
#11686=CARTESIAN_POINT('Origin',(-1.0000000596045,-42.7100711899125,-23.181));
#11687=CARTESIAN_POINT('Origin',(0.500000029802361,-48.6320711899125,-23.281));
#11688=CARTESIAN_POINT('',(1.00000005960465,-48.5320711899125,-23.381));
#11689=CARTESIAN_POINT('',(0.500000029802361,-48.5320711899125,-23.381));
#11690=CARTESIAN_POINT('',(1.00000005960465,-48.7320711899125,-23.181));
#11691=CARTESIAN_POINT('',(1.00000005960465,-48.7320711899125,-23.181));
#11692=CARTESIAN_POINT('',(0.500000029802361,-48.7320711899125,-23.181));
#11693=CARTESIAN_POINT('Origin',(1.00000005960465,-42.7100711899125,-22.781));
#11694=CARTESIAN_POINT('',(3.3608627788584,-48.25,-23.181));
#11695=CARTESIAN_POINT('',(3.3608627788584,-48.25,-23.381));
#11696=CARTESIAN_POINT('',(3.3608627788584,-48.25,-22.781));
#11697=CARTESIAN_POINT('',(1.00000005960465,-48.7320711899125,-23.381));
#11698=CARTESIAN_POINT('Origin',(1.00000005960465,-42.7100711899125,-23.381));
#11699=CARTESIAN_POINT('',(1.00000005960465,-48.7320711899125,-22.781));
#11700=CARTESIAN_POINT('Origin',(1.00000005960465,-42.7100711899125,-23.181));
#11701=CARTESIAN_POINT('Origin',(1.00000005960465,-48.7320711899125,-22.781));
#11702=CARTESIAN_POINT('',(-1.00000005960449,-48.7320711899125,-23.381));
#11703=CARTESIAN_POINT('',(1.00000005960465,-48.7320711899125,-23.381));
#11704=CARTESIAN_POINT('',(-1.00000005960449,-48.7320711899125,-22.781));
#11705=CARTESIAN_POINT('Origin',(-1.0000000596045,-42.7100711899125,-22.781));
#11706=CARTESIAN_POINT('',(-3.36086277885825,-48.25,-23.381));
#11707=CARTESIAN_POINT('',(-3.36086277885825,-48.25,-22.781));
#11708=CARTESIAN_POINT('Origin',(-1.0000000596045,-42.7100711899125,-23.381));
#11709=CARTESIAN_POINT('Origin',(7.54951656745106E-14,-31.4600711899125,
-23.381));
#11710=CARTESIAN_POINT('',(-4.2865993466714,-48.25,-23.381));
#11711=CARTESIAN_POINT('',(2.79021590669189,-48.25,-23.381));
#11712=CARTESIAN_POINT('',(-4.2865993466714,-48.25,-23.381));
#11713=CARTESIAN_POINT('Origin',(1.00000005960465,-42.7100711899125,-23.381));
#11714=CARTESIAN_POINT('Origin',(1.00000005960465,-42.7100711899125,-23.281));
#11715=CARTESIAN_POINT('Ctrl Pts',(2.79021590669189,-48.25,-23.381));
#11716=CARTESIAN_POINT('Ctrl Pts',(3.07072131784979,-48.25,-23.2947469542685));
#11717=CARTESIAN_POINT('Ctrl Pts',(3.36086277885842,-48.25,-23.181));
#11718=CARTESIAN_POINT('Origin',(8.57319869334289,-48.25,-23.031));
#11719=CARTESIAN_POINT('Origin',(8.57319869334289,-48.25,-23.031));
#11720=CARTESIAN_POINT('Origin',(-18.4498929544887,54.409,1.70529810951047));
#11721=CARTESIAN_POINT('',(-18.449890010597,46.1589749693082,1.70530105340214));
#11722=CARTESIAN_POINT('',(-18.4497588313011,45.4090001522912,1.70538583700952));
#11723=CARTESIAN_POINT('',(-18.4498929544887,49.909,1.70529810951047));
#11724=CARTESIAN_POINT('',(-18.4498929544887,45.409,1.70599834346529));
#11725=CARTESIAN_POINT('',(-9.28743879532725,45.409,-12.3173220676908));
#11726=CARTESIAN_POINT('',(-18.4498929544887,46.1584133410215,1.70599834346529));
#11727=CARTESIAN_POINT('',(-18.4498929544887,27.2045,1.70599834346534));
#11728=CARTESIAN_POINT('',(-18.4498929544887,45.4675044435643,2.53066461024239));
#11729=CARTESIAN_POINT('Origin',(-11.9355047427179,0.,-8.26440386422011));
#11730=UNCERTAINTY_MEASURE_WITH_UNIT(LENGTH_MEASURE(0.01),#11734,
'DISTANCE_ACCURACY_VALUE',
'Maximum model space distance between geometric entities at asserted c
onnectivities');
#11731=UNCERTAINTY_MEASURE_WITH_UNIT(LENGTH_MEASURE(0.01),#11734,
'DISTANCE_ACCURACY_VALUE',
'Maximum model space distance between geometric entities at asserted c
onnectivities');
#11732=(
GEOMETRIC_REPRESENTATION_CONTEXT(3)
GLOBAL_UNCERTAINTY_ASSIGNED_CONTEXT((#11730))
GLOBAL_UNIT_ASSIGNED_CONTEXT((#11734,#11736,#11737))
REPRESENTATION_CONTEXT('','3D')
);
#11733=(
GEOMETRIC_REPRESENTATION_CONTEXT(3)
GLOBAL_UNCERTAINTY_ASSIGNED_CONTEXT((#11731))
GLOBAL_UNIT_ASSIGNED_CONTEXT((#11734,#11736,#11737))
REPRESENTATION_CONTEXT('','3D')
);
#11734=(
LENGTH_UNIT()
NAMED_UNIT(*)
SI_UNIT(.MILLI.,.METRE.)
);
#11735=(
LENGTH_UNIT()
NAMED_UNIT(*)
SI_UNIT($,.METRE.)
);
#11736=(
NAMED_UNIT(*)
PLANE_ANGLE_UNIT()
SI_UNIT($,.RADIAN.)
);
#11737=(
NAMED_UNIT(*)
SI_UNIT($,.STERADIAN.)
SOLID_ANGLE_UNIT()
);
#11738=SHAPE_DEFINITION_REPRESENTATION(#11739,#11740);
#11739=PRODUCT_DEFINITION_SHAPE('',$,#11742);
#11740=SHAPE_REPRESENTATION('',(#6041),#11732);
#11741=PRODUCT_DEFINITION_CONTEXT('part definition',#11746,'design');
#11742=PRODUCT_DEFINITION('M12 Body One Piece',
'P-TET-000101 M12 Body One Piece v1',#11743,#11741);
#11743=PRODUCT_DEFINITION_FORMATION('',$,#11748);
#11744=PRODUCT_RELATED_PRODUCT_CATEGORY(
'P-TET-000101 M12 Body One Piece v1',
'P-TET-000101 M12 Body One Piece v1',(#11748));
#11745=APPLICATION_PROTOCOL_DEFINITION('international standard',
'automotive_design',2009,#11746);
#11746=APPLICATION_CONTEXT(
'Core Data for Automotive Mechanical Design Process');
#11747=PRODUCT_CONTEXT('part definition',#11746,'mechanical');
#11748=PRODUCT('M12 Body One Piece',
'P-TET-000101 M12 Body One Piece v1',$,(#11747));
#11749=PRESENTATION_STYLE_ASSIGNMENT((#11751));
#11750=PRESENTATION_STYLE_ASSIGNMENT((#11752));
#11751=SURFACE_STYLE_USAGE(.BOTH.,#11753);
#11752=SURFACE_STYLE_USAGE(.BOTH.,#11754);
#11753=SURFACE_SIDE_STYLE('',(#11755));
#11754=SURFACE_SIDE_STYLE('',(#11756));
#11755=SURFACE_STYLE_FILL_AREA(#11757);
#11756=SURFACE_STYLE_FILL_AREA(#11758);
#11757=FILL_AREA_STYLE('Steel - Satin',(#11759));
#11758=FILL_AREA_STYLE('Opaque(160,160,160)',(#11760));
#11759=FILL_AREA_STYLE_COLOUR('Steel - Satin',#11761);
#11760=FILL_AREA_STYLE_COLOUR('Opaque(160,160,160)',#11762);
#11761=COLOUR_RGB('Steel - Satin',0.627450980392157,0.627450980392157,0.627450980392157);
#11762=COLOUR_RGB('Opaque(160,160,160)',0.627450980392157,0.627450980392157,
0.627450980392157);
ENDSEC;
END-ISO-10303-21;
